{
"type": "FeatureCollection",
"name": "Louisville_Metro_Area_KY_TARC_Bus_Routes_",
"crs": { "type": "name", "properties": { "name": "urn:ogc:def:crs:OGC:1.3:CRS84" } },
"features": [
{ "type": "Feature", "properties": { "OBJECTID": 1, "ROUTE_NAME": "Second Street", "ROUTE_TYPE": "Local Route", "ROUTE_NUMBER": 2, "TARC_WEB": "https://www.ridetarc.org/bus_routes/second-street/", "SHAPELEN": 56338.798389309304 }, "geometry": { "type": "MultiLineString", "coordinates": [ [ [ -85.759134886271355, 38.251317291692551 ], [ -85.759093884628598, 38.251556289209091 ] ], [ [ -85.759093884628598, 38.251556289209091 ], [ -85.759053887676103, 38.251787292069167 ] ], [ [ -85.759053887676103, 38.251787292069167 ], [ -85.759044887325388, 38.25184629063174 ] ], [ [ -85.759044887325388, 38.25184629063174 ], [ -85.758984885616854, 38.252196291430465 ] ], [ [ -85.758984885616854, 38.252196291430465 ], [ -85.758793888630407, 38.253246291332857 ] ], [ [ -85.757464884882111, 38.246047288519904 ], [ -85.758324886736048, 38.246107291243703 ] ], [ [ -85.756773884889014, 38.245996290544184 ], [ -85.757464884882111, 38.246047288519904 ] ], [ [ -85.756683885901111, 38.24598629113521 ], [ -85.756773884889014, 38.245996290544184 ] ], [ [ -85.741134875690065, 38.18688727922946 ], [ -85.741023876050278, 38.186946278987158 ] ], [ [ -85.741023876050278, 38.186946278987158 ], [ -85.740843877613685, 38.187087278063913 ] ], [ [ -85.740843877613685, 38.187087278063913 ], [ -85.740433875371053, 38.187296280129047 ] ], [ [ -85.740433875371053, 38.187296280129047 ], [ -85.740234874878809, 38.187396280581837 ] ], [ [ -85.740234874878809, 38.187396280581837 ], [ -85.740153878271471, 38.187496280861019 ] ], [ [ -85.740153878271471, 38.187496280861019 ], [ -85.740033878187461, 38.187746278452558 ] ], [ [ -85.740033878187461, 38.187746278452558 ], [ -85.739994877365319, 38.187887277939481 ] ], [ [ -85.739994877365319, 38.187887277939481 ], [ -85.73992387536812, 38.187987280875099 ] ], [ [ -85.73992387536812, 38.187987280875099 ], [ -85.739784876650262, 38.188086280938172 ] ], [ [ -85.739784876650262, 38.188086280938172 ], [ -85.739554877141543, 38.188176280895853 ] ], [ [ -85.739554877141543, 38.188176280895853 ], [ -85.739414876604343, 38.18822727967499 ] ], [ [ -85.739414876604343, 38.18822727967499 ], [ -85.73900487876827, 38.188376278371003 ] ], [ [ -85.73900487876827, 38.188376278371003 ], [ -85.738554875329115, 38.18855627764227 ] ], [ [ -85.738554875329115, 38.18855627764227 ], [ -85.738434875788101, 38.188646279599389 ] ], [ [ -85.738434875788101, 38.188646279599389 ], [ -85.738334876014889, 38.188746280640927 ] ], [ [ -85.738334876014889, 38.188746280640927 ], [ -85.738244877672429, 38.188906279182952 ] ], [ [ -85.738244877672429, 38.188906279182952 ], [ -85.738183877020177, 38.189166281193828 ] ], [ [ -85.738183877020177, 38.189166281193828 ], [ -85.738204874629645, 38.18940727953477 ] ], [ [ -85.738204874629645, 38.18940727953477 ], [ -85.738213877561037, 38.189517280857963 ] ], [ [ -85.738213877561037, 38.189517280857963 ], [ -85.738223876244078, 38.189716279683417 ] ], [ [ -85.738223876244078, 38.189716279683417 ], [ -85.738233877478663, 38.189896280383657 ] ], [ [ -85.738233877478663, 38.189896280383657 ], [ -85.738284875398065, 38.190127280320368 ] ], [ [ -85.738284875398065, 38.190127280320368 ], [ -85.738434877007904, 38.19152628215415 ] ], [ [ -85.738434877007904, 38.19152628215415 ], [ -85.738543877948402, 38.192017280054962 ] ], [ [ -85.738543877948402, 38.192017280054962 ], [ -85.738914877338374, 38.193166280889734 ] ], [ [ -85.738914877338374, 38.193166280889734 ], [ -85.739104878997125, 38.193627280759593 ] ], [ [ -85.739104878997125, 38.193627280759593 ], [ -85.739184874828098, 38.193827281263268 ] ], [ [ -85.739353879120529, 38.193717280979442 ], [ -85.739184874828098, 38.193827281263268 ] ], [ [ -85.739544876588639, 38.193586281712875 ], [ -85.739353879120529, 38.193717280979442 ] ], [ [ -85.739514875899118, 38.193516281775487 ], [ -85.739544876588639, 38.193586281712875 ] ], [ [ -85.73932487528522, 38.192997278968242 ], [ -85.739514875899118, 38.193516281775487 ] ], [ [ -85.739123876564918, 38.192547281700634 ], [ -85.73932487528522, 38.192997278968242 ] ], [ [ -85.739083876787731, 38.192356280135797 ], [ -85.739123876564918, 38.192547281700634 ] ], [ [ -85.73905487749343, 38.192007279661205 ], [ -85.739083876787731, 38.192356280135797 ] ], [ [ -85.739094875987931, 38.191706280881554 ], [ -85.73905487749343, 38.192007279661205 ] ], [ [ -85.739194874800887, 38.191416281203871 ], [ -85.739094875987931, 38.191706280881554 ] ], [ [ -85.739533876034614, 38.190857281669146 ], [ -85.739194874800887, 38.191416281203871 ] ], [ [ -85.739923876344719, 38.190417279454387 ], [ -85.739533876034614, 38.190857281669146 ] ], [ [ -85.740293874912851, 38.190006279058565 ], [ -85.739923876344719, 38.190417279454387 ] ], [ [ -85.740494877793438, 38.189767279251669 ], [ -85.740293874912851, 38.190006279058565 ] ], [ [ -85.7405448760192, 38.189716278835959 ], [ -85.740494877793438, 38.189767279251669 ] ], [ [ -85.740653878110592, 38.189616281042966 ], [ -85.7405448760192, 38.189716278835959 ] ], [ [ -85.740703878555493, 38.189556279260103 ], [ -85.740653878110592, 38.189616281042966 ] ], [ [ -85.740913878663164, 38.189366279363512 ], [ -85.740703878555493, 38.189556279260103 ] ], [ [ -85.741084879565037, 38.189256278318105 ], [ -85.740913878663164, 38.189366279363512 ] ], [ [ -85.741304878084861, 38.189147281498329 ], [ -85.741084879565037, 38.189256278318105 ] ], [ [ -85.741463878526673, 38.189096281359205 ], [ -85.741304878084861, 38.189147281498329 ] ], [ [ -85.741743878251981, 38.189006280437383 ], [ -85.741463878526673, 38.189096281359205 ] ], [ [ -85.741993878784399, 38.18894727770963 ], [ -85.741743878251981, 38.189006280437383 ] ], [ [ -85.742164877301491, 38.188926278479478 ], [ -85.741993878784399, 38.18894727770963 ] ], [ [ -85.743464878113272, 38.188887278260111 ], [ -85.742164877301491, 38.188926278479478 ] ], [ [ -85.743883878393419, 38.18883628029625 ], [ -85.743464878113272, 38.188887278260111 ] ], [ [ -85.744083877233436, 38.188777278080224 ], [ -85.743883878393419, 38.18883628029625 ] ], [ [ -85.744314879188977, 38.188697280618179 ], [ -85.744083877233436, 38.188777278080224 ] ], [ [ -85.744873879649774, 38.188437278331442 ], [ -85.744314879188977, 38.188697280618179 ] ], [ [ -85.745163877468684, 38.188306278260129 ], [ -85.744873879649774, 38.188437278331442 ] ], [ [ -85.74537387975883, 38.188216279691055 ], [ -85.745163877468684, 38.188306278260129 ] ], [ [ -85.745674876705621, 38.188077279275639 ], [ -85.74537387975883, 38.188216279691055 ] ], [ [ -85.746193878864531, 38.187797278010912 ], [ -85.745674876705621, 38.188077279275639 ] ], [ [ -85.74634487747565, 38.187687278390356 ], [ -85.746193878864531, 38.187797278010912 ] ], [ [ -85.7464248785124, 38.187617280437351 ], [ -85.74634487747565, 38.187687278390356 ] ], [ [ -85.74648487984561, 38.187517277185719 ], [ -85.7464248785124, 38.187617280437351 ] ], [ [ -85.746524878816302, 38.187427280101971 ], [ -85.74648487984561, 38.187517277185719 ] ], [ [ -85.746553877507921, 38.18724728084959 ], [ -85.746524878816302, 38.187427280101971 ] ], [ [ -85.746524879971446, 38.186946278141058 ], [ -85.746553877507921, 38.18724728084959 ] ], [ [ -85.74589487825817, 38.186036277470293 ], [ -85.746524879971446, 38.186946278141058 ] ], [ [ -85.745703877814321, 38.185977278986179 ], [ -85.74589487825817, 38.186036277470293 ] ], [ [ -85.745624876278669, 38.185956279346335 ], [ -85.745703877814321, 38.185977278986179 ] ], [ [ -85.745624876278669, 38.185956279346335 ], [ -85.745454878665015, 38.185887278748645 ] ], [ [ -85.745454878665015, 38.185887278748645 ], [ -85.745306876158864, 38.18587427977458 ] ], [ [ -85.745306876158864, 38.18587427977458 ], [ -85.745153877129653, 38.185897277652892 ] ], [ [ -85.745153877129653, 38.185897277652892 ], [ -85.745023875533107, 38.18592628019811 ] ], [ [ -85.745023875533107, 38.18592628019811 ], [ -85.744783875819181, 38.186046278845033 ] ], [ [ -85.744783875819181, 38.186046278845033 ], [ -85.74452387709384, 38.186136278278362 ] ], [ [ -85.74452387709384, 38.186136278278362 ], [ -85.744343875907632, 38.18617728018156 ] ], [ [ -85.744343875907632, 38.18617728018156 ], [ -85.744054876795659, 38.18620627855438 ] ], [ [ -85.744054876795659, 38.18620627855438 ], [ -85.743774877590297, 38.186187277783596 ] ], [ [ -85.743774877590297, 38.186187277783596 ], [ -85.743583877613119, 38.18613627811844 ] ], [ [ -85.743583877613119, 38.18613627811844 ], [ -85.743173877511097, 38.18611627930278 ] ], [ [ -85.743173877511097, 38.18611627930278 ], [ -85.74299387731547, 38.186116279022066 ] ], [ [ -85.74299387731547, 38.186116279022066 ], [ -85.742834875034944, 38.18614627840865 ] ], [ [ -85.742834875034944, 38.18614627840865 ], [ -85.742323877425278, 38.186367279923374 ] ], [ [ -85.742323877425278, 38.186367279923374 ], [ -85.741134875690065, 38.18688727922946 ] ], [ [ -85.739933879564092, 38.193336280244395 ], [ -85.739544876588639, 38.193586281712875 ] ], [ [ -85.741603878068688, 38.192256281593799 ], [ -85.739933879564092, 38.193336280244395 ] ], [ [ -85.74200387547117, 38.192046281156216 ], [ -85.741603878068688, 38.192256281593799 ] ], [ [ -85.742053877749726, 38.192017278579655 ], [ -85.74200387547117, 38.192046281156216 ] ], [ [ -85.742654879052822, 38.191696278487932 ], [ -85.742053877749726, 38.192017278579655 ] ], [ [ -85.743213878127875, 38.191407279373543 ], [ -85.742654879052822, 38.191696278487932 ] ], [ [ -85.743244878382626, 38.191397280649412 ], [ -85.743213878127875, 38.191407279373543 ] ], [ [ -85.74453387746874, 38.190806280352824 ], [ -85.743244878382626, 38.191397280649412 ] ], [ [ -85.745944880328636, 38.190166278349921 ], [ -85.74453387746874, 38.190806280352824 ] ], [ [ -85.746233878907205, 38.190057280187759 ], [ -85.745944880328636, 38.190166278349921 ] ], [ [ -85.74645387888323, 38.190006280661244 ], [ -85.746233878907205, 38.190057280187759 ] ], [ [ -85.74645387888323, 38.190006280661244 ], [ -85.746643878727525, 38.189996281089584 ] ], [ [ -85.746643878727525, 38.189996281089584 ], [ -85.747604876685102, 38.190076278325058 ] ], [ [ -85.747604876685102, 38.190076278325058 ], [ -85.74782488113847, 38.190127280331275 ] ], [ [ -85.74782488113847, 38.190127280331275 ], [ -85.748374879399563, 38.190336280990124 ] ], [ [ -85.748374879399563, 38.190336280990124 ], [ -85.748623878085013, 38.190497279579311 ] ], [ [ -85.748623878085013, 38.190497279579311 ], [ -85.748874879167118, 38.190677280949437 ] ], [ [ -85.748874879167118, 38.190677280949437 ], [ -85.749033881467568, 38.19081627915704 ] ], [ [ -85.749033881467568, 38.19081627915704 ], [ -85.74918488076959, 38.190986280244566 ] ], [ [ -85.74918488076959, 38.190986280244566 ], [ -85.749383877637584, 38.191256278282765 ] ], [ [ -85.749383877637584, 38.191256278282765 ], [ -85.749573881296385, 38.191467279038271 ] ], [ [ -85.749573881296385, 38.191467279038271 ], [ -85.749923880987595, 38.191726279421012 ] ], [ [ -85.749923880987595, 38.191726279421012 ], [ -85.750124882172159, 38.191966280539532 ] ], [ [ -85.750124882172159, 38.191966280539532 ], [ -85.750293879051071, 38.192166279721434 ] ], [ [ -85.750293879051071, 38.192166279721434 ], [ -85.750394879740753, 38.192236280775319 ] ], [ [ -85.750394879740753, 38.192236280775319 ], [ -85.750500879286349, 38.192266278146597 ] ], [ [ -85.750500879286349, 38.192266278146597 ], [ -85.750944879508026, 38.192287280256622 ] ], [ [ -85.750944879508026, 38.192287280256622 ], [ -85.750944879998301, 38.192706279246266 ] ], [ [ -85.750944879998301, 38.192706279246266 ], [ -85.750944878921814, 38.193166278353161 ] ], [ [ -85.750944878921814, 38.193166278353161 ], [ -85.750934878975514, 38.194036280123676 ] ], [ [ -85.750934878975514, 38.194036280123676 ], [ -85.750903882277143, 38.194897279385785 ] ], [ [ -85.750903882277143, 38.194897279385785 ], [ -85.750873881791463, 38.196726280774079 ] ], [ [ -85.750873881791463, 38.196726280774079 ], [ -85.750863878988866, 38.197206281869228 ] ], [ [ -85.750863878988866, 38.197206281869228 ], [ -85.750863881682264, 38.197587280972506 ] ], [ [ -85.750863881682264, 38.197587280972506 ], [ -85.75082388065978, 38.199927282639017 ] ], [ [ -85.75082388065978, 38.199927282639017 ], [ -85.750794879691227, 38.201536281486916 ] ], [ [ -85.750794879691227, 38.201536281486916 ], [ -85.750754881040393, 38.202496282807516 ] ], [ [ -85.750754881040393, 38.202496282807516 ], [ -85.750733881066793, 38.202946280036151 ] ], [ [ -85.750733881066793, 38.202946280036151 ], [ -85.750733880552616, 38.203357283215581 ] ], [ [ -85.750733880552616, 38.203357283215581 ], [ -85.750743878916481, 38.204126282775341 ] ], [ [ -85.750743878916481, 38.204126282775341 ], [ -85.750764881493467, 38.205036280852113 ] ], [ [ -85.750764881493467, 38.205036280852113 ], [ -85.75079488219373, 38.205456283953836 ] ], [ [ -85.75079488219373, 38.205456283953836 ], [ -85.750903881149497, 38.206396284073683 ] ], [ [ -85.750903881149497, 38.206396284073683 ], [ -85.75090387970333, 38.206777282916086 ] ], [ [ -85.75090387970333, 38.206777282916086 ], [ -85.750923879269422, 38.206936281607547 ] ], [ [ -85.750923879269422, 38.206936281607547 ], [ -85.750974880816244, 38.207346282061458 ] ], [ [ -85.750974880816244, 38.207346282061458 ], [ -85.75099388217518, 38.207507281267652 ] ], [ [ -85.75099388217518, 38.207507281267652 ], [ -85.751013881251168, 38.207857283987238 ] ], [ [ -85.751013881251168, 38.207857283987238 ], [ -85.751034880132295, 38.20819628144114 ] ], [ [ -85.751034880132295, 38.20819628144114 ], [ -85.751074882538745, 38.20866728310498 ] ], [ [ -85.751074882538745, 38.20866728310498 ], [ -85.751154883779947, 38.209816284652071 ] ], [ [ -85.751154883779947, 38.209816284652071 ], [ -85.751244881369132, 38.211017283816268 ] ], [ [ -85.751244881369132, 38.211017283816268 ], [ -85.751244882979478, 38.211087282203174 ] ], [ [ -85.751244882979478, 38.211087282203174 ], [ -85.751273879874901, 38.211606284389049 ] ], [ [ -85.751273879874901, 38.211606284389049 ], [ -85.751744880284946, 38.21168628355727 ] ], [ [ -85.751744880284946, 38.21168628355727 ], [ -85.752163882730187, 38.211846282695284 ] ], [ [ -85.752163882730187, 38.211846282695284 ], [ -85.752343882427382, 38.211946282598063 ] ], [ [ -85.752343882427382, 38.211946282598063 ], [ -85.752604881212633, 38.212156282672126 ] ], [ [ -85.752604881212633, 38.212156282672126 ], [ -85.75275388436134, 38.212277282264743 ] ], [ [ -85.75275388436134, 38.212277282264743 ], [ -85.752903879928297, 38.212386284368591 ] ], [ [ -85.752903879928297, 38.212386284368591 ], [ -85.753173882383223, 38.212606284264254 ] ], [ [ -85.753173882383223, 38.212606284264254 ], [ -85.753533881523893, 38.212817283451308 ] ], [ [ -85.753533881523893, 38.212817283451308 ], [ -85.753713881237417, 38.212876284661554 ] ], [ [ -85.753713881237417, 38.212876284661554 ], [ -85.754203881256558, 38.213026285187333 ] ], [ [ -85.754203881256558, 38.213026285187333 ], [ -85.754354883558179, 38.213046282823761 ] ], [ [ -85.754354883558179, 38.213046282823761 ], [ -85.75451388232463, 38.213067282619065 ] ], [ [ -85.75451388232463, 38.213067282619065 ], [ -85.754653880870407, 38.21308728437829 ] ], [ [ -85.754653880870407, 38.21308728437829 ], [ -85.755363881274633, 38.213167284660202 ] ], [ [ -85.755363881274633, 38.213167284660202 ], [ -85.756453885521807, 38.213286284908826 ] ], [ [ -85.756453885521807, 38.213286284908826 ], [ -85.757374883355425, 38.213386282976899 ] ], [ [ -85.757374883355425, 38.213386282976899 ], [ -85.758134885128371, 38.21345728207028 ] ], [ [ -85.758134885128371, 38.21345728207028 ], [ -85.758303884168598, 38.213457281867655 ] ], [ [ -85.758303884168598, 38.213457281867655 ], [ -85.759093884349127, 38.213427283596481 ] ], [ [ -85.759093884349127, 38.213427283596481 ], [ -85.759174884361045, 38.213437283721866 ] ], [ [ -85.759174884361045, 38.213437283721866 ], [ -85.759373883472094, 38.213447282301559 ] ], [ [ -85.759373883472094, 38.213447282301559 ], [ -85.759513885337654, 38.21345728480614 ] ], [ [ -85.759513885337654, 38.21345728480614 ], [ -85.759603884579477, 38.213466282549639 ] ], [ [ -85.759603884579477, 38.213466282549639 ], [ -85.759863885014397, 38.213496281517024 ] ], [ [ -85.759863885014397, 38.213496281517024 ], [ -85.760133884764713, 38.213517283154481 ] ], [ [ -85.760133884764713, 38.213517283154481 ], [ -85.760193886305203, 38.21352728302665 ] ], [ [ -85.760193886305203, 38.21352728302665 ], [ -85.760413883608237, 38.213547283086584 ] ], [ [ -85.760413883608237, 38.213547283086584 ], [ -85.760614884791423, 38.213566282394339 ] ], [ [ -85.760614884791423, 38.213566282394339 ], [ -85.760773883353124, 38.213586285004347 ] ], [ [ -85.760773883353124, 38.213586285004347 ], [ -85.760893883308327, 38.213596283826497 ] ], [ [ -85.760893883308327, 38.213596283826497 ], [ -85.761024885562804, 38.213617283566251 ] ], [ [ -85.761024885562804, 38.213617283566251 ], [ -85.761543884952957, 38.213676285160588 ] ], [ [ -85.761543884952957, 38.213676285160588 ], [ -85.761914883818818, 38.213717283327554 ] ], [ [ -85.761914883818818, 38.213717283327554 ], [ -85.76218488617377, 38.213746282489232 ] ], [ [ -85.76218488617377, 38.213746282489232 ], [ -85.762224886576618, 38.21374628267435 ] ], [ [ -85.762224886576618, 38.21374628267435 ], [ -85.76232488472364, 38.213756285110819 ] ], [ [ -85.76232488472364, 38.213756285110819 ], [ -85.762303887031123, 38.213907282276679 ] ], [ [ -85.762303887031123, 38.213907282276679 ], [ -85.762234883796594, 38.214347282226861 ] ], [ [ -85.762234883796594, 38.214347282226861 ], [ -85.762213884869908, 38.214476284257977 ] ], [ [ -85.762213884869908, 38.214476284257977 ], [ -85.762173884909046, 38.214756285004633 ] ], [ [ -85.762173884909046, 38.214756285004633 ], [ -85.762144884556477, 38.214967284470731 ] ], [ [ -85.762144884556477, 38.214967284470731 ], [ -85.762104884059539, 38.21524728518078 ] ], [ [ -85.762104884059539, 38.21524728518078 ], [ -85.762073884378026, 38.215446284775069 ] ], [ [ -85.762073884378026, 38.215446284775069 ], [ -85.762063887193051, 38.215476284652148 ] ], [ [ -85.762063887193051, 38.215476284652148 ], [ -85.76201488587995, 38.215767284453221 ] ], [ [ -85.76201488587995, 38.215767284453221 ], [ -85.761893883855805, 38.21645628578537 ] ], [ [ -85.761893883855805, 38.21645628578537 ], [ -85.761874886141115, 38.216607284374817 ] ], [ [ -85.761874886141115, 38.216607284374817 ], [ -85.761803885362738, 38.216996281919954 ] ], [ [ -85.761803885362738, 38.216996281919954 ], [ -85.761774887270349, 38.217166284526463 ] ], [ [ -85.761774887270349, 38.217166284526463 ], [ -85.761694884568527, 38.217667282851068 ] ], [ [ -85.761694884568527, 38.217667282851068 ], [ -85.761583884396373, 38.218297285374433 ] ], [ [ -85.761583884396373, 38.218297285374433 ], [ -85.761483884645656, 38.2186472852515 ] ], [ [ -85.761483884645656, 38.2186472852515 ], [ -85.76145388498233, 38.218757285326696 ] ], [ [ -85.76145388498233, 38.218757285326696 ], [ -85.761363883610073, 38.218966283244882 ] ], [ [ -85.761363883610073, 38.218966283244882 ], [ -85.761234884375668, 38.219156283171039 ] ], [ [ -85.761234884375668, 38.219156283171039 ], [ -85.761194885282293, 38.219197286113349 ] ], [ [ -85.761194885282293, 38.219197286113349 ], [ -85.761083884168684, 38.219336285951307 ] ], [ [ -85.761083884168684, 38.219336285951307 ], [ -85.761043884819628, 38.219377285409138 ] ], [ [ -85.761043884819628, 38.219377285409138 ], [ -85.760654884240836, 38.219716283661285 ] ], [ [ -85.760654884240836, 38.219716283661285 ], [ -85.7605338834653, 38.219817285667361 ] ], [ [ -85.7605338834653, 38.219817285667361 ], [ -85.760344885307603, 38.219976285213875 ] ], [ [ -85.760344885307603, 38.219976285213875 ], [ -85.760164884364414, 38.220136283770941 ] ], [ [ -85.760164884364414, 38.220136283770941 ], [ -85.75981288349351, 38.22043328542982 ] ], [ [ -85.75981288349351, 38.22043328542982 ], [ -85.759614885664163, 38.220727285326362 ] ], [ [ -85.759614885664163, 38.220727285326362 ], [ -85.759453887341763, 38.221066286571727 ] ], [ [ -85.759453887341763, 38.221066286571727 ], [ -85.759314884392765, 38.221746285919707 ] ], [ [ -85.759314884392765, 38.221746285919707 ], [ -85.759074887011465, 38.223036285073704 ] ], [ [ -85.759074887011465, 38.223036285073704 ], [ -85.759063885691049, 38.223067286320024 ] ], [ [ -85.759063885691049, 38.223067286320024 ], [ -85.758944883128819, 38.22379728526753 ] ], [ [ -85.758944883128819, 38.22379728526753 ], [ -85.758843885763497, 38.22435628470938 ] ], [ [ -85.758843885763497, 38.22435628470938 ], [ -85.758753884058891, 38.224836286424733 ] ], [ [ -85.758753884058891, 38.224836286424733 ], [ -85.758634887058165, 38.225677286661089 ] ], [ [ -85.758634887058165, 38.225677286661089 ], [ -85.758354884380509, 38.226957285244701 ] ], [ [ -85.758354884380509, 38.226957285244701 ], [ -85.758063885743667, 38.228786285627201 ] ], [ [ -85.758063885743667, 38.228786285627201 ], [ -85.757833885743324, 38.230156287561798 ] ], [ [ -85.757833885743324, 38.230156287561798 ], [ -85.757533882644225, 38.231877287336161 ] ], [ [ -85.757533882644225, 38.231877287336161 ], [ -85.757414884907618, 38.232547288991952 ] ], [ [ -85.757414884907618, 38.232547288991952 ], [ -85.757163886314885, 38.234016288754731 ] ], [ [ -85.757163886314885, 38.234016288754731 ], [ -85.75704388632937, 38.234736286823527 ] ], [ [ -85.75704388632937, 38.234736286823527 ], [ -85.756794885944856, 38.236066285899675 ] ], [ [ -85.756794885944856, 38.236066285899675 ], [ -85.756604883661723, 38.23708628770035 ] ], [ [ -85.756604883661723, 38.23708628770035 ], [ -85.756353885023003, 38.238596288046089 ] ], [ [ -85.756353885023003, 38.238596288046089 ], [ -85.755844883749489, 38.241527290770094 ] ], [ [ -85.755844883749489, 38.241527290770094 ], [ -85.755834885736292, 38.241556287540639 ] ], [ [ -85.755834885736292, 38.241556287540639 ], [ -85.755524883125304, 38.243317288697412 ] ], [ [ -85.755524883125304, 38.243317288697412 ], [ -85.755413883824303, 38.243836287796498 ] ], [ [ -85.755413883824303, 38.243836287796498 ], [ -85.75527388398126, 38.244597290047018 ] ], [ [ -85.75527388398126, 38.244597290047018 ], [ -85.755183885947247, 38.245056287893277 ] ], [ [ -85.755183885947247, 38.245056287893277 ], [ -85.755024883796224, 38.245876289849321 ] ], [ [ -85.755024883796224, 38.245876289849321 ], [ -85.756683885901111, 38.24598629113521 ] ], [ [ -85.758324886736048, 38.246107291243703 ], [ -85.76001388755806, 38.246236288514183 ] ], [ [ -85.76001388755806, 38.246236288514183 ], [ -85.75995388661083, 38.24662629110032 ] ], [ [ -85.75995388661083, 38.24662629110032 ], [ -85.75973388692907, 38.247987290501193 ] ], [ [ -85.75973388692907, 38.247987290501193 ], [ -85.759543885522845, 38.249136289779997 ] ], [ [ -85.759543885522845, 38.249136289779997 ], [ -85.759354885607323, 38.250177291553037 ] ], [ [ -85.759354885607323, 38.250177291553037 ], [ -85.759134886271355, 38.251317291692551 ] ], [ [ -85.758793888630407, 38.253246291332857 ], [ -85.758674886954935, 38.254076289415003 ] ], [ [ -85.758674886954935, 38.254076289415003 ], [ -85.75864388464835, 38.254256292414325 ] ], [ [ -85.75864388464835, 38.254256292414325 ], [ -85.75861388491397, 38.254417291276866 ] ], [ [ -85.75861388491397, 38.254417291276866 ], [ -85.758584885531931, 38.254557291479735 ] ], [ [ -85.758584885531931, 38.254557291479735 ], [ -85.758553887462753, 38.254706291262451 ] ], [ [ -85.758553887462753, 38.254706291262451 ], [ -85.758404886566169, 38.255446293199633 ] ], [ [ -85.758293887778834, 38.255426291223451 ], [ -85.758404886566169, 38.255446293199633 ] ], [ [ -85.758013885479855, 38.255387289932258 ], [ -85.758293887778834, 38.255426291223451 ] ], [ [ -85.756805884126919, 38.255226292341206 ], [ -85.758013885479855, 38.255387289932258 ] ], [ [ -85.755643884709443, 38.255107292409178 ], [ -85.756805884126919, 38.255226292341206 ] ], [ [ -85.755164883614185, 38.255056290271767 ], [ -85.755643884709443, 38.255107292409178 ] ], [ [ -85.754214884331418, 38.25494729053478 ], [ -85.755164883614185, 38.255056290271767 ] ], [ [ -85.753833883991533, 38.254906291198211 ], [ -85.754214884331418, 38.25494729053478 ] ], [ [ -85.753544884544667, 38.254886290125064 ], [ -85.753833883991533, 38.254906291198211 ] ], [ [ -85.752154885988119, 38.254737292397095 ], [ -85.753544884544667, 38.254886290125064 ] ], [ [ -85.751823887255654, 38.254706292484727 ], [ -85.752154885988119, 38.254737292397095 ] ], [ [ -85.751934885846055, 38.253986291091692 ], [ -85.751823887255654, 38.254706292484727 ] ], [ [ -85.752054884515957, 38.253327290809345 ], [ -85.751934885846055, 38.253986291091692 ] ], [ [ -85.752223884225998, 38.252507292606808 ], [ -85.752054884515957, 38.253327290809345 ] ], [ [ -85.75228488318082, 38.252026291283315 ], [ -85.752223884225998, 38.252507292606808 ] ], [ [ -85.752343887122294, 38.251646289330893 ], [ -85.75228488318082, 38.252026291283315 ] ], [ [ -85.752443886776092, 38.251036290308249 ], [ -85.752343887122294, 38.251646289330893 ] ], [ [ -85.752474883389795, 38.250846288921196 ], [ -85.752443886776092, 38.251036290308249 ] ], [ [ -85.752493885072681, 38.250746292816842 ], [ -85.752474883389795, 38.250846288921196 ] ], [ [ -85.752514883492978, 38.250627290157986 ], [ -85.752493885072681, 38.250746292816842 ] ], [ [ -85.752554886668122, 38.250417289133914 ], [ -85.752514883492978, 38.250627290157986 ] ], [ [ -85.752604882829345, 38.250116288940049 ], [ -85.752554886668122, 38.250417289133914 ] ], [ [ -85.752824883293329, 38.248856289178356 ], [ -85.752604882829345, 38.250116288940049 ] ], [ [ -85.752903886248362, 38.248406292130255 ], [ -85.752824883293329, 38.248856289178356 ] ], [ [ -85.753123885050314, 38.247146291467907 ], [ -85.752903886248362, 38.248406292130255 ] ], [ [ -85.753163884934949, 38.246956290615579 ], [ -85.753123885050314, 38.247146291467907 ] ], [ [ -85.753253882166689, 38.246467290493818 ], [ -85.753163884934949, 38.246956290615579 ] ], [ [ -85.75327488396303, 38.24636728903986 ], [ -85.753253882166689, 38.246467290493818 ] ], [ [ -85.753404885706175, 38.245726290690818 ], [ -85.75327488396303, 38.24636728903986 ] ], [ [ -85.753634883370182, 38.244397291012774 ], [ -85.753404885706175, 38.245726290690818 ] ], [ [ -85.753653884483356, 38.244237289777047 ], [ -85.753634883370182, 38.244397291012774 ] ], [ [ -85.753843883310395, 38.243166287301946 ], [ -85.753653884483356, 38.244237289777047 ] ], [ [ -85.753843883615033, 38.243137289016573 ], [ -85.753843883310395, 38.243166287301946 ] ], [ [ -85.754143884139097, 38.241376287753567 ], [ -85.753843883615033, 38.243137289016573 ] ], [ [ -85.754143882476683, 38.241357289725045 ], [ -85.754143884139097, 38.241376287753567 ] ], [ [ -85.754343882390614, 38.240257289266026 ], [ -85.754143882476683, 38.241357289725045 ] ], [ [ -85.75440488279952, 38.239946289978619 ], [ -85.754343882390614, 38.240257289266026 ] ], [ [ -85.754397886027533, 38.2399232899662 ], [ -85.75440488279952, 38.239946289978619 ] ], [ [ -85.754674885885976, 38.238416289548098 ], [ -85.754397886027533, 38.2399232899662 ] ], [ [ -85.754953883940615, 38.236906289387782 ], [ -85.754674885885976, 38.238416289548098 ] ], [ [ -85.755174885385529, 38.235577287415261 ], [ -85.754953883940615, 38.236906289387782 ] ], [ [ -85.755344884650484, 38.234597289396874 ], [ -85.755174885385529, 38.235577287415261 ] ], [ [ -85.75570488510067, 38.232406286939373 ], [ -85.755344884650484, 38.234597289396874 ] ], [ [ -85.755804885678756, 38.231856288057827 ], [ -85.75570488510067, 38.232406286939373 ] ], [ [ -85.755813882878684, 38.231817286735762 ], [ -85.755804885678756, 38.231856288057827 ] ], [ [ -85.756194883733357, 38.229606285083598 ], [ -85.755813882878684, 38.231817286735762 ] ], [ [ -85.75636388480406, 38.228626287219555 ], [ -85.756194883733357, 38.229606285083598 ] ], [ [ -85.75638488519084, 38.228446286312447 ], [ -85.75636388480406, 38.228626287219555 ] ], [ [ -85.75665488334441, 38.226996287443434 ], [ -85.75638488519084, 38.228446286312447 ] ], [ [ -85.75670488262773, 38.226796285883424 ], [ -85.75665488334441, 38.226996287443434 ] ], [ [ -85.756893883414691, 38.22573628753603 ], [ -85.75670488262773, 38.226796285883424 ] ], [ [ -85.756903884074845, 38.225706284699257 ], [ -85.756893883414691, 38.22573628753603 ] ], [ [ -85.756964885334824, 38.22548728707217 ], [ -85.756903884074845, 38.225706284699257 ] ], [ [ -85.756964885334824, 38.22548728707217 ], [ -85.757784882773336, 38.225566286821937 ] ], [ [ -85.757784882773336, 38.225566286821937 ], [ -85.758634887058165, 38.225677286661089 ] ], [ [ -85.758634887058165, 38.225677286661089 ], [ -85.760263883291998, 38.225847284315229 ] ], [ [ -85.760493885344403, 38.224517284151581 ], [ -85.760263883291998, 38.225847284315229 ] ], [ [ -85.76074488735479, 38.223216284517882 ], [ -85.760493885344403, 38.224517284151581 ] ], [ [ -85.760863885848124, 38.222466286395772 ], [ -85.76074488735479, 38.223216284517882 ] ], [ [ -85.76095388574457, 38.22190728302008 ], [ -85.760863885848124, 38.222466286395772 ] ], [ [ -85.760974886411418, 38.221817283424279 ], [ -85.76095388574457, 38.22190728302008 ] ], [ [ -85.761163886003516, 38.220807284918017 ], [ -85.760974886411418, 38.221817283424279 ] ], [ [ -85.761204885375435, 38.220586284766377 ], [ -85.761163886003516, 38.220807284918017 ] ], [ [ -85.761284884866768, 38.220177284055524 ], [ -85.761204885375435, 38.220586284766377 ] ], [ [ -85.761303884713172, 38.220076283542397 ], [ -85.761284884866768, 38.220177284055524 ] ], [ [ -85.761324883572115, 38.219946286222054 ], [ -85.761303884713172, 38.220076283542397 ] ], [ [ -85.761384886576607, 38.219637286098283 ], [ -85.761324883572115, 38.219946286222054 ] ], [ [ -85.761433885094533, 38.219377283155509 ], [ -85.761384886576607, 38.219637286098283 ] ], [ [ -85.761443883007715, 38.219297285411194 ], [ -85.761433885094533, 38.219377283155509 ] ], [ [ -85.761464885889296, 38.219226283774695 ], [ -85.761443883007715, 38.219297285411194 ] ], [ [ -85.761573884662809, 38.21892728451018 ], [ -85.761464885889296, 38.219226283774695 ] ], [ [ -85.761583884396373, 38.218297285374433 ], [ -85.761573884662809, 38.21892728451018 ] ] ] } },
{ "type": "Feature", "properties": { "OBJECTID": 2, "ROUTE_NAME": "Fourth Street", "ROUTE_TYPE": "High Frequency", "ROUTE_NUMBER": 4, "TARC_WEB": "https://www.ridetarc.org/bus_routes/fourth-street/", "SHAPELEN": 99620.8002929301 }, "geometry": { "type": "MultiLineString", "coordinates": [ [ [ -85.76001388755806, 38.246236288514183 ], [ -85.75995388661083, 38.24662629110032 ], [ -85.75973388692907, 38.247987290501193 ], [ -85.759543885522845, 38.249136289779997 ], [ -85.759354885607323, 38.250177291553037 ], [ -85.759134886271355, 38.251317291692551 ], [ -85.759093884628598, 38.251556289209091 ], [ -85.759053887676103, 38.251787292069167 ], [ -85.759044887325388, 38.25184629063174 ], [ -85.758984885616854, 38.252196291430465 ], [ -85.758793888630407, 38.253246291332857 ], [ -85.758674886954935, 38.254076289415003 ], [ -85.75864388464835, 38.254256292414325 ], [ -85.75861388491397, 38.254417291276866 ], [ -85.758584885531931, 38.254557291479735 ], [ -85.758553887462753, 38.254706291262451 ], [ -85.758404886566169, 38.255446293199633 ], [ -85.758293887778834, 38.255426291223451 ], [ -85.758013885479855, 38.255387289932258 ], [ -85.756805884126919, 38.255226292341206 ], [ -85.756554884407493, 38.256616290239322 ], [ -85.756943888520055, 38.256666292086585 ], [ -85.757424885507206, 38.256727292438704 ], [ -85.757583886063657, 38.256747290190184 ], [ -85.757743886185565, 38.256756292766269 ], [ -85.757814885856774, 38.256766293052713 ], [ -85.757954886849518, 38.256786291833059 ], [ -85.758174887257837, 38.256807293229336 ], [ -85.758364886982363, 38.256827291298407 ], [ -85.759854886059884, 38.256966292646148 ], [ -85.761483886408357, 38.257136292094025 ], [ -85.761514889679304, 38.257136292540409 ], [ -85.761663887392388, 38.257156290623492 ], [ -85.76315388951862, 38.257316290679725 ], [ -85.763394889660759, 38.255956290670781 ], [ -85.761734886277551, 38.255786290297443 ], [ -85.761703887935454, 38.255786289853148 ], [ -85.760074887844155, 38.25560629016347 ], [ -85.760204886228152, 38.254906292234153 ], [ -85.760223887424488, 38.254716292680861 ], [ -85.760244887369112, 38.254606289755912 ], [ -85.760273887667879, 38.254417290336981 ], [ -85.760313888974864, 38.25419728969846 ], [ -85.76036388558812, 38.253937292721908 ], [ -85.760394887919489, 38.253757292635754 ], [ -85.760413886699524, 38.253636292280142 ], [ -85.760453888568321, 38.253446292268315 ], [ -85.760533885395319, 38.2529962906099 ], [ -85.7605648888307, 38.252796289959932 ], [ -85.760813886962438, 38.251497291598774 ], [ -85.761183886995582, 38.249326290312908 ], [ -85.761204887476197, 38.249226290782623 ], [ -85.761273885650368, 38.24884629156977 ], [ -85.761393887056542, 38.248187290396594 ], [ -85.761654885121331, 38.246716289658067 ], [ -85.761721885225896, 38.246331290012392 ], [ -85.761123889036369, 38.246297291334756 ], [ -85.7607738853402, 38.246287291401316 ], [ -85.760463888897434, 38.246266288679692 ], [ -85.76001388755806, 38.246236288514183 ] ], [ [ -85.765583886591926, 38.205237282796872 ], [ -85.765353886463984, 38.206417282704422 ], [ -85.765114886896114, 38.20771628308956 ], [ -85.764882883887978, 38.209034282750693 ], [ -85.76473388350108, 38.209966281044892 ], [ -85.764673886355851, 38.210336284108038 ], [ -85.764444883857479, 38.211657281622244 ], [ -85.764304883217122, 38.212447283837292 ], [ -85.764264885220399, 38.212977282258429 ], [ -85.764013883605486, 38.213916283825263 ], [ -85.763863886036546, 38.214977284175248 ], [ -85.763814885542445, 38.215247285271779 ], [ -85.76355388452852, 38.216566285024967 ], [ -85.76353488580672, 38.216656283265358 ], [ -85.763444884766699, 38.217207283552362 ], [ -85.76319388588405, 38.218546283411065 ], [ -85.763124885195154, 38.218947284997839 ], [ -85.763094886975509, 38.219156285836668 ], [ -85.763053884772958, 38.219457285579104 ], [ -85.762944886337138, 38.220036283685765 ], [ -85.762933884573997, 38.220107286439372 ], [ -85.762864887249407, 38.220557283240673 ], [ -85.762831886933938, 38.220750283977573 ], [ -85.762594886871071, 38.222097284608381 ], [ -85.762513887406527, 38.222617283989571 ], [ -85.762364887549097, 38.223376286000224 ], [ -85.762198884800227, 38.224238284508047 ], [ -85.76212388685623, 38.224697287485931 ], [ -85.762033887537271, 38.225206286900601 ], [ -85.761893886003548, 38.226006284802438 ], [ -85.761803885527542, 38.226577286975804 ], [ -85.761573884878558, 38.227837284370516 ], [ -85.761343885217713, 38.229156287057663 ], [ -85.761144884091138, 38.230296287185091 ], [ -85.760943887985889, 38.231386287246792 ], [ -85.760713886742536, 38.232877286914523 ], [ -85.760484888216325, 38.234006286168999 ], [ -85.760313888268669, 38.235027288439362 ], [ -85.759894885048539, 38.237426286854671 ], [ -85.759624887603579, 38.238946286919024 ], [ -85.759513884903058, 38.239576288966198 ], [ -85.759113884628647, 38.241897287200665 ], [ -85.759063887058289, 38.242206289700668 ], [ -85.759013887626068, 38.24255628873329 ], [ -85.758913884750342, 38.243096289674988 ], [ -85.758693888311925, 38.244217288482609 ], [ -85.758414884171174, 38.245857290006512 ], [ -85.758324886736048, 38.246107291243703 ], [ -85.76001388755806, 38.246236288514183 ] ], [ [ -85.763994886269387, 38.204707281864366 ], [ -85.764413882889173, 38.204817280207195 ], [ -85.764673883907932, 38.204877282712076 ], [ -85.765154884064103, 38.205006282092214 ], [ -85.765393885056795, 38.205057279687672 ], [ -85.765604883322936, 38.205096281672212 ], [ -85.765583886591926, 38.205237282796872 ] ], [ [ -85.763994886269387, 38.204707281864366 ], [ -85.763934885354843, 38.204817280646921 ], [ -85.764403885083865, 38.204936280549724 ], [ -85.764534885446096, 38.204967279927843 ], [ -85.765093884329417, 38.20510628042836 ], [ -85.765583886591926, 38.205237282796872 ] ], [ [ -85.765154885065328, 38.200567280430072 ], [ -85.765033884221168, 38.200686280070961 ], [ -85.76492488487159, 38.200806280713891 ], [ -85.764834882506477, 38.200927280852405 ], [ -85.764744885204195, 38.201066280010387 ], [ -85.764624885509036, 38.201326279647461 ], [ -85.764543882851427, 38.201557282715662 ], [ -85.764524884929529, 38.201647281298762 ], [ -85.764463883750821, 38.201927281255564 ], [ -85.76438488533995, 38.202277279876434 ], [ -85.76428388634389, 38.202897280000194 ], [ -85.764183885341481, 38.203537281349448 ], [ -85.764133883379642, 38.203846280980059 ], [ -85.764103885608435, 38.204036280900176 ], [ -85.763994886269387, 38.204707281864366 ] ], [ [ -85.766244884723349, 38.181577278224239 ], [ -85.766493884515725, 38.181606277995989 ], [ -85.766734885332326, 38.181636277232521 ], [ -85.767684885268793, 38.18175727872714 ], [ -85.76813488375592, 38.181816277256182 ], [ -85.768413884873752, 38.18185727570846 ], [ -85.76899388470612, 38.181916278404096 ], [ -85.769664884967426, 38.181986276746109 ], [ -85.769983883739059, 38.182027275760305 ], [ -85.771194885068539, 38.182156276878153 ], [ -85.771123887605555, 38.182256275382187 ], [ -85.771094882557705, 38.182356275688925 ], [ -85.770983887026233, 38.182986277119802 ], [ -85.77072388535575, 38.184277277071892 ], [ -85.770504883596402, 38.185576276352144 ], [ -85.769024884473936, 38.185396277639725 ], [ -85.767444885496317, 38.185226277143997 ], [ -85.767264886772139, 38.186136277668517 ], [ -85.767134886599706, 38.186877277111194 ], [ -85.767054882531397, 38.18729627747927 ], [ -85.766983884628971, 38.187726276717093 ], [ -85.766833883291426, 38.188556278556874 ], [ -85.76681488594096, 38.188687277933838 ], [ -85.766734884165103, 38.189247277847954 ], [ -85.766734882796172, 38.189796278742357 ], [ -85.766743884376822, 38.18999627778755 ], [ -85.766743885273755, 38.190217280150229 ], [ -85.766743882878174, 38.190417279499172 ], [ -85.766734883846866, 38.191156279561994 ], [ -85.76674388274985, 38.1915962791509 ], [ -85.766743883392479, 38.191906278389794 ], [ -85.766763884940346, 38.19258627963908 ], [ -85.766923883606012, 38.19258628032032 ], [ -85.768323885959276, 38.192547279652103 ], [ -85.768344883277706, 38.193007278184425 ], [ -85.768373886111192, 38.19350627776236 ], [ -85.768373885243889, 38.193917279150476 ], [ -85.768413885239028, 38.194467280329732 ], [ -85.768413885933967, 38.194846279306212 ], [ -85.768413886920598, 38.195326280345427 ], [ -85.768413886910565, 38.1957972800707 ], [ -85.768413883427044, 38.195877279141705 ], [ -85.768423884051245, 38.196237280233909 ], [ -85.768434887622135, 38.196726280117012 ], [ -85.768453885803069, 38.197186280464841 ], [ -85.768473884843971, 38.197656278376165 ], [ -85.768494884037437, 38.198137279725302 ], [ -85.768513884297064, 38.198636278774778 ], [ -85.767724882949835, 38.19932728034339 ], [ -85.76698388639808, 38.19905728013471 ], [ -85.766804884994173, 38.199007281076803 ], [ -85.766694886075598, 38.199196278963527 ], [ -85.766504886362, 38.199417281880763 ], [ -85.765884887157952, 38.199947281519698 ], [ -85.765723886391058, 38.200086280236512 ], [ -85.765443885420964, 38.20032628112763 ], [ -85.765154885065328, 38.200567280430072 ] ], [ [ -85.766244884723349, 38.181577278224239 ], [ -85.765824884424049, 38.183927278681239 ], [ -85.765734886076558, 38.184287278135187 ], [ -85.765363882143731, 38.186376277848119 ], [ -85.765014883633725, 38.188417278295468 ], [ -85.76497488228209, 38.188707277879651 ], [ -85.764894884024429, 38.189166277665073 ], [ -85.764873882492864, 38.189867278964279 ], [ -85.764873884019465, 38.190057277895534 ], [ -85.764884885110618, 38.190646277711821 ], [ -85.764894885657853, 38.191197280402882 ], [ -85.764924886474532, 38.191667279462536 ], [ -85.76492488435035, 38.191866279717111 ], [ -85.76492488272703, 38.192616278527069 ], [ -85.76497488237375, 38.193987281070029 ], [ -85.764993884574039, 38.194576279811322 ], [ -85.765024884917594, 38.195376279149762 ], [ -85.765043883631307, 38.196777279636152 ], [ -85.765074883234774, 38.198166280342939 ], [ -85.765123886183758, 38.19951628184451 ], [ -85.765133885541445, 38.199677279386584 ], [ -85.765154883757205, 38.200246282228434 ], [ -85.765154885065328, 38.200567280430072 ] ], [ [ -85.748514872881017, 38.123596264747768 ], [ -85.748514871617104, 38.1236972670469 ], [ -85.748583873934564, 38.124777266886696 ], [ -85.748634873520089, 38.12537626707163 ], [ -85.748793875282558, 38.12621726820386 ], [ -85.748824876845021, 38.12632726805181 ], [ -85.748964872065812, 38.126926267137172 ], [ -85.748985873248046, 38.12700226807123 ], [ -85.749324873134796, 38.127886266309559 ], [ -85.749973875981141, 38.12958626828901 ], [ -85.750233873720489, 38.130246267859846 ], [ -85.75045387346573, 38.130796266506223 ], [ -85.750574874933235, 38.131136268686284 ], [ -85.751903876506219, 38.134546269091828 ], [ -85.752284875638509, 38.135597269153962 ], [ -85.754073876549384, 38.140107269741776 ], [ -85.754354876196402, 38.140836271069503 ], [ -85.75439487729102, 38.140946270136425 ], [ -85.754624877162954, 38.141476268979751 ], [ -85.754863878555696, 38.141956269753734 ], [ -85.75510387903023, 38.142327269741955 ], [ -85.756284879147444, 38.14373626960046 ], [ -85.756893878785675, 38.144446269577749 ], [ -85.757383876137496, 38.145027271786049 ], [ -85.757493878895872, 38.145156269536919 ], [ -85.759404881333353, 38.147406271098752 ], [ -85.760193880911103, 38.148316269155991 ], [ -85.760294877536865, 38.148436269800456 ], [ -85.760524880864381, 38.148717272281203 ], [ -85.760913881678803, 38.149177271049794 ], [ -85.761244880933418, 38.149537271884824 ], [ -85.761464878428626, 38.149737270119026 ], [ -85.761784878327646, 38.150007271708226 ], [ -85.761903880581698, 38.150106271382931 ], [ -85.76303488072314, 38.150856270941539 ], [ -85.764394883084606, 38.151756271388962 ], [ -85.764783880925307, 38.15200627124063 ], [ -85.765303881072057, 38.152347272680153 ], [ -85.765533882888377, 38.152486269762925 ], [ -85.765623883892331, 38.152536272572625 ], [ -85.765524880730155, 38.152736271591884 ], [ -85.765453881876184, 38.153006272904783 ], [ -85.765374882623064, 38.153286272023578 ], [ -85.765313882748458, 38.153507271086333 ], [ -85.765244882530155, 38.153767269964398 ], [ -85.765183883049843, 38.154006271600188 ], [ -85.764714880132644, 38.155847272079015 ], [ -85.764683879564643, 38.156226272946128 ], [ -85.764704882995048, 38.157326273693471 ], [ -85.76471488308961, 38.157976271853876 ], [ -85.764723881787546, 38.158097271271011 ], [ -85.764763880893568, 38.159036271487118 ], [ -85.764773882815476, 38.159216274581205 ], [ -85.764804881985313, 38.160357272622626 ], [ -85.764813882720489, 38.161386273114331 ], [ -85.764844882064196, 38.162337275020661 ], [ -85.764834883383656, 38.163446274110377 ], [ -85.764823882411946, 38.164356275139504 ], [ -85.76481388387603, 38.165287273035958 ], [ -85.76479888245386, 38.165665272824441 ], [ -85.764804882727901, 38.166216273634461 ], [ -85.764783884375859, 38.166647274372124 ], [ -85.764783882465977, 38.16680727273657 ], [ -85.764783883157463, 38.167036274338443 ], [ -85.764763881612126, 38.167987275537747 ], [ -85.764763883407795, 38.168406272960802 ], [ -85.764763882379128, 38.168766274332903 ], [ -85.764754880433458, 38.169556276012266 ], [ -85.764754883363494, 38.17036627464919 ], [ -85.764754884078414, 38.170437275898706 ], [ -85.764744884338526, 38.171157274438521 ], [ -85.764733881229006, 38.171976276437107 ], [ -85.764714882807212, 38.172606275542677 ], [ -85.764714883842586, 38.172777276545432 ], [ -85.7647048815396, 38.173456274687645 ], [ -85.764704883685781, 38.174056276666477 ], [ -85.764704882293429, 38.17441627444142 ], [ -85.76471488169048, 38.174577275742301 ], [ -85.764723881016337, 38.176727275333675 ], [ -85.764744884808223, 38.17886727630021 ], [ -85.764754884991831, 38.179047275733097 ], [ -85.764804881158497, 38.179235276586901 ], [ -85.764884884661512, 38.179497277385558 ], [ -85.764903881936817, 38.179607277934423 ], [ -85.764593882826418, 38.181417277509091 ], [ -85.765074882618549, 38.181466276395355 ], [ -85.765654884304851, 38.181516277111392 ], [ -85.766244884723349, 38.181577278224239 ] ], [ [ -85.748514872881017, 38.123596264747768 ], [ -85.748579053312184, 38.123590242227209 ], [ -85.750888940221472, 38.12332613297621 ], [ -85.750823876666303, 38.122557267674672 ], [ -85.750754874442734, 38.121717266299846 ], [ -85.750664874645125, 38.121367266550166 ], [ -85.750500755254635, 38.121159214117654 ], [ -85.750141017265577, 38.121309176401333 ], [ -85.748374873034948, 38.121837268259789 ], [ -85.748443872347067, 38.122686265181514 ], [ -85.748514872881017, 38.123596264747768 ] ], [ [ -85.779433883231292, 38.126636264785745 ], [ -85.777783884892116, 38.12652626590539 ], [ -85.776144881054648, 38.126407266672985 ], [ -85.776123882897252, 38.126636266220757 ], [ -85.77607388271592, 38.126826265255488 ], [ -85.776004881098032, 38.127057266297761 ], [ -85.775983882855598, 38.12714726643275 ], [ -85.775893884396382, 38.127327266690308 ], [ -85.775784880922856, 38.127466267904417 ], [ -85.775653880970893, 38.127646265544399 ], [ -85.775493884947835, 38.127847264541664 ], [ -85.775213882233217, 38.128176264335458 ], [ -85.774623882450456, 38.128866265206668 ], [ -85.774093880541358, 38.129487264659723 ], [ -85.774003882294394, 38.129596268601475 ], [ -85.773834881678269, 38.129796267149352 ], [ -85.77361487995762, 38.130076265422581 ], [ -85.773043879824527, 38.130796268106678 ], [ -85.772894880947533, 38.131087267142313 ], [ -85.772773883264819, 38.131357267862434 ], [ -85.772674881845276, 38.131637266492326 ], [ -85.772563880517311, 38.132046266110571 ], [ -85.772524880379919, 38.132627266861782 ], [ -85.772534880244024, 38.132856265819157 ], [ -85.772553881409465, 38.133096266760582 ], [ -85.772614882789398, 38.133427267379616 ], [ -85.772714880486603, 38.133867268362259 ], [ -85.773013882313265, 38.135016268266639 ], [ -85.773084883583039, 38.135337268120153 ], [ -85.773283882711809, 38.136217268503785 ], [ -85.773373882062742, 38.136696268111599 ], [ -85.773853884253981, 38.139197268880274 ], [ -85.773984882809017, 38.13979626869336 ], [ -85.774213884407587, 38.140956270040114 ], [ -85.774393881476854, 38.141887270561234 ], [ -85.7744438843485, 38.142116268183926 ], [ -85.774583882162219, 38.142766267222221 ], [ -85.774734882798384, 38.143396269132566 ], [ -85.774753881391831, 38.143517267808903 ], [ -85.774893883832249, 38.144106268682563 ], [ -85.774983880912799, 38.144507269066281 ], [ -85.775023883433221, 38.144687270831156 ], [ -85.77518488246865, 38.145327268805275 ], [ -85.77530388359601, 38.145806268688453 ], [ -85.775454881565679, 38.146456270445704 ], [ -85.77589388369897, 38.148436269899356 ], [ -85.776123886174474, 38.149527271513733 ], [ -85.776243884090135, 38.150097269950244 ], [ -85.776373883496206, 38.150736271326885 ], [ -85.776463882222231, 38.151116270841854 ], [ -85.776573883150746, 38.151597271976009 ], [ -85.777113883524081, 38.153926269814285 ], [ -85.777183884039829, 38.154286272434426 ], [ -85.77737388561313, 38.155047272054475 ], [ -85.777593882971445, 38.155937272081438 ], [ -85.778124887604747, 38.157876273121957 ], [ -85.778273884290641, 38.158447273075467 ], [ -85.778463887209583, 38.159056271035013 ], [ -85.778514886214452, 38.159216270999778 ], [ -85.778623886853566, 38.159576273208813 ], [ -85.778934887277359, 38.160666273069488 ], [ -85.779183886178529, 38.161607271887306 ], [ -85.778754885042474, 38.161617272257423 ], [ -85.778013887811596, 38.161597272168244 ], [ -85.777574887059558, 38.16157627210508 ], [ -85.776933886365597, 38.161546273501173 ], [ -85.775774885113904, 38.16149727321136 ], [ -85.775393884572196, 38.161476271832008 ], [ -85.774673886020125, 38.161446274275924 ], [ -85.773384885022097, 38.161376274441722 ], [ -85.772634886123399, 38.161347274066479 ], [ -85.772323885454568, 38.16130627170385 ], [ -85.770824882659184, 38.162417273466268 ], [ -85.769533885542799, 38.163307272115183 ], [ -85.769434884918653, 38.163417274609614 ], [ -85.769394883895558, 38.163507273423356 ], [ -85.769353882691718, 38.163777274130609 ], [ -85.769214881746365, 38.164626273942943 ], [ -85.769034881653539, 38.165557272517447 ], [ -85.768903883710053, 38.166477275289907 ], [ -85.768743884019997, 38.167416275983193 ], [ -85.768584883408934, 38.168326275069816 ], [ -85.768453881956091, 38.169116276183622 ], [ -85.768413882895274, 38.169386273608033 ], [ -85.768344881455334, 38.169916275985166 ], [ -85.768293882963022, 38.170167274091668 ], [ -85.768264884267353, 38.17028627537875 ], [ -85.768174883919059, 38.170697274735986 ], [ -85.768134883671166, 38.170936275467156 ], [ -85.768063885163812, 38.171317273614193 ], [ -85.768034885073391, 38.171487275479919 ], [ -85.767894883954639, 38.172266273232978 ], [ -85.767764885523903, 38.173056273813103 ], [ -85.767454884812906, 38.174727274321008 ], [ -85.767084882771854, 38.176926276394227 ], [ -85.766745884654171, 38.178780276233724 ], [ -85.766244884723349, 38.181577278224239 ] ], [ [ -85.779433883231292, 38.126636264785745 ], [ -85.779414881608858, 38.127037267389916 ], [ -85.779234884232395, 38.127366266343628 ], [ -85.778934883355134, 38.127937266678273 ], [ -85.780003856860972, 38.128260197763964 ], [ -85.780023885181095, 38.128266265420194 ], [ -85.780077248823062, 38.128253610023833 ], [ -85.780131714048835, 38.128247177565427 ], [ -85.78018655766229, 38.128247053455951 ], [ -85.780241051443014, 38.128253239343366 ], [ -85.780294471815708, 38.128265653090665 ], [ -85.780346109457909, 38.12828412986655 ], [ -85.780395278718515, 38.128308424334065 ], [ -85.780441326721871, 38.128338213908201 ], [ -85.780483642036785, 38.12837310303923 ], [ -85.780521662795167, 38.128412628464886 ], [ -85.780554884152579, 38.128456265361564 ], [ -85.781274885717309, 38.128696264774689 ], [ -85.781973883368636, 38.127286266317803 ], [ -85.781994885240977, 38.126636263964592 ], [ -85.781023885287894, 38.126646265718847 ], [ -85.779774882242606, 38.126636267657645 ], [ -85.779433883231292, 38.126636264785745 ] ] ] } },
{ "type": "Feature", "properties": { "OBJECTID": 3, "ROUTE_NAME": "Sixth Street - Taylor Boulevard", "ROUTE_TYPE": "Local Route", "ROUTE_NUMBER": 6, "TARC_WEB": "https://www.ridetarc.org/bus_routes/sixth-street/", "SHAPELEN": 72770.112686657303 }, "geometry": { "type": "MultiLineString", "coordinates": [ [ [ -85.767553889230285, 38.229637285656118 ], [ -85.767303886063928, 38.229616284282187 ], [ -85.766144887219568, 38.229547287304406 ], [ -85.764664888474059, 38.229457286751021 ], [ -85.764474889272776, 38.230656285434989 ], [ -85.764273888418487, 38.231776285818142 ], [ -85.76425488845733, 38.231997286472726 ], [ -85.764174885450245, 38.232466286997848 ], [ -85.764043886053358, 38.233147286266338 ], [ -85.763913886072487, 38.233846285184384 ], [ -85.763854885694855, 38.23415728832309 ], [ -85.763773888140918, 38.234656288357534 ], [ -85.763754887843831, 38.234757285695963 ], [ -85.763634886635529, 38.235317287147318 ], [ -85.763523888581105, 38.235976288619 ], [ -85.76334388802421, 38.23705628782038 ], [ -85.763264887225191, 38.237577287362996 ], [ -85.763184886868331, 38.237997287889307 ], [ -85.763044889306329, 38.238696287813475 ], [ -85.762963887207462, 38.239277287020293 ], [ -85.762854887551399, 38.23987628747345 ], [ -85.760643885481414, 38.239686289408198 ], [ -85.760549820015015, 38.243378305577785 ], [ -85.76052488828114, 38.243497288753048 ], [ -85.760363888045973, 38.244387288739702 ], [ -85.76001388755806, 38.246236288514183 ], [ -85.75995388661083, 38.24662629110032 ], [ -85.75973388692907, 38.247987290501193 ], [ -85.759543885522845, 38.249136289779997 ], [ -85.759354885607323, 38.250177291553037 ], [ -85.759134886271355, 38.251317291692551 ], [ -85.759093884628598, 38.251556289209091 ], [ -85.759053887676103, 38.251787292069167 ], [ -85.759044887325388, 38.25184629063174 ], [ -85.758984885616854, 38.252196291430465 ], [ -85.758793888630407, 38.253246291332857 ], [ -85.758674886954935, 38.254076289415003 ], [ -85.75864388464835, 38.254256292414325 ], [ -85.75861388491397, 38.254417291276866 ], [ -85.758584885531931, 38.254557291479735 ], [ -85.758553887462753, 38.254706291262451 ], [ -85.758404886566169, 38.255446293199633 ], [ -85.758293887778834, 38.255426291223451 ], [ -85.758013885479855, 38.255387289932258 ], [ -85.756805884126919, 38.255226292341206 ], [ -85.756554884407493, 38.256616290239322 ], [ -85.756943888520055, 38.256666292086585 ], [ -85.757424885507206, 38.256727292438704 ], [ -85.757583886063657, 38.256747290190184 ], [ -85.757743886185565, 38.256756292766269 ], [ -85.757814885856774, 38.256766293052713 ], [ -85.757954886849518, 38.256786291833059 ], [ -85.758174887257837, 38.256807293229336 ], [ -85.758364886982363, 38.256827291298407 ], [ -85.759854886059884, 38.256966292646148 ], [ -85.759963885563806, 38.256267290952252 ], [ -85.760074887844155, 38.25560629016347 ], [ -85.760204886228152, 38.254906292234153 ], [ -85.760223887424488, 38.254716292680861 ], [ -85.760244887369112, 38.254606289755912 ], [ -85.760273887667879, 38.254417290336981 ], [ -85.760313888974864, 38.25419728969846 ], [ -85.76036388558812, 38.253937292721908 ], [ -85.760394887919489, 38.253757292635754 ], [ -85.760413886699524, 38.253636292280142 ], [ -85.760453888568321, 38.253446292268315 ], [ -85.760533885395319, 38.2529962906099 ], [ -85.7605648888307, 38.252796289959932 ], [ -85.760813886962438, 38.251497291598774 ], [ -85.761183886995582, 38.249326290312908 ], [ -85.761204887476197, 38.249226290782623 ], [ -85.761273885650368, 38.24884629156977 ], [ -85.761393887056542, 38.248187290396594 ], [ -85.761654885121331, 38.246716289658067 ], [ -85.761721885225896, 38.246331290012392 ], [ -85.762004886797541, 38.244567290795231 ], [ -85.762374885520032, 38.242507288468786 ], [ -85.762414889186218, 38.242317287395508 ], [ -85.762454888933249, 38.242057288018572 ], [ -85.762504886238233, 38.24180728983243 ], [ -85.762663885580594, 38.24101628824436 ], [ -85.762764884735802, 38.240416289741731 ], [ -85.762854887551399, 38.23987628747345 ], [ -85.763674888370616, 38.239956288079881 ], [ -85.764513886514379, 38.240036287168472 ], [ -85.764434888799926, 38.239707289472484 ], [ -85.764444884799261, 38.239457287253671 ], [ -85.764543887085466, 38.238866286596192 ], [ -85.764664886097123, 38.238146287886075 ], [ -85.76473388602831, 38.237747287708757 ], [ -85.764794888362658, 38.237287287660848 ], [ -85.764924886952286, 38.236587288995523 ], [ -85.764993889011137, 38.2360962881761 ], [ -85.765083886173798, 38.235466288233901 ], [ -85.765424886516129, 38.234397286291305 ], [ -85.765564885776072, 38.233986285649735 ], [ -85.76578488890857, 38.233327288037422 ], [ -85.76596488888309, 38.232957285972567 ], [ -85.766104888607813, 38.232666287765603 ], [ -85.766274887799042, 38.232316288532274 ], [ -85.766403885585248, 38.232046288141724 ], [ -85.766437462980008, 38.231979132092803 ], [ -85.766602112230743, 38.231638618465084 ], [ -85.766612627492904, 38.231611110730903 ], [ -85.766800301146702, 38.231648011347964 ], [ -85.766891460183231, 38.231637431007556 ], [ -85.766933739341297, 38.231615262599291 ], [ -85.766973769753449, 38.231589252377567 ], [ -85.767011203341482, 38.231559626510197 ], [ -85.767045714607505, 38.231526642604287 ], [ -85.767065233925933, 38.231460135902211 ], [ -85.767002014887495, 38.231065059152861 ], [ -85.766990262484697, 38.23100766590121 ], [ -85.766984230596819, 38.230949393089062 ], [ -85.766983978096121, 38.23089080946891 ], [ -85.766989507447022, 38.230832486826777 ], [ -85.767000764682152, 38.230774994401507 ], [ -85.76701763992898, 38.23071889332887 ], [ -85.767039968482266, 38.230664731164815 ], [ -85.767067532411531, 38.230613036541207 ], [ -85.767100062688186, 38.230564314006301 ], [ -85.767314889579893, 38.230167285774279 ], [ -85.767373888790743, 38.230056286014189 ], [ -85.767433887152038, 38.229927287847687 ], [ -85.767553889230285, 38.229637285656118 ] ], [ [ -85.783254889035462, 38.17961727439608 ], [ -85.783353888870181, 38.1802962750956 ], [ -85.783384889187403, 38.180517275997047 ], [ -85.7834838908215, 38.181217276242393 ], [ -85.783503891052433, 38.18138727675283 ], [ -85.78352488792936, 38.1815362747599 ], [ -85.783614889059635, 38.182156277103694 ], [ -85.783654888293555, 38.182426275654734 ], [ -85.783663889549572, 38.182516277178948 ], [ -85.783673890348481, 38.182567276915449 ], [ -85.783753889970029, 38.183087276679935 ], [ -85.783874887889056, 38.183917276826215 ], [ -85.783903887486673, 38.184136274958021 ], [ -85.783993888114821, 38.184706275239144 ], [ -85.784014888803341, 38.184886276564271 ], [ -85.784054891592191, 38.185216276976647 ], [ -85.784054887405404, 38.185486276036926 ], [ -85.784023887745477, 38.185656277482373 ], [ -85.783914888190225, 38.186196276835993 ], [ -85.783893889398215, 38.186316278928778 ], [ -85.783813889850464, 38.186656277979253 ], [ -85.783713887667133, 38.187087277615703 ], [ -85.783673890039609, 38.187286275627493 ], [ -85.783554888032342, 38.187916278588709 ], [ -85.783493888866445, 38.188296276158951 ], [ -85.783464887733231, 38.188746277823384 ], [ -85.783464887087348, 38.188767277517272 ], [ -85.783453888978784, 38.188977278146062 ], [ -85.783424890109174, 38.18943627764034 ], [ -85.783403889495176, 38.189836278824643 ], [ -85.783403887293474, 38.189926278476278 ], [ -85.783374890802804, 38.190387279321008 ], [ -85.783334891448561, 38.191017276978179 ], [ -85.783323891154367, 38.191176276877961 ], [ -85.783294889289067, 38.191657278385598 ], [ -85.783244890465582, 38.192496278064205 ], [ -85.783233890664121, 38.192647279026673 ], [ -85.78317388957808, 38.193367277949882 ], [ -85.783114891818713, 38.194167276581226 ], [ -85.78305388863771, 38.195296279152252 ], [ -85.783024890644711, 38.195627278749718 ], [ -85.783003887692814, 38.195846278049991 ], [ -85.782974890544466, 38.196327279166276 ], [ -85.782924888974009, 38.196777278078329 ], [ -85.782924889410552, 38.196816280399567 ], [ -85.782903887371617, 38.197026278309252 ], [ -85.782884891786864, 38.197386278866794 ], [ -85.782873890497513, 38.197537279730128 ], [ -85.782853891455204, 38.197756279498904 ], [ -85.782813888203066, 38.198096280637074 ], [ -85.782763890288763, 38.198616278214061 ], [ -85.78266488990387, 38.199687280719893 ], [ -85.782583891268985, 38.200577278568737 ], [ -85.782583889167768, 38.200626277803174 ], [ -85.782564888840568, 38.200806279178956 ], [ -85.782474889596131, 38.201136280548752 ], [ -85.78242389005473, 38.201246280935962 ], [ -85.782323889887806, 38.201397279565001 ], [ -85.782193888842968, 38.201567278819837 ], [ -85.781923889260213, 38.201827281891696 ], [ -85.781496888858655, 38.202129280679003 ], [ -85.780864888630703, 38.202627279077362 ], [ -85.780644888580568, 38.202807279767867 ], [ -85.780364889767014, 38.203036279784293 ], [ -85.779784887563054, 38.203506280775507 ], [ -85.779163888917381, 38.203997279995427 ], [ -85.779014887035146, 38.204116280115898 ], [ -85.77839488748036, 38.20460728259026 ], [ -85.778013889959709, 38.204916280117459 ], [ -85.777174890458383, 38.205576279137489 ], [ -85.77713488897318, 38.205607280659038 ], [ -85.776883887586592, 38.205807281993728 ], [ -85.776753888431685, 38.205906280498873 ], [ -85.77617488895649, 38.206347282102953 ], [ -85.776433886672876, 38.206536280211061 ], [ -85.776513887610946, 38.206607282182972 ], [ -85.776653887275046, 38.206746282816709 ], [ -85.776674890193433, 38.206767282365753 ], [ -85.776774886114325, 38.206887282663054 ], [ -85.77689488927146, 38.207057280184642 ], [ -85.777044889095478, 38.207266282185493 ], [ -85.777473889473072, 38.207867282312407 ], [ -85.778443889320116, 38.209186280680377 ], [ -85.778754890192886, 38.209621280954352 ], [ -85.779093890544516, 38.210066281281513 ], [ -85.779334889658401, 38.210387281014768 ], [ -85.779594891419364, 38.210727280055721 ], [ -85.780004888189652, 38.211267282494674 ], [ -85.781129892199118, 38.212797282616734 ], [ -85.781743890518555, 38.213627283093764 ], [ -85.782183892910084, 38.2142162817862 ], [ -85.782373889650358, 38.214437282627053 ], [ -85.782474891550905, 38.214527281230104 ], [ -85.782633891985242, 38.214636282017743 ], [ -85.782834892665974, 38.214756283112074 ], [ -85.782953892526507, 38.214826281217412 ], [ -85.782872126922413, 38.214903371782285 ], [ -85.780189459934419, 38.217462811020866 ], [ -85.779853888217545, 38.21778628191619 ], [ -85.779104889546332, 38.218506285265015 ], [ -85.778263888677429, 38.21931728478603 ], [ -85.777417533340653, 38.220095748320837 ], [ -85.776469798522044, 38.220695086275207 ], [ -85.776314887987112, 38.220796283940842 ], [ -85.775743890505566, 38.221187284953885 ], [ -85.774633889242708, 38.22191728327843 ], [ -85.773754891310972, 38.222496283801767 ], [ -85.77335488936113, 38.222756283131801 ], [ -85.77229388754148, 38.2234562842252 ], [ -85.772103887989985, 38.223576282969354 ], [ -85.771883887038896, 38.223717284140335 ], [ -85.771033888987603, 38.224276286556162 ], [ -85.770594890759654, 38.22461728424458 ], [ -85.770363886262146, 38.22481628529593 ], [ -85.77018388771269, 38.225037286290792 ], [ -85.769593888779696, 38.225816286598096 ], [ -85.769304889009504, 38.226266284182138 ], [ -85.769154886219511, 38.226497284763475 ], [ -85.769003889516043, 38.226826285700149 ], [ -85.76872388753506, 38.227346286739014 ], [ -85.768323888786256, 38.228097287535654 ], [ -85.767994886457899, 38.228757285743413 ], [ -85.767774889672964, 38.229207284835638 ], [ -85.7676538889977, 38.229436285891481 ], [ -85.767553889230285, 38.229637285656118 ] ], [ [ -85.791487277071212, 38.179600807480305 ], [ -85.791389010917129, 38.179595620762662 ], [ -85.78824488993591, 38.179437276622771 ], [ -85.787993889139585, 38.17942727580315 ], [ -85.784604888723933, 38.179507274022249 ], [ -85.783340492959667, 38.179610241211286 ], [ -85.783254889035462, 38.17961727439608 ] ], [ [ -85.791487277071212, 38.179600807480305 ], [ -85.792334889240394, 38.17963627419978 ], [ -85.792353892690485, 38.179427275248102 ], [ -85.792474890388846, 38.178636275062722 ], [ -85.79256489235479, 38.1779972760243 ], [ -85.791744892443518, 38.177967275600224 ], [ -85.791705496392339, 38.178301241231665 ], [ -85.791487277071212, 38.179600807480305 ] ], [ [ -85.779433883231292, 38.126636264785745 ], [ -85.777783884892116, 38.12652626590539 ], [ -85.776144881054648, 38.126407266672985 ], [ -85.776123882897252, 38.126636266220757 ], [ -85.77607388271592, 38.126826265255488 ], [ -85.776004881098032, 38.127057266297761 ], [ -85.775983882855598, 38.12714726643275 ], [ -85.775893884396382, 38.127327266690308 ], [ -85.775784880922856, 38.127466267904417 ], [ -85.775653880970893, 38.127646265544399 ], [ -85.775493884947835, 38.127847264541664 ], [ -85.775213882233217, 38.128176264335458 ], [ -85.774623882450456, 38.128866265206668 ], [ -85.774093880541358, 38.129487264659723 ], [ -85.774003882294394, 38.129596268601475 ], [ -85.773834881678269, 38.129796267149352 ], [ -85.77361487995762, 38.130076265422581 ], [ -85.773043879824527, 38.130796268106678 ], [ -85.772894880947533, 38.131087267142313 ], [ -85.772773883264819, 38.131357267862434 ], [ -85.772674881845276, 38.131637266492326 ], [ -85.772563880517311, 38.132046266110571 ], [ -85.772524880379919, 38.132627266861782 ], [ -85.772534880244024, 38.132856265819157 ], [ -85.772553881409465, 38.133096266760582 ], [ -85.772614882789398, 38.133427267379616 ], [ -85.772714880486603, 38.133867268362259 ], [ -85.773013882313265, 38.135016268266639 ], [ -85.773084883583039, 38.135337268120153 ], [ -85.773283882711809, 38.136217268503785 ], [ -85.773373882062742, 38.136696268111599 ], [ -85.773853884253981, 38.139197268880274 ], [ -85.773984882809017, 38.13979626869336 ], [ -85.774213884407587, 38.140956270040114 ], [ -85.774393881476854, 38.141887270561234 ], [ -85.7744438843485, 38.142116268183926 ], [ -85.774583882162219, 38.142766267222221 ], [ -85.774734882798384, 38.143396269132566 ], [ -85.774753881391831, 38.143517267808903 ], [ -85.774893883832249, 38.144106268682563 ], [ -85.774983880912799, 38.144507269066281 ], [ -85.775023883433221, 38.144687270831156 ], [ -85.77518488246865, 38.145327268805275 ], [ -85.77530388359601, 38.145806268688453 ], [ -85.775454881565679, 38.146456270445704 ], [ -85.77589388369897, 38.148436269899356 ], [ -85.776123886174474, 38.149527271513733 ], [ -85.776243884090135, 38.150097269950244 ], [ -85.776373883496206, 38.150736271326885 ], [ -85.776463882222231, 38.151116270841854 ], [ -85.776573883150746, 38.151597271976009 ], [ -85.777113883524081, 38.153926269814285 ], [ -85.777183884039829, 38.154286272434426 ], [ -85.77737388561313, 38.155047272054475 ], [ -85.777593882971445, 38.155937272081438 ], [ -85.778124887604747, 38.157876273121957 ], [ -85.778273884290641, 38.158447273075467 ], [ -85.778463887209583, 38.159056271035013 ], [ -85.778514886214452, 38.159216270999778 ], [ -85.778623886853566, 38.159576273208813 ], [ -85.778934887277359, 38.160666273069488 ], [ -85.779183886178529, 38.161607271887306 ], [ -85.779483885575601, 38.162697273799502 ], [ -85.779573888348239, 38.163066271559387 ], [ -85.779744887265309, 38.163736274094816 ], [ -85.779914885554703, 38.164436273407219 ], [ -85.780033887484862, 38.164966272783339 ], [ -85.780148884442411, 38.165611271997683 ], [ -85.780274887418585, 38.166146273876741 ], [ -85.78061388796479, 38.167576274556183 ], [ -85.781053886701841, 38.16909627364894 ], [ -85.781063889510847, 38.169126273880337 ], [ -85.781124887314277, 38.169347273090978 ], [ -85.781254886246273, 38.169807275485923 ], [ -85.781383889553851, 38.170237272587997 ], [ -85.781534885942307, 38.170756273362308 ], [ -85.781624887766981, 38.171086274045457 ], [ -85.781758885900246, 38.171622274814922 ], [ -85.781973887853823, 38.172516273461405 ], [ -85.782204887672663, 38.173446276407347 ], [ -85.782214888533005, 38.173487275925503 ], [ -85.782423889000128, 38.174326273399757 ], [ -85.782583886357031, 38.175087274338942 ], [ -85.782664890753125, 38.175786275929653 ], [ -85.782673889316825, 38.17593627625584 ], [ -85.782744886698552, 38.176756275105291 ], [ -85.782763889063546, 38.177056276252401 ], [ -85.782823888014391, 38.177826273566282 ], [ -85.782873886594203, 38.178067276321649 ], [ -85.78294689033703, 38.178304276013101 ], [ -85.783024889944627, 38.178537275791463 ], [ -85.783083888855188, 38.178717275824283 ], [ -85.783173887920299, 38.179077276399511 ], [ -85.783254889035462, 38.17961727439608 ] ], [ [ -85.779433883231292, 38.126636264785745 ], [ -85.779414881608858, 38.127037267389916 ], [ -85.779234884232395, 38.127366266343628 ], [ -85.778934883355134, 38.127937266678273 ], [ -85.779482925654818, 38.1281028279965 ], [ -85.779571106930064, 38.128129468315997 ], [ -85.7799243967753, 38.128236193175226 ], [ -85.780003856860972, 38.128260197763964 ], [ -85.780023885181095, 38.128266265420194 ], [ -85.780081826896193, 38.128253758317186 ], [ -85.780140843950036, 38.128248221411013 ], [ -85.780200100889061, 38.128249733082882 ], [ -85.780258758863852, 38.128258271933362 ], [ -85.780315987504011, 38.128273717085293 ], [ -85.780370976673041, 38.128295849894982 ], [ -85.780422947936628, 38.128324357047326 ], [ -85.780471165582412, 38.128358834991126 ], [ -85.780514947034746, 38.128398795651854 ], [ -85.78053645087985, 38.128426463598494 ], [ -85.780554884152579, 38.128456265361564 ], [ -85.781274885717309, 38.128696264774689 ], [ -85.781563883801795, 38.128107266145385 ], [ -85.781793885930696, 38.127657265484054 ], [ -85.781833884353276, 38.127577265574701 ], [ -85.781973883368636, 38.127286266317803 ], [ -85.781994885240977, 38.126636263964592 ], [ -85.781023885287894, 38.126646265718847 ], [ -85.779774882242606, 38.126636267657645 ], [ -85.779433883231292, 38.126636264785745 ] ] ] } },
{ "type": "Feature", "properties": { "OBJECTID": 4, "ROUTE_NAME": "Dixie Rapid", "ROUTE_TYPE": "High Frequency", "ROUTE_NUMBER": 10, "TARC_WEB": "https://www.ridetarc.org/bus_routes/dixie-rapid/", "SHAPELEN": 82456.152852801213 }, "geometry": { "type": "MultiLineString", "coordinates": [ [ [ -85.765024889016587, 38.254687291167322 ], [ -85.764920951236761, 38.254678151629669 ], [ -85.75536388609649, 38.253626291834543 ], [ -85.753838927461018, 38.253459516815695 ], [ -85.753544884544667, 38.254886290125064 ], [ -85.764838769760743, 38.256116701813035 ], [ -85.765003888392215, 38.256136290858848 ], [ -85.765065820945978, 38.255848559848715 ], [ -85.765075785155574, 38.255754397747083 ], [ -85.765079577204517, 38.255659785870336 ], [ -85.765077180894849, 38.255565128358448 ], [ -85.765068606462549, 38.255470829546319 ], [ -85.765053890533792, 38.255377292236666 ], [ -85.764993891083378, 38.25495629231574 ], [ -85.765024889016587, 38.254687291167322 ] ], [ [ -85.87192390909378, 38.099037257222882 ], [ -85.872524907136892, 38.099327257454625 ], [ -85.873273908131779, 38.099677256583597 ], [ -85.873744907957501, 38.098926255114719 ], [ -85.874184910578734, 38.098147257630423 ], [ -85.874594906925793, 38.09742725534386 ], [ -85.875213910271043, 38.096306256922219 ], [ -85.874914907274317, 38.096146256198402 ], [ -85.874483909276506, 38.09592625457875 ], [ -85.873893907872386, 38.095656253349851 ], [ -85.873704906470124, 38.095977253946621 ], [ -85.873554907282625, 38.096226254634985 ], [ -85.873173908926219, 38.09687725636114 ], [ -85.87273390623713, 38.097646256337541 ], [ -85.872264908902409, 38.09844625716817 ], [ -85.87192390909378, 38.099037257222882 ] ], [ [ -85.766663890577348, 38.246886290925012 ], [ -85.766837996593893, 38.246912811741751 ], [ -85.774548876911211, 38.247988697647422 ], [ -85.781494893669333, 38.248926289154795 ], [ -85.781508241035539, 38.248927947334423 ], [ -85.781552609429795, 38.248754106266425 ], [ -85.781553971265652, 38.24874333630396 ], [ -85.781555039846978, 38.248735587779393 ], [ -85.781569669436067, 38.248659227446524 ], [ -85.781591013377778, 38.248584465414275 ], [ -85.781618903470957, 38.24851189084562 ], [ -85.781653119927427, 38.248442075665189 ], [ -85.781695580580347, 38.248372938870105 ], [ -85.781742850548909, 38.248306996823182 ], [ -85.781794690453566, 38.248244583461101 ], [ -85.781850837772197, 38.248186014850972 ], [ -85.781911008169502, 38.248131587589725 ], [ -85.781974896937001, 38.248081577302088 ], [ -85.782042180535967, 38.24803623724484 ], [ -85.782112518235962, 38.247995797024274 ], [ -85.78226038498147, 38.247911609625334 ], [ -85.782367601911901, 38.24783510632556 ], [ -85.782460992226689, 38.247748056284081 ], [ -85.782503958823057, 38.247716087524744 ], [ -85.782653740845845, 38.247516007828111 ], [ -85.782698739953901, 38.247433077131099 ], [ -85.782984894516844, 38.246686289467831 ], [ -85.783344895262417, 38.245777287504225 ], [ -85.783374895443558, 38.245706287387129 ], [ -85.783453895601028, 38.24550628795933 ], [ -85.783514895377834, 38.24534628911524 ], [ -85.783654893339673, 38.245027287385724 ], [ -85.783943893371287, 38.244387287227141 ], [ -85.784163892381372, 38.243857289639578 ], [ -85.784253893293524, 38.243656286808381 ], [ -85.78440389244345, 38.24329628979882 ], [ -85.784634892587547, 38.242726286211017 ], [ -85.784713896145448, 38.242517287876893 ], [ -85.78486489159954, 38.242116287207182 ], [ -85.784994893946532, 38.241787287671606 ], [ -85.785033891730194, 38.241676287763944 ], [ -85.785234895597995, 38.24114728931967 ], [ -85.785364894955592, 38.240866289376321 ], [ -85.785634894025023, 38.240177287951362 ], [ -85.785753894382495, 38.239897286962716 ], [ -85.786034895462038, 38.239206285937023 ], [ -85.786113892961566, 38.238987286258826 ], [ -85.786293892370182, 38.238537287279023 ], [ -85.786423894404692, 38.238216288166633 ], [ -85.7864738936767, 38.238066288347383 ], [ -85.786743892643514, 38.237436286693352 ], [ -85.786833893687472, 38.237246287709183 ], [ -85.787204894864573, 38.236387286366345 ], [ -85.787394893065198, 38.235906287739127 ], [ -85.78758389364738, 38.235466284936408 ], [ -85.787633892569119, 38.235346285440734 ], [ -85.787893892831619, 38.234706285033575 ], [ -85.78813389459232, 38.234116284585639 ], [ -85.788563892502665, 38.233098284695913 ], [ -85.788604895327907, 38.23298728440826 ], [ -85.788853894052565, 38.232376284203994 ], [ -85.788954895445187, 38.2321472871634 ], [ -85.789063893044158, 38.231877283932725 ], [ -85.789153893261926, 38.231666286704495 ], [ -85.789454894585916, 38.230936284768227 ], [ -85.789803896617016, 38.230056286153399 ], [ -85.789814894067192, 38.230026284360044 ], [ -85.79010389376036, 38.229316284883062 ], [ -85.790134895328421, 38.229236285376679 ], [ -85.790233894944464, 38.228976286041103 ], [ -85.79047389315042, 38.228387285862112 ], [ -85.790513896344976, 38.228287283554749 ], [ -85.790574895462612, 38.228137284108186 ], [ -85.790804896147193, 38.227587283430644 ], [ -85.790863895902376, 38.227446284045612 ], [ -85.791114895877755, 38.226767285302827 ], [ -85.791193893974707, 38.226526282884301 ], [ -85.791564893794373, 38.225546283129226 ], [ -85.791924892569341, 38.224636285340537 ], [ -85.791984895290909, 38.224507284101534 ], [ -85.792024895808595, 38.224396281892425 ], [ -85.79206489579505, 38.22428628554227 ], [ -85.792223894167719, 38.223877282286196 ], [ -85.792254894552258, 38.223807285885918 ], [ -85.792294893720552, 38.223697282586578 ], [ -85.792493892765719, 38.223186284745267 ], [ -85.792773896663547, 38.22251728335808 ], [ -85.792824896082806, 38.222406283090031 ], [ -85.792914896109622, 38.222177283254673 ], [ -85.79309489617836, 38.221766284535789 ], [ -85.793163895399942, 38.221617283178944 ], [ -85.793253893570323, 38.221396281951961 ], [ -85.79338389514453, 38.221126284689696 ], [ -85.793433895046476, 38.221017281603729 ], [ -85.793663894219335, 38.220486282872976 ], [ -85.79375389568736, 38.220287283254642 ], [ -85.793803894935508, 38.220126283768124 ], [ -85.794004893888015, 38.219647282923503 ], [ -85.794144893572778, 38.219317284347149 ], [ -85.794174895476658, 38.219226283730549 ], [ -85.794323895128315, 38.218856281246211 ], [ -85.794503897022054, 38.2183832834097 ], [ -85.79515389668552, 38.216777281686539 ], [ -85.795254895235658, 38.21648728417874 ], [ -85.795423892872691, 38.21609628341713 ], [ -85.795584893803337, 38.215726281509404 ], [ -85.795794896348596, 38.21519628074239 ], [ -85.796003893294497, 38.214697282573788 ], [ -85.796214895767662, 38.214147280726976 ], [ -85.796283896169854, 38.213967280627458 ], [ -85.796503893980756, 38.213396282904228 ], [ -85.796884895715948, 38.21248628068733 ], [ -85.797213894510563, 38.211666282843908 ], [ -85.797353895020294, 38.211326282850187 ], [ -85.797543894775572, 38.210847279938264 ], [ -85.797604895528522, 38.210706280935639 ], [ -85.797943894315054, 38.209847279596275 ], [ -85.797993894245565, 38.209706282058917 ], [ -85.798324894429811, 38.208937282213185 ], [ -85.798734893197505, 38.207877281271315 ], [ -85.799113893455527, 38.206947279245306 ], [ -85.799274895110656, 38.206546281638396 ], [ -85.79948489656077, 38.206016279952003 ], [ -85.79996389671409, 38.204807278470639 ], [ -85.800063894752483, 38.204576278693416 ], [ -85.80037389443558, 38.203876279838326 ], [ -85.800593895449779, 38.20337728038956 ], [ -85.800643894989392, 38.203287278879074 ], [ -85.800863895912244, 38.202927278012019 ], [ -85.801213897945161, 38.202406277802758 ], [ -85.801363897160343, 38.202177279631513 ], [ -85.80163389417477, 38.201767280228751 ], [ -85.802043896296553, 38.201156279671856 ], [ -85.802253896565517, 38.200837278939396 ], [ -85.802493894125121, 38.200477279959628 ], [ -85.802853895138355, 38.199947277354354 ], [ -85.802964895269568, 38.199777280646501 ], [ -85.803404894060819, 38.199127278372401 ], [ -85.804174894513253, 38.197967279490307 ], [ -85.804633896216899, 38.197266279160601 ], [ -85.804723896579915, 38.197137279361037 ], [ -85.804754897877856, 38.197096277819732 ], [ -85.804854897775556, 38.196946278828463 ], [ -85.805083896193125, 38.196617276540223 ], [ -85.80563389747104, 38.195807276356398 ], [ -85.805784895669731, 38.195566277459363 ], [ -85.806033897050384, 38.195196277176336 ], [ -85.806163897937154, 38.194997279159935 ], [ -85.806453897876523, 38.19456627576735 ], [ -85.806583895467085, 38.194357276907851 ], [ -85.806663894086981, 38.194236277368496 ], [ -85.806903896068093, 38.193876278767632 ], [ -85.807054896214296, 38.19365727682549 ], [ -85.807144897953975, 38.193537276354085 ], [ -85.807274894564301, 38.19334627597879 ], [ -85.807333896602344, 38.193256278205155 ], [ -85.807404897786185, 38.193146277418883 ], [ -85.807504896462149, 38.192966278266482 ], [ -85.807624897731344, 38.192766275610055 ], [ -85.807674895629575, 38.192686278058375 ], [ -85.807864894945581, 38.192377276217393 ], [ -85.807894896370982, 38.192336276823241 ], [ -85.807944898753163, 38.192226277938573 ], [ -85.80802389775063, 38.192046277142857 ], [ -85.808613896101605, 38.191287277875716 ], [ -85.809673896894097, 38.189906275411303 ], [ -85.809884899013454, 38.189626276367648 ], [ -85.809974898066869, 38.189497275632064 ], [ -85.81062389718268, 38.188587275172594 ], [ -85.81071389582246, 38.188466276198525 ], [ -85.810863896314132, 38.188257275816738 ], [ -85.811163897161848, 38.187846274361753 ], [ -85.811533896134861, 38.187327276570564 ], [ -85.811613896246655, 38.187206276763568 ], [ -85.81233389561234, 38.186247274113299 ], [ -85.812463898830075, 38.186097274851136 ], [ -85.812603899945316, 38.185917274245362 ], [ -85.812944896032548, 38.185406274470125 ], [ -85.813134896876534, 38.185136276160783 ], [ -85.813233899244096, 38.184997275288097 ], [ -85.813354897777501, 38.184817274249582 ], [ -85.814183898710809, 38.183616274270385 ], [ -85.814503899714083, 38.183146273543997 ], [ -85.814943897738502, 38.182487274212342 ], [ -85.815303898134161, 38.181957274605359 ], [ -85.815504897913684, 38.181667274803836 ], [ -85.815694899217462, 38.181407275814742 ], [ -85.815864897445152, 38.18118627291939 ], [ -85.815914897854896, 38.181117274346278 ], [ -85.816104898584129, 38.180867275053217 ], [ -85.816393898969324, 38.180577273328026 ], [ -85.816534900982631, 38.18044627440635 ], [ -85.816793895710219, 38.180186274064617 ], [ -85.81776489831195, 38.179237273922794 ], [ -85.818689897384431, 38.178338274817172 ], [ -85.819123900197283, 38.177926273548948 ], [ -85.819543899153388, 38.177566273698538 ], [ -85.820234898659876, 38.176977274259762 ], [ -85.820824898653072, 38.176486273706708 ], [ -85.821544899182882, 38.175856273238111 ], [ -85.821994901772811, 38.175477273582743 ], [ -85.822863900806297, 38.174737274289576 ], [ -85.822984897816923, 38.174637272846461 ], [ -85.823353898239631, 38.174326273076822 ], [ -85.823754901574816, 38.173986274116473 ], [ -85.82380389946951, 38.173947273026421 ], [ -85.823983901347759, 38.173776272406663 ], [ -85.824294900585542, 38.173477271193626 ], [ -85.824824899465355, 38.172906273013346 ], [ -85.826365898605872, 38.171176272609458 ], [ -85.826923899756139, 38.170536273286046 ], [ -85.827434901090768, 38.169967273623932 ], [ -85.827984901664962, 38.169276272896674 ], [ -85.828104902192848, 38.169116273294513 ], [ -85.828493900089171, 38.168527270314144 ], [ -85.828884899200744, 38.167836270726632 ], [ -85.828933900568387, 38.167737271539593 ], [ -85.829083900476093, 38.167416270676007 ], [ -85.829203901704929, 38.167177272176652 ], [ -85.829334899743415, 38.166917272376786 ], [ -85.829784902087923, 38.165986270138781 ], [ -85.830373901917923, 38.164786271752021 ], [ -85.831143902068689, 38.163196270995172 ], [ -85.831704899201654, 38.162057272112584 ], [ -85.832093900815181, 38.161257271356043 ], [ -85.83218390309068, 38.161077271459689 ], [ -85.832484902905833, 38.160466270898674 ], [ -85.832704902914585, 38.160026269879076 ], [ -85.833666900877205, 38.158065269140842 ], [ -85.833994904091711, 38.15739627046942 ], [ -85.834134900564919, 38.157097270038804 ], [ -85.834243903385627, 38.156866269889889 ], [ -85.834274900107616, 38.156796267910714 ], [ -85.834414902043406, 38.156477269536637 ], [ -85.834454901255739, 38.156377267418065 ], [ -85.834554901579878, 38.15613626861505 ], [ -85.834613902531487, 38.155996267350254 ], [ -85.834854902555662, 38.155487267478307 ], [ -85.834923902780574, 38.155356268929793 ], [ -85.835094902080698, 38.155027266773239 ], [ -85.835184902333154, 38.154847267729934 ], [ -85.835354903568401, 38.15444626713299 ], [ -85.835444903715569, 38.154217267992593 ], [ -85.835484901636761, 38.1541372698468 ], [ -85.835544902790588, 38.153986268697778 ], [ -85.835785900721277, 38.153383269851247 ], [ -85.835923902737974, 38.15306726618158 ], [ -85.836313900403468, 38.152137267659505 ], [ -85.836583902509346, 38.15149626680109 ], [ -85.836654902154265, 38.151337267420857 ], [ -85.836673900234317, 38.151276268043866 ], [ -85.836913901053634, 38.15066626634183 ], [ -85.836993900147135, 38.150476267433376 ], [ -85.837133903239931, 38.150046267973494 ], [ -85.837164900408254, 38.149946267127923 ], [ -85.837464903435006, 38.148946266783142 ], [ -85.837554900217839, 38.148637268870317 ], [ -85.837853902269643, 38.147647267648793 ], [ -85.838184900153337, 38.14656726833725 ], [ -85.838403900670912, 38.145986266430647 ], [ -85.838544902730845, 38.145667265854279 ], [ -85.838737901273618, 38.145241266038767 ], [ -85.839033900835005, 38.144607264822689 ], [ -85.839103900505904, 38.144476266998744 ], [ -85.839303903095086, 38.144076265303383 ], [ -85.839594900580863, 38.14349726634444 ], [ -85.839913903460229, 38.14279726446243 ], [ -85.840134901441331, 38.14232726678528 ], [ -85.840524900340213, 38.141556264055829 ], [ -85.840683903564155, 38.141277264132555 ], [ -85.841133900751842, 38.140576264593719 ], [ -85.841503902381177, 38.140046267123019 ], [ -85.842343902455468, 38.138837264392798 ], [ -85.842424902560737, 38.138716265689119 ], [ -85.84325390377029, 38.137497264830095 ], [ -85.84355490418011, 38.137006265396003 ], [ -85.844053904791707, 38.136217264134039 ], [ -85.84442390205399, 38.135616264518156 ], [ -85.845093901303215, 38.134556262730662 ], [ -85.845823904510254, 38.13340626526746 ], [ -85.845894904846119, 38.133286262504178 ], [ -85.846143902067851, 38.132866262833929 ], [ -85.846223905053975, 38.132736263134056 ], [ -85.846663902451198, 38.132067263533081 ], [ -85.847014905187308, 38.131496262508897 ], [ -85.847364903259674, 38.130946263822352 ], [ -85.84754490399618, 38.130676262714964 ], [ -85.847853901891412, 38.130207264228666 ], [ -85.848213904773885, 38.129727263091823 ], [ -85.84856390452849, 38.129256262076908 ], [ -85.849224903411951, 38.128546262375927 ], [ -85.850334905585001, 38.127356261741987 ], [ -85.851474905955371, 38.126147261579106 ], [ -85.852263903142827, 38.125306261437125 ], [ -85.853233903437186, 38.124157261655128 ], [ -85.853844904487644, 38.123396261036852 ], [ -85.854453905220424, 38.122657259589744 ], [ -85.854664906592433, 38.122416262023378 ], [ -85.855053907320951, 38.121946262016706 ], [ -85.855303903317633, 38.121666262263744 ], [ -85.855744904900433, 38.121156262589153 ], [ -85.856303906317351, 38.120506262069412 ], [ -85.857224903393885, 38.119426261434107 ], [ -85.857364905020049, 38.119256261832831 ], [ -85.858633904406076, 38.117787259197257 ], [ -85.858773907416278, 38.117626259288301 ], [ -85.859093905765462, 38.117266258979789 ], [ -85.859263905359171, 38.117076260643508 ], [ -85.860414908304278, 38.115736260687363 ], [ -85.860594905139095, 38.115517260345818 ], [ -85.861153906932273, 38.114866260140019 ], [ -85.861743908077358, 38.114187260898227 ], [ -85.86251390472988, 38.113287260399701 ], [ -85.863093907981181, 38.112627260387235 ], [ -85.863583908575734, 38.11204625895671 ], [ -85.864064906581788, 38.111426260105837 ], [ -85.864453905768656, 38.110937259030599 ], [ -85.864654907527949, 38.110696260617225 ], [ -85.864773906045329, 38.110536258096609 ], [ -85.8651849052073, 38.109986259723897 ], [ -85.865644910010658, 38.109336258197537 ], [ -85.866293908612647, 38.108346258768911 ], [ -85.866573908519172, 38.107916258706894 ], [ -85.866733905908944, 38.107677256741304 ], [ -85.867164907554042, 38.106977256870842 ], [ -85.867224907584699, 38.106867259360506 ], [ -85.867444908070723, 38.106517256288235 ], [ -85.867553907221549, 38.106327257339935 ], [ -85.867804909403119, 38.105926257465981 ], [ -85.868214908862782, 38.105267257753916 ], [ -85.868443908404274, 38.104887256461694 ], [ -85.868803908353982, 38.104316255412577 ], [ -85.869343908324581, 38.103426256721278 ], [ -85.869613907204425, 38.102976256084204 ], [ -85.869914909046173, 38.102467255496613 ], [ -85.871094906761442, 38.100456255592057 ], [ -85.871373908084493, 38.099976257456746 ], [ -85.87192390909378, 38.099037257222882 ] ], [ [ -85.766663890577348, 38.246886290925012 ], [ -85.766364889327591, 38.246856290211149 ], [ -85.76632488855924, 38.247076289941887 ], [ -85.766234887775312, 38.247706290090797 ], [ -85.76610488833515, 38.24851628867421 ], [ -85.765983891136841, 38.249177288963686 ], [ -85.765863890051833, 38.249817290359971 ], [ -85.765853890074808, 38.249866288526647 ], [ -85.765744888239922, 38.250486290646158 ], [ -85.765704891125608, 38.250717289227545 ], [ -85.765663888832975, 38.250957291786257 ], [ -85.765623888081237, 38.25120628944331 ], [ -85.765583890529655, 38.251427291145923 ], [ -85.765483889029809, 38.252006289366705 ], [ -85.765294889996682, 38.25315629141086 ], [ -85.765263891289379, 38.253336289489667 ], [ -85.765194890413511, 38.253747290860069 ], [ -85.765074887197258, 38.254407291464915 ], [ -85.765024889016587, 38.254687291167322 ] ], [ [ -85.766663890577348, 38.246886290925012 ], [ -85.766634887375488, 38.247066291113306 ], [ -85.766573889705981, 38.247436289356045 ], [ -85.766544888947209, 38.247657289485822 ], [ -85.766374889556431, 38.248547288050361 ], [ -85.766253887879202, 38.249206290716202 ], [ -85.766144889792074, 38.249856290580539 ], [ -85.766144888295088, 38.249887290348049 ], [ -85.766033890677036, 38.250507291213005 ], [ -85.765993887089365, 38.250756289065066 ], [ -85.765953886958684, 38.25099628902705 ], [ -85.765914886953041, 38.251237288711302 ], [ -85.765874887211581, 38.251476289627199 ], [ -85.765773889485757, 38.252047288495746 ], [ -85.765564887482526, 38.253176290238009 ], [ -85.765524890147702, 38.253376292368095 ], [ -85.765434889282091, 38.253777291507809 ], [ -85.765294888260186, 38.254417290441069 ], [ -85.765223889216145, 38.254716289555873 ], [ -85.765024889016587, 38.254687291167322 ] ] ] } },
{ "type": "Feature", "properties": { "OBJECTID": 5, "ROUTE_NAME": "Twelfth Street", "ROUTE_TYPE": "Local Route", "ROUTE_NUMBER": 12, "TARC_WEB": "https://www.ridetarc.org/bus_routes/twelfth-street/", "SHAPELEN": 51628.049018088001 }, "geometry": { "type": "MultiLineString", "coordinates": [ [ [ -85.777113891421607, 38.225958285162285 ], [ -85.77719589129147, 38.225497284794407 ] ], [ [ -85.774633889242708, 38.22191728327843 ], [ -85.773754891310972, 38.222496283801767 ] ], [ [ -85.775743890505566, 38.221187284953885 ], [ -85.774633889242708, 38.22191728327843 ] ], [ [ -85.776314887987112, 38.220796283940842 ], [ -85.775743890505566, 38.221187284953885 ] ], [ [ -85.776513888730506, 38.220666283714493 ], [ -85.776314887987112, 38.220796283940842 ] ], [ [ -85.776843890129484, 38.220447282657624 ], [ -85.776513888730506, 38.220666283714493 ] ], [ [ -85.777174891934877, 38.22022628328186 ], [ -85.776843890129484, 38.220447282657624 ] ], [ [ -85.777453888206807, 38.220097284382369 ], [ -85.777174891934877, 38.22022628328186 ] ], [ [ -85.78535489497115, 38.263816290718552 ], [ -85.785073894123101, 38.264297291613182 ] ], [ [ -85.785743895925705, 38.26317629196987 ], [ -85.78535489497115, 38.263816290718552 ] ], [ [ -85.78586489629518, 38.262546290527773 ], [ -85.785743895925705, 38.26317629196987 ] ], [ [ -85.784644896769706, 38.262417292308804 ], [ -85.78586489629518, 38.262546290527773 ] ], [ [ -85.783683893498633, 38.262327292111095 ], [ -85.784644896769706, 38.262417292308804 ] ], [ [ -85.782553892949139, 38.262217293513025 ], [ -85.783683893498633, 38.262327292111095 ] ], [ [ -85.781643892786462, 38.26211729030971 ], [ -85.782553892949139, 38.262217293513025 ] ], [ [ -85.780893892475873, 38.262027291296015 ], [ -85.781643892786462, 38.26211729030971 ] ], [ [ -85.779244891618248, 38.261836290813029 ], [ -85.780893892475873, 38.262027291296015 ] ], [ [ -85.777593892010572, 38.261646292297947 ], [ -85.779244891618248, 38.261836290813029 ] ], [ [ -85.777714892299883, 38.260996292701904 ], [ -85.777593892010572, 38.261646292297947 ] ], [ [ -85.777823894423918, 38.260347290923789 ], [ -85.777714892299883, 38.260996292701904 ] ], [ [ -85.776163890761353, 38.260167291134657 ], [ -85.777823894423918, 38.260347290923789 ] ], [ [ -85.776283892462587, 38.259527292626444 ], [ -85.776163890761353, 38.260167291134657 ] ], [ [ -85.776414893307916, 38.258836290640069 ], [ -85.776283892462587, 38.259527292626444 ] ], [ [ -85.776534894957223, 38.258097291546235 ], [ -85.776414893307916, 38.258836290640069 ] ], [ [ -85.776643893603094, 38.257426292276648 ], [ -85.776534894957223, 38.258097291546235 ] ], [ [ -85.775004892999789, 38.257246290717255 ], [ -85.776643893603094, 38.257426292276648 ] ], [ [ -85.773273890970444, 38.257046291570354 ], [ -85.775004892999789, 38.257246290717255 ] ], [ [ -85.771644890946604, 38.256856290914783 ], [ -85.773273890970444, 38.257046291570354 ] ], [ [ -85.771864891040451, 38.255457292234091 ], [ -85.771979892091096, 38.255475289579117 ] ], [ [ -85.771979892091096, 38.255475289579117 ], [ -85.773434892952636, 38.255637289754532 ] ], [ [ -85.773434892952636, 38.255637289754532 ], [ -85.773513891623026, 38.255647289467518 ] ], [ [ -85.773513891623026, 38.255647289467518 ], [ -85.773643889571616, 38.255657289840833 ] ], [ [ -85.773643889571616, 38.255657289840833 ], [ -85.775244892759943, 38.25581729075595 ] ], [ [ -85.775244892759943, 38.25581729075595 ], [ -85.775113891103459, 38.256547290201468 ] ], [ [ -85.775113891103459, 38.256547290201468 ], [ -85.775004892999789, 38.257246290717255 ] ], [ [ -85.775004892999789, 38.257246290717255 ], [ -85.774863893570867, 38.257977292215919 ] ], [ [ -85.774863893570867, 38.257977292215919 ], [ -85.774734891563128, 38.25865629204381 ] ], [ [ -85.774734891563128, 38.25865629204381 ], [ -85.776414893307916, 38.258836290640069 ] ], [ [ -85.776414893307916, 38.258836290640069 ], [ -85.778053892355985, 38.259007292251425 ] ], [ [ -85.778053892355985, 38.259007292251425 ], [ -85.779723892760515, 38.259206290014767 ] ], [ [ -85.779723892760515, 38.259206290014767 ], [ -85.779594891652309, 38.259877289969268 ] ], [ [ -85.779594891652309, 38.259877289969268 ], [ -85.779483891779421, 38.260536292608165 ] ], [ [ -85.779483891779421, 38.260536292608165 ], [ -85.779353892461344, 38.261196292219964 ] ], [ [ -85.779353892461344, 38.261196292219964 ], [ -85.779334891098173, 38.26130729228116 ] ], [ [ -85.779334891098173, 38.26130729228116 ], [ -85.779244891618248, 38.261836290813029 ] ], [ [ -85.784644896769706, 38.262417292308804 ], [ -85.784734894208285, 38.262626290643958 ] ], [ [ -85.784734894208285, 38.262626290643958 ], [ -85.784883893880888, 38.262837290910724 ] ], [ [ -85.784883893880888, 38.262837290910724 ], [ -85.785184893676274, 38.263117290867804 ] ], [ [ -85.785184893676274, 38.263117290867804 ], [ -85.785264895183502, 38.263217292611557 ] ], [ [ -85.785264895183502, 38.263217292611557 ], [ -85.785354896511862, 38.263327293588745 ] ], [ [ -85.785354896511862, 38.263327293588745 ], [ -85.785414894617816, 38.263456292201255 ] ], [ [ -85.785414894617816, 38.263456292201255 ], [ -85.785423894473624, 38.263526292520503 ] ], [ [ -85.785423894473624, 38.263526292520503 ], [ -85.785423894773174, 38.263616291522375 ] ], [ [ -85.785423894773174, 38.263616291522375 ], [ -85.78535489497115, 38.263816290718552 ] ], [ [ -85.785073894123101, 38.264297291613182 ], [ -85.786543895101715, 38.264817292448342 ] ], [ [ -85.786543895101715, 38.264817292448342 ], [ -85.787993897058939, 38.265336292176308 ] ], [ [ -85.788334897236908, 38.264796291209976 ], [ -85.787993897058939, 38.265336292176308 ] ], [ [ -85.788663895063166, 38.264236292211542 ], [ -85.788334897236908, 38.264796291209976 ] ], [ [ -85.788663895063166, 38.264236292211542 ], [ -85.790513897838338, 38.26491729073625 ] ], [ [ -85.790513897838338, 38.26491729073625 ], [ -85.792363896737996, 38.26555729119552 ] ], [ [ -85.792363896737996, 38.26555729119552 ], [ -85.793004898394443, 38.265817292072938 ] ], [ [ -85.793004898394443, 38.265817292072938 ], [ -85.793724897697984, 38.266007290617651 ] ], [ [ -85.793724897697984, 38.266007290617651 ], [ -85.794373897580584, 38.26608729342496 ] ], [ [ -85.794373897580584, 38.26608729342496 ], [ -85.795634898918451, 38.266219290917476 ] ], [ [ -85.795634898918451, 38.266219290917476 ], [ -85.797673897900353, 38.266467289937289 ] ], [ [ -85.797673897900353, 38.266467289937289 ], [ -85.799254899286055, 38.266647292813502 ] ], [ [ -85.797673897900353, 38.266467289937289 ], [ -85.797453898007262, 38.267556291509479 ] ], [ [ -85.797453898007262, 38.267556291509479 ], [ -85.797204900773465, 38.268087291099505 ] ], [ [ -85.797204900773465, 38.268087291099505 ], [ -85.796834899105633, 38.268707292781862 ] ], [ [ -85.796834899105633, 38.268707292781862 ], [ -85.796503899292915, 38.269216293098268 ] ], [ [ -85.796503899292915, 38.269216293098268 ], [ -85.796193900745607, 38.269726291492297 ] ], [ [ -85.796193900745607, 38.269726291492297 ], [ -85.795854900869756, 38.270317292944398 ] ], [ [ -85.795854900869756, 38.270317292944398 ], [ -85.795503900744251, 38.270957293117192 ] ], [ [ -85.795273897622934, 38.270877291863755 ], [ -85.795503900744251, 38.270957293117192 ] ], [ [ -85.795273897622934, 38.270877291863755 ], [ -85.794764898092851, 38.271736292524054 ] ], [ [ -85.794764898092851, 38.271736292524054 ], [ -85.794272896290394, 38.272612292742636 ] ], [ [ -85.794272896290394, 38.272612292742636 ], [ -85.794954900539238, 38.272866293480426 ] ], [ [ -85.794954900539238, 38.272866293480426 ], [ -85.796114899754627, 38.273297293455109 ] ], [ [ -85.796114899754627, 38.273297293455109 ], [ -85.796413899139736, 38.273397293601271 ] ], [ [ -85.796413899139736, 38.273397293601271 ], [ -85.796654898325556, 38.273487295032922 ] ], [ [ -85.796654898325556, 38.273487295032922 ], [ -85.797654899356544, 38.273796292243162 ] ], [ [ -85.797654899356544, 38.273796292243162 ], [ -85.79791490149934, 38.273886293408275 ] ], [ [ -85.79791490149934, 38.273886293408275 ], [ -85.798533901021401, 38.274126294990538 ] ], [ [ -85.798533901021401, 38.274126294990538 ], [ -85.799044900301553, 38.274316292420821 ] ], [ [ -85.799044900301553, 38.274316292420821 ], [ -85.799134901305692, 38.274357293851637 ] ], [ [ -85.799134901305692, 38.274357293851637 ], [ -85.800733902361443, 38.274927295118324 ] ], [ [ -85.800953901738154, 38.274917292474797 ], [ -85.800733902361443, 38.274927295118324 ] ], [ [ -85.801344899436316, 38.27489729466231 ], [ -85.800953901738154, 38.274917292474797 ] ], [ [ -85.802784900096157, 38.274807293650966 ], [ -85.801344899436316, 38.27489729466231 ] ], [ [ -85.804584900230637, 38.274696291617126 ], [ -85.802784900096157, 38.274807293650966 ] ], [ [ -85.804503903227399, 38.273966294011075 ], [ -85.804584900230637, 38.274696291617126 ] ], [ [ -85.804444900708404, 38.273436291062076 ], [ -85.804503903227399, 38.273966294011075 ] ], [ [ -85.804434903697768, 38.273336294110578 ], [ -85.804444900708404, 38.273436291062076 ] ], [ [ -85.804413902545278, 38.273127291709699 ], [ -85.804434903697768, 38.273336294110578 ] ], [ [ -85.804394901099784, 38.272976293930626 ], [ -85.804413902545278, 38.273127291709699 ] ], [ [ -85.804324902777807, 38.272403291386809 ], [ -85.804394901099784, 38.272976293930626 ] ], [ [ -85.804363900106893, 38.272186291698638 ], [ -85.804324902777807, 38.272403291386809 ] ], [ [ -85.804404903212742, 38.272057293998543 ], [ -85.804363900106893, 38.272186291698638 ] ], [ [ -85.804543899042329, 38.27178629130303 ], [ -85.804404903212742, 38.272057293998543 ] ], [ [ -85.804614901747712, 38.27166729283622 ], [ -85.804543899042329, 38.27178629130303 ] ], [ [ -85.804743901621109, 38.271446293925266 ], [ -85.804614901747712, 38.27166729283622 ] ], [ [ -85.804804902543239, 38.271286290928749 ], [ -85.804743901621109, 38.271446293925266 ] ], [ [ -85.804833900481739, 38.271176293071562 ], [ -85.804804902543239, 38.271286290928749 ] ], [ [ -85.804884900408425, 38.270986291781703 ], [ -85.804833900481739, 38.271176293071562 ] ], [ [ -85.804953899038239, 38.270597291092812 ], [ -85.804884900408425, 38.270986291781703 ] ], [ [ -85.804993901717353, 38.270337293266273 ], [ -85.804953899038239, 38.270597291092812 ] ], [ [ -85.805034899706243, 38.269726293273145 ], [ -85.804993901717353, 38.270337293266273 ] ], [ [ -85.805074902953251, 38.269597291412786 ], [ -85.805034899706243, 38.269726293273145 ] ], [ [ -85.80516490226529, 38.269476292270291 ], [ -85.805074902953251, 38.269597291412786 ] ], [ [ -85.805223901177683, 38.269417293613408 ], [ -85.80516490226529, 38.269476292270291 ] ], [ [ -85.805384901667665, 38.26930629339904 ], [ -85.805223901177683, 38.269417293613408 ] ], [ [ -85.805643904097195, 38.269147292394102 ], [ -85.805384901667665, 38.26930629339904 ] ], [ [ -85.805773899130713, 38.269036292552478 ], [ -85.805643904097195, 38.269147292394102 ] ], [ [ -85.805874900113309, 38.268916292930314 ], [ -85.805773899130713, 38.269036292552478 ] ], [ [ -85.805934900797169, 38.268777291865874 ], [ -85.805874900113309, 38.268916292930314 ] ], [ [ -85.805953902098651, 38.26861729141104 ], [ -85.805934900797169, 38.268777291865874 ] ], [ [ -85.80601490164301, 38.268077289888765 ], [ -85.805953902098651, 38.26861729141104 ] ], [ [ -85.806213901731269, 38.266187290012823 ], [ -85.80601490164301, 38.268077289888765 ] ], [ [ -85.806294901047963, 38.265557290148458 ], [ -85.806213901731269, 38.266187290012823 ] ], [ [ -85.806334902760355, 38.265316289810436 ], [ -85.806294901047963, 38.265557290148458 ] ], [ [ -85.806393900393502, 38.264847291616427 ], [ -85.806334902760355, 38.265316289810436 ] ], [ [ -85.80655490373988, 38.263507291740723 ], [ -85.806393900393502, 38.264847291616427 ] ], [ [ -85.806703903039065, 38.262227291864392 ], [ -85.80655490373988, 38.263507291740723 ] ], [ [ -85.805034903140779, 38.260746290661956 ], [ -85.805654899371035, 38.260797291875413 ] ], [ [ -85.804854901629199, 38.260726290045561 ], [ -85.805034903140779, 38.260746290661956 ] ], [ [ -85.804373899170898, 38.260666290978264 ], [ -85.804854901629199, 38.260726290045561 ] ], [ [ -85.802904900602329, 38.260527291298402 ], [ -85.804373899170898, 38.260666290978264 ] ], [ [ -85.802713902024735, 38.260507289415806 ], [ -85.802904900602329, 38.260527291298402 ] ], [ [ -85.80246489985403, 38.260486290177433 ], [ -85.802713902024735, 38.260507289415806 ] ], [ [ -85.802253898786745, 38.260456288753758 ], [ -85.80246489985403, 38.260486290177433 ] ], [ [ -85.800894899809791, 38.26029628891245 ], [ -85.802253898786745, 38.260456288753758 ] ], [ [ -85.800894899809791, 38.26029628891245 ], [ -85.800783897746612, 38.260846289412612 ] ], [ [ -85.800783897746612, 38.260846289412612 ], [ -85.800643898497555, 38.26152629068784 ] ], [ [ -85.800643898497555, 38.26152629068784 ], [ -85.800403901532945, 38.262857291762344 ] ], [ [ -85.800403901532945, 38.262857291762344 ], [ -85.800283901882878, 38.263507290350546 ] ], [ [ -85.800283901882878, 38.263507290350546 ], [ -85.800174899625702, 38.264176292009999 ] ], [ [ -85.800174899625702, 38.264176292009999 ], [ -85.799883901782408, 38.265627292009626 ] ], [ [ -85.799883901782408, 38.265627292009626 ], [ -85.799833900698431, 38.266036292200582 ] ], [ [ -85.799833900698431, 38.266036292200582 ], [ -85.799804897311859, 38.266146292311198 ] ], [ [ -85.799804897311859, 38.266146292311198 ], [ -85.799743897767343, 38.266226290328383 ] ], [ [ -85.799743897767343, 38.266226290328383 ], [ -85.799254899286055, 38.266647292813502 ] ], [ [ -85.77171389177829, 38.256666290015175 ], [ -85.771644890946604, 38.256856290914783 ] ], [ [ -85.7718248888321, 38.256256292433896 ], [ -85.77171389177829, 38.256666290015175 ] ], [ [ -85.771979892091096, 38.255475289579117 ], [ -85.7718248888321, 38.256256292433896 ] ], [ [ -85.772044889096946, 38.255146291385884 ], [ -85.771979892091096, 38.255475289579117 ] ], [ [ -85.772113890858975, 38.254677292282985 ], [ -85.772044889096946, 38.255146291385884 ] ], [ [ -85.772193891720249, 38.254156291227311 ], [ -85.772113890858975, 38.254677292282985 ] ], [ [ -85.772243890589891, 38.253916289097894 ], [ -85.772193891720249, 38.254156291227311 ] ], [ [ -85.772343892726923, 38.253397289514879 ], [ -85.772243890589891, 38.253916289097894 ] ], [ [ -85.772383889881937, 38.253147290381122 ], [ -85.772343892726923, 38.253397289514879 ] ], [ [ -85.772454892072147, 38.252746289269098 ], [ -85.772383889881937, 38.253147290381122 ] ], [ [ -85.772653892543346, 38.251707289757974 ], [ -85.772454892072147, 38.252746289269098 ] ], [ [ -85.772823889360936, 38.250826289609776 ], [ -85.772653892543346, 38.251707289757974 ] ], [ [ -85.772863889900862, 38.2506172902049 ], [ -85.772823889360936, 38.250826289609776 ] ], [ [ -85.772904890872312, 38.250316291109399 ], [ -85.772863889900862, 38.2506172902049 ] ], [ [ -85.772884889917961, 38.250116289189648 ], [ -85.772904890872312, 38.250316291109399 ] ], [ [ -85.772844892010923, 38.249946291328691 ], [ -85.772884889917961, 38.250116289189648 ] ], [ [ -85.772764892639202, 38.24980728956784 ], [ -85.772844892010923, 38.249946291328691 ] ], [ [ -85.772433889124912, 38.249386289983306 ], [ -85.772764892639202, 38.24980728956784 ] ], [ [ -85.771743889299827, 38.248426290663168 ], [ -85.772433889124912, 38.249386289983306 ] ], [ [ -85.771644888581321, 38.248136289076854 ], [ -85.771743889299827, 38.248426290663168 ] ], [ [ -85.771623891069183, 38.247946289897023 ], [ -85.771644888581321, 38.248136289076854 ] ], [ [ -85.771634888441469, 38.247747287964685 ], [ -85.771623891069183, 38.247946289897023 ] ], [ [ -85.771623890960669, 38.247567289199999 ], [ -85.771634888441469, 38.247747287964685 ] ], [ [ -85.771653889564348, 38.247406289916562 ], [ -85.771623890960669, 38.247567289199999 ] ], [ [ -85.771623890960669, 38.247567289199999 ], [ -85.77156389118845, 38.247737289261558 ] ], [ [ -85.77156389118845, 38.247737289261558 ], [ -85.771513890989397, 38.247997288391709 ] ], [ [ -85.771513890989397, 38.247997288391709 ], [ -85.771523890625971, 38.248146290073784 ] ], [ [ -85.771523890625971, 38.248146290073784 ], [ -85.771573889344737, 38.24833628904571 ] ], [ [ -85.771573889344737, 38.24833628904571 ], [ -85.771634890679252, 38.248476290947217 ] ], [ [ -85.771634890679252, 38.248476290947217 ], [ -85.771753889402646, 38.248666290244039 ] ], [ [ -85.771753889402646, 38.248666290244039 ], [ -85.772304889527547, 38.249437289695074 ] ], [ [ -85.772304889527547, 38.249437289695074 ], [ -85.772693891435594, 38.249946289655192 ] ], [ [ -85.772693891435594, 38.249946289655192 ], [ -85.772743890138372, 38.250087289263334 ] ], [ [ -85.772743890138372, 38.250087289263334 ], [ -85.772764889838612, 38.250257291125074 ] ], [ [ -85.772764889838612, 38.250257291125074 ], [ -85.772754888476996, 38.250406289148202 ] ], [ [ -85.772754888476996, 38.250406289148202 ], [ -85.772714889102815, 38.250597289404233 ] ], [ [ -85.772714889102815, 38.250597289404233 ], [ -85.772674891747698, 38.250807291140823 ] ], [ [ -85.772674891747698, 38.250807291140823 ], [ -85.772503889009045, 38.25169729169663 ] ], [ [ -85.772503889009045, 38.25169729169663 ], [ -85.77231489016404, 38.25272629075576 ] ], [ [ -85.77231489016404, 38.25272629075576 ], [ -85.772253891027177, 38.253117291591508 ] ], [ [ -85.772253891027177, 38.253117291591508 ], [ -85.772214891818948, 38.253376289230502 ] ], [ [ -85.772214891818948, 38.253376289230502 ], [ -85.772134892796529, 38.253896291337078 ] ], [ [ -85.772134892796529, 38.253896291337078 ], [ -85.772084888326347, 38.254137289051663 ] ], [ [ -85.772084888326347, 38.254137289051663 ], [ -85.772004892499069, 38.254667291218851 ] ], [ [ -85.772004892499069, 38.254667291218851 ], [ -85.771923891374328, 38.255136292123836 ] ], [ [ -85.771923891374328, 38.255136292123836 ], [ -85.771864891040451, 38.255457292234091 ] ], [ [ -85.771824890512747, 38.246406287320788 ], [ -85.771653889564348, 38.247406289916562 ] ], [ [ -85.771994889571531, 38.24555729005499 ], [ -85.771824890512747, 38.246406287320788 ] ], [ [ -85.772330890062761, 38.243511290483177 ], [ -85.771994889571531, 38.24555729005499 ] ], [ [ -85.772574889275234, 38.242157286845476 ], [ -85.772330890062761, 38.243511290483177 ] ], [ [ -85.772783891205862, 38.240907287769581 ], [ -85.772574889275234, 38.242157286845476 ] ], [ [ -85.773003888936771, 38.239647288564093 ], [ -85.772783891205862, 38.240907287769581 ] ], [ [ -85.773214888525843, 38.238516287056271 ], [ -85.773003888936771, 38.239647288564093 ] ], [ [ -85.77341589076913, 38.237376287083407 ], [ -85.773214888525843, 38.238516287056271 ] ], [ [ -85.773583888520321, 38.236227286800819 ], [ -85.77341589076913, 38.237376287083407 ] ], [ [ -85.773733891534519, 38.23531728830568 ], [ -85.773583888520321, 38.236227286800819 ] ], [ [ -85.773763889106178, 38.235156288164774 ], [ -85.773733891534519, 38.23531728830568 ] ], [ [ -85.773853891640442, 38.23472628593796 ], [ -85.773763889106178, 38.235156288164774 ] ], [ [ -85.773924891463622, 38.234417286817333 ], [ -85.773853891640442, 38.23472628593796 ] ], [ [ -85.773984892048858, 38.234147285706847 ], [ -85.773924891463622, 38.234417286817333 ] ], [ [ -85.774024888594298, 38.23391628687552 ], [ -85.773984892048858, 38.234147285706847 ] ], [ [ -85.77404389099604, 38.233816286639765 ], [ -85.774024888594298, 38.23391628687552 ] ], [ [ -85.774204890234429, 38.232867285700486 ], [ -85.77404389099604, 38.233816286639765 ] ], [ [ -85.77428489062136, 38.23253728592146 ], [ -85.774204890234429, 38.232867285700486 ] ], [ [ -85.774443889088261, 38.231646286819583 ], [ -85.77428489062136, 38.23253728592146 ] ], [ [ -85.774453891696439, 38.23156628439844 ], [ -85.774443889088261, 38.231646286819583 ] ], [ [ -85.774633887968491, 38.230486285806052 ], [ -85.774453891696439, 38.23156628439844 ] ], [ [ -85.774882888537647, 38.229064287500336 ], [ -85.774633887968491, 38.230486285806052 ] ], [ [ -85.774953890894338, 38.22858628494761 ], [ -85.774882888537647, 38.229064287500336 ] ], [ [ -85.775144891480352, 38.227546286667263 ], [ -85.774953890894338, 38.22858628494761 ] ], [ [ -85.775163890674477, 38.227446286186044 ], [ -85.775144891480352, 38.227546286667263 ] ], [ [ -85.775163887721675, 38.227217285418909 ], [ -85.775163890674477, 38.227446286186044 ] ], [ [ -85.77509488949029, 38.227066283953562 ], [ -85.775163887721675, 38.227217285418909 ] ], [ [ -85.774884889622157, 38.226867284059246 ], [ -85.77509488949029, 38.227066283953562 ] ], [ [ -85.774204890430909, 38.226307283407529 ], [ -85.774884889622157, 38.226867284059246 ] ], [ [ -85.774254888444318, 38.225996285248719 ], [ -85.774204890430909, 38.226307283407529 ] ], [ [ -85.774344889288471, 38.225466286051727 ], [ -85.774254888444318, 38.225996285248719 ] ], [ [ -85.774464889559908, 38.22479728473494 ], [ -85.774344889288471, 38.225466286051727 ] ], [ [ -85.774564888361581, 38.224227283999923 ], [ -85.774464889559908, 38.22479728473494 ] ], [ [ -85.77464488727675, 38.223817284660157 ], [ -85.774564888361581, 38.224227283999923 ] ], [ [ -85.774654889103829, 38.22369728441587 ], [ -85.77464488727675, 38.223817284660157 ] ], [ [ -85.774633889617334, 38.223576284941807 ], [ -85.774654889103829, 38.22369728441587 ] ], [ [ -85.774593889592552, 38.22345628542012 ], [ -85.774633889617334, 38.223576284941807 ] ], [ [ -85.773754891310972, 38.222496283801767 ], [ -85.774593889592552, 38.22345628542012 ] ], [ [ -85.777453888206807, 38.220097284382369 ], [ -85.77761489119483, 38.220306282551995 ] ], [ [ -85.77761489119483, 38.220306282551995 ], [ -85.777674888200153, 38.220387285005394 ] ], [ [ -85.777674888200153, 38.220387285005394 ], [ -85.777714888573399, 38.220416285267994 ] ], [ [ -85.777714888573399, 38.220416285267994 ], [ -85.777963891132657, 38.220637283125107 ] ], [ [ -85.777963891132657, 38.220637283125107 ], [ -85.778244888325432, 38.220846282154525 ] ], [ [ -85.778244888325432, 38.220846282154525 ], [ -85.778043891851169, 38.221097283204962 ] ], [ [ -85.778043891851169, 38.221097283204962 ], [ -85.777974891406913, 38.221206284343062 ] ], [ [ -85.777974891406913, 38.221206284343062 ], [ -85.777934892327963, 38.221306285626845 ] ], [ [ -85.777934892327963, 38.221306285626845 ], [ -85.777714889377009, 38.222486285635277 ] ], [ [ -85.777714889377009, 38.222486285635277 ], [ -85.777553888702371, 38.223406284541916 ] ], [ [ -85.777553888702371, 38.223406284541916 ], [ -85.777534891943205, 38.223556283533497 ] ], [ [ -85.777534891943205, 38.223556283533497 ], [ -85.777444889747713, 38.224176284883114 ] ], [ [ -85.777444889747713, 38.224176284883114 ], [ -85.777323889043103, 38.224806283412391 ] ], [ [ -85.777323889043103, 38.224806283412391 ], [ -85.777304890144819, 38.224887286155102 ] ], [ [ -85.777304890144819, 38.224887286155102 ], [ -85.77719388939272, 38.225497283517448 ] ], [ [ -85.777113891421607, 38.225958285162285 ], [ -85.777063889172211, 38.226256284035983 ] ], [ [ -85.777063889172211, 38.226256284035983 ], [ -85.777003891669338, 38.226546284289292 ] ], [ [ -85.777003891669338, 38.226546284289292 ], [ -85.776904890000836, 38.226996284362315 ] ], [ [ -85.776904890000836, 38.226996284362315 ], [ -85.776854888309757, 38.227256283347693 ] ], [ [ -85.776854888309757, 38.227256283347693 ], [ -85.776774891811442, 38.227616286115605 ] ], [ [ -85.776004888020879, 38.227536285128068 ], [ -85.776774891811442, 38.227616286115605 ] ], [ [ -85.775163890674477, 38.227446286186044 ], [ -85.776004888020879, 38.227536285128068 ] ], [ [ -85.80681389965288, 38.261376290286719 ], [ -85.806703903039065, 38.262227291864392 ] ], [ [ -85.806824900158063, 38.261317291848179 ], [ -85.80681389965288, 38.261376290286719 ] ], [ [ -85.806864903188171, 38.2610862914579 ], [ -85.806824900158063, 38.261317291848179 ] ], [ [ -85.806903903913948, 38.260936288745185 ], [ -85.806864903188171, 38.2610862914579 ] ], [ [ -85.805654899371035, 38.260797291875413 ], [ -85.806903903913948, 38.260936288745185 ] ] ] } },
{ "type": "Feature", "properties": { "OBJECTID": 6, "ROUTE_NAME": "Bardstown Road", "ROUTE_TYPE": "Local Route", "ROUTE_NUMBER": 17, "TARC_WEB": "https://www.ridetarc.org/bus_routes/bardstown-road/", "SHAPELEN": 68556.279541418306 }, "geometry": { "type": "MultiLineString", "coordinates": [ [ [ -85.575943822876468, 38.128066275038513 ], [ -85.576403824676873, 38.127896273924819 ], [ -85.575105823760737, 38.125229275770955 ], [ -85.574733825007797, 38.125347276332761 ], [ -85.574505822032748, 38.125407275149513 ], [ -85.575633822542528, 38.127696276514314 ], [ -85.575763824485662, 38.12788627521703 ], [ -85.575943822876468, 38.128066275038513 ] ], [ [ -85.575943822876468, 38.128066275038513 ], [ -85.576459824318491, 38.129040275618522 ], [ -85.576633824477128, 38.1293772742466 ], [ -85.57694382277883, 38.129847274046107 ], [ -85.577374826392202, 38.130426277034196 ], [ -85.578084824111357, 38.131347275715427 ], [ -85.578163823897057, 38.131457275714929 ], [ -85.578553827895206, 38.132056274712831 ], [ -85.578843827867985, 38.132576274562581 ], [ -85.578954823717922, 38.132766277032523 ], [ -85.579394825978341, 38.13367627694916 ], [ -85.579644826779969, 38.134172274929234 ], [ -85.579884823816485, 38.134656278649089 ], [ -85.580304828021028, 38.135487275437633 ], [ -85.581393827603023, 38.137747275775936 ], [ -85.581523827620458, 38.138017278937774 ] ], [ [ -85.581523827620458, 38.138017278937774 ], [ -85.581613826360879, 38.138097277995797 ], [ -85.581684828796213, 38.138236275483351 ], [ -85.581813827212159, 38.138516276081049 ], [ -85.582153825400979, 38.139226277900242 ], [ -85.582274828159512, 38.139467278909351 ], [ -85.582684825236072, 38.14032627755072 ], [ -85.583124826001239, 38.141196277551373 ], [ -85.583323828940635, 38.141617279074083 ], [ -85.58343382583972, 38.141836279718433 ], [ -85.583674825695809, 38.142357278020455 ], [ -85.584034828272806, 38.143116277024625 ], [ -85.584252825944304, 38.143534279086609 ], [ -85.58480482811126, 38.144697276939155 ], [ -85.584834828539115, 38.14476727712858 ], [ -85.585014828403459, 38.14514727798084 ], [ -85.585183829287814, 38.145497277355254 ], [ -85.585183827936177, 38.145657278008123 ] ], [ [ -85.581523827620458, 38.138017278937774 ], [ -85.581523827202446, 38.138097275825707 ], [ -85.581543826799191, 38.138226275566801 ], [ -85.581604825885449, 38.138377275461657 ], [ -85.581684825161432, 38.13856727580302 ], [ -85.582134825336581, 38.139506276353693 ], [ -85.582533827315231, 38.140336276380346 ], [ -85.582963825966971, 38.141226278052677 ], [ -85.583184826616787, 38.141656276591576 ], [ -85.583283827765584, 38.141877277442134 ], [ -85.583534826752896, 38.142396277038003 ], [ -85.58389482564472, 38.143157277880881 ], [ -85.584093825284427, 38.143587279245537 ], [ -85.584294825866763, 38.143957277750253 ], [ -85.584664827755162, 38.144716277198761 ], [ -85.584894829489642, 38.145186279623466 ], [ -85.585074828667274, 38.14554627688257 ], [ -85.585183827936177, 38.145657278008123 ] ], [ [ -85.585183827936177, 38.145657278008123 ], [ -85.58583482979283, 38.147037277952478 ], [ -85.586684830751011, 38.148686278783671 ], [ -85.586983827415864, 38.149367279277712 ], [ -85.587253828662597, 38.149969280593083 ], [ -85.587433829033046, 38.15033727986436 ], [ -85.587743828086957, 38.150956281146719 ], [ -85.588204830776604, 38.151887278524001 ], [ -85.588574830011865, 38.152636279774285 ], [ -85.58926383079546, 38.154127281200928 ], [ -85.589913831949644, 38.155467280890541 ], [ -85.589934831942614, 38.155506281133285 ], [ -85.589974829197445, 38.155577280900836 ], [ -85.590633830692781, 38.156876280618171 ], [ -85.590774830586824, 38.15719728049865 ], [ -85.590933828595993, 38.157557280465547 ], [ -85.5911948327104, 38.158056279565535 ], [ -85.591563830827596, 38.158856278948399 ], [ -85.591963832260291, 38.159676281061749 ], [ -85.592264829715802, 38.160167279088583 ], [ -85.592624831576472, 38.160617281239709 ], [ -85.593143832044504, 38.161067281351869 ], [ -85.595167830810141, 38.162419281721832 ], [ -85.595994830855275, 38.162967283096258 ], [ -85.596343834044504, 38.163196280913347 ], [ -85.596523831013712, 38.163317279713183 ], [ -85.596764832334173, 38.163477282325822 ], [ -85.597363834610576, 38.163857280727562 ], [ -85.597863835237774, 38.164186281152155 ], [ -85.598064832679498, 38.164317282184015 ], [ -85.598204833571728, 38.164416282592661 ], [ -85.598884833665053, 38.164866281555447 ], [ -85.601193835512305, 38.166377280536743 ], [ -85.602063834594631, 38.166946283183783 ], [ -85.602754834095094, 38.167416280281273 ], [ -85.603543835859341, 38.167946283223927 ], [ -85.604403834616591, 38.168496280692686 ], [ -85.605106836637006, 38.168946282605788 ], [ -85.605243835266918, 38.169046281131415 ], [ -85.605933833549798, 38.169486281558008 ], [ -85.606934834780759, 38.170137282845943 ], [ -85.606993836293157, 38.170176280955289 ], [ -85.609063839152341, 38.171577283783442 ], [ -85.611804838238783, 38.173356282533284 ], [ -85.613014837089921, 38.174037282011923 ], [ -85.613523840515199, 38.174307281757287 ], [ -85.614883839745815, 38.174907280896541 ], [ -85.615653838905303, 38.175246281506205 ], [ -85.616543841418277, 38.175647284294101 ], [ -85.616993838873682, 38.175846284535751 ], [ -85.618014842169273, 38.176326280804396 ], [ -85.618544841671138, 38.176617283126262 ], [ -85.620034838073153, 38.177416283198056 ], [ -85.62159384279876, 38.178257282358288 ], [ -85.62177384110349, 38.178357285035943 ], [ -85.622573839653512, 38.178787282398247 ], [ -85.62304484148477, 38.17905728327122 ], [ -85.623243842110611, 38.179167283313134 ], [ -85.623553843742727, 38.179347284789507 ], [ -85.623994840573175, 38.17959728481847 ], [ -85.624113842647859, 38.179666282119967 ], [ -85.624704841543647, 38.179996281378401 ], [ -85.625463843867024, 38.180427284697657 ], [ -85.625623840530167, 38.180517283817807 ], [ -85.625643842664104, 38.180526282529598 ], [ -85.626223842946217, 38.180847282656863 ], [ -85.626853841373276, 38.18119628270756 ], [ -85.627184841045889, 38.181376284396791 ], [ -85.62780384259375, 38.181726284601538 ], [ -85.628174842620396, 38.181937284144134 ], [ -85.628724845936674, 38.182246281611185 ], [ -85.630323846444782, 38.18314628214128 ], [ -85.630893846323957, 38.183467285089385 ], [ -85.632714846139734, 38.184436284636035 ], [ -85.634024842807648, 38.185146283553351 ], [ -85.634223843943687, 38.185257284776988 ], [ -85.634803843384191, 38.185576282838355 ], [ -85.636194847961988, 38.186326282012708 ], [ -85.636893844875573, 38.186697282667879 ], [ -85.637563844252043, 38.187046286029336 ], [ -85.637913848331763, 38.187226282442452 ], [ -85.638413844211328, 38.187486285971701 ], [ -85.639623846027789, 38.188147285406572 ], [ -85.639933849184658, 38.188317285247514 ], [ -85.640753847317924, 38.188756283528974 ], [ -85.641843850011441, 38.189337282221231 ], [ -85.642903849086835, 38.18988628407719 ], [ -85.643453846536076, 38.190156284121642 ] ], [ [ -85.643453846536076, 38.190156284121642 ], [ -85.643723849971394, 38.190196283556283 ], [ -85.643924850697616, 38.190246282838785 ], [ -85.644533851261514, 38.190417285080628 ], [ -85.645153848197538, 38.190526284596658 ], [ -85.645914847577473, 38.190587284110876 ], [ -85.647714851825242, 38.190677284181106 ], [ -85.647714852139885, 38.190796283016027 ], [ -85.647704848317474, 38.190927283020415 ], [ -85.647614848817796, 38.192076285640489 ], [ -85.647603849391118, 38.192217283912392 ], [ -85.647524849243609, 38.1923772841794 ] ], [ [ -85.643453846536076, 38.190156284121642 ], [ -85.643704847916013, 38.190366285601193 ], [ -85.643893850181968, 38.190466284551107 ], [ -85.644393847093426, 38.190736283591193 ], [ -85.645563849643921, 38.191356285726414 ], [ -85.645814849247728, 38.191487284398391 ], [ -85.647524849243609, 38.1923772841794 ] ], [ [ -85.647524849243609, 38.1923772841794 ], [ -85.648043851418066, 38.192647283990787 ], [ -85.648903848343892, 38.193097284870802 ], [ -85.649163848706237, 38.193236283998147 ], [ -85.649383850105551, 38.193357286217797 ], [ -85.650144852017547, 38.19375628473685 ], [ -85.652683851253286, 38.195067285192287 ], [ -85.652964852031914, 38.195216284595233 ], [ -85.653533853278887, 38.195517283423619 ], [ -85.653905852633045, 38.195728286745599 ], [ -85.656034854361607, 38.196867286208303 ], [ -85.657053853066301, 38.19743728419536 ], [ -85.659293853204929, 38.198667284179294 ], [ -85.659984854988778, 38.199047284408813 ], [ -85.660833852635932, 38.199516285006105 ], [ -85.661114852567351, 38.199667283708528 ], [ -85.661283854735075, 38.199757283850865 ], [ -85.661574856681284, 38.199916286257277 ], [ -85.661853706489239, 38.20008162452821 ], [ -85.662243704635316, 38.200175166691253 ], [ -85.662263855185074, 38.200176285729476 ] ], [ [ -85.662263855185074, 38.200176285729476 ], [ -85.662523854026446, 38.200197286486677 ], [ -85.662744853998745, 38.200287286867066 ], [ -85.662791853257829, 38.200355918913701 ], [ -85.664553857402595, 38.202886286148733 ], [ -85.666723854899701, 38.205586285235789 ], [ -85.666912937344051, 38.205808984176571 ], [ -85.667404855843856, 38.206407285969931 ], [ -85.667435766024013, 38.20656469489662 ], [ -85.667443858031618, 38.206607285102542 ] ], [ [ -85.667443858031618, 38.206607285102542 ], [ -85.667241580031757, 38.2064684351663 ], [ -85.666780522339252, 38.205903871117201 ], [ -85.666583854732053, 38.205656286033943 ], [ -85.665133855583292, 38.203907286959115 ], [ -85.664854856876474, 38.203566284858908 ], [ -85.664373855573743, 38.202976285358595 ], [ -85.664341905440779, 38.202936030094527 ], [ -85.663228954135789, 38.201534904873938 ], [ -85.662287168756649, 38.200208540910637 ], [ -85.662263855185074, 38.200176285729476 ] ], [ [ -85.667443858031618, 38.206607285102542 ], [ -85.667554858632798, 38.206736285380877 ], [ -85.668954857253127, 38.208426288111518 ], [ -85.669513856274321, 38.209096286443462 ], [ -85.66963385929985, 38.209236287717701 ], [ -85.669754856041777, 38.209397286315195 ], [ -85.669854857798711, 38.209516287681424 ], [ -85.670024857102703, 38.209737287996752 ], [ -85.670604858578486, 38.210477287533216 ], [ -85.671093856435135, 38.211117285590689 ], [ -85.671173857242167, 38.211226285500786 ], [ -85.671234860186829, 38.211316285398496 ], [ -85.671673858921778, 38.211807286215219 ], [ -85.671824857943619, 38.211987285914454 ], [ -85.672023859739909, 38.212226286016389 ], [ -85.672314858232625, 38.212596288049909 ], [ -85.67248385853469, 38.212797286522218 ], [ -85.672904861309704, 38.213306288163963 ], [ -85.673484859966123, 38.214046287614678 ], [ -85.674063858892126, 38.214787288589335 ], [ -85.674204857984208, 38.214967287146912 ], [ -85.674304859536733, 38.215087287239434 ], [ -85.674474859365574, 38.215306286743804 ], [ -85.674673859532021, 38.215546288339432 ], [ -85.674963859293939, 38.21588728790627 ], [ -85.675353861063769, 38.216247289170454 ], [ -85.675403860667032, 38.216286287810696 ], [ -85.675614859914376, 38.21644628793134 ], [ -85.676293860720079, 38.216967286493087 ], [ -85.676833861555181, 38.217376288413988 ], [ -85.677393862164521, 38.217806289764546 ], [ -85.678354860465134, 38.218546289016139 ], [ -85.679196861474267, 38.219182288068772 ], [ -85.679673861055448, 38.219557286575778 ], [ -85.679893861834287, 38.219727289189812 ], [ -85.679974859521366, 38.219786287553845 ], [ -85.680753860301152, 38.220387289903286 ], [ -85.681523863988843, 38.220987288665725 ], [ -85.681904860334527, 38.221267288705995 ], [ -85.682354863999066, 38.221606287204523 ], [ -85.682413861790579, 38.221647287199239 ], [ -85.682793861492996, 38.221907289499278 ], [ -85.683264862692667, 38.222226287499964 ], [ -85.683633861684541, 38.222476288160536 ], [ -85.683853863834571, 38.222607288778057 ], [ -85.684024863353955, 38.22268628807479 ], [ -85.684753864150153, 38.223057288344435 ], [ -85.685464862695582, 38.223327288857618 ], [ -85.685703865201262, 38.223417289766523 ], [ -85.685853864513916, 38.223456290088187 ], [ -85.685923863434184, 38.223466287528716 ], [ -85.686094864681877, 38.223507288099043 ], [ -85.686414863909818, 38.223546287076552 ], [ -85.68664386534023, 38.223576288144784 ], [ -85.686833862947537, 38.223597287037151 ], [ -85.687743863802353, 38.223707290508074 ], [ -85.6883238630123, 38.223777287844221 ], [ -85.689154864953892, 38.223877288812645 ], [ -85.689784866100652, 38.223946288343647 ], [ -85.690293866466462, 38.22401628984337 ], [ -85.691084865975526, 38.22410628987916 ], [ -85.691714867472584, 38.224186288468267 ], [ -85.691844863942777, 38.224206289980096 ], [ -85.692024864503196, 38.224227287206922 ], [ -85.692444867824591, 38.2242762876472 ], [ -85.693254864240117, 38.224366288939436 ], [ -85.693514864584813, 38.224396288166147 ], [ -85.693694863304245, 38.224437290019047 ], [ -85.693834867334004, 38.224486287193209 ], [ -85.693974865437013, 38.224566287145059 ], [ -85.694104866343281, 38.224626290137394 ], [ -85.694303866678098, 38.224736288100999 ], [ -85.69443386626314, 38.224797289734752 ], [ -85.694923867291607, 38.225026289971687 ], [ -85.695264864637352, 38.225176290542144 ], [ -85.696543868151309, 38.225757287661828 ], [ -85.697013864963708, 38.225976290093072 ], [ -85.697553866747228, 38.226227289685973 ], [ -85.697773866023738, 38.226356290571452 ], [ -85.697893867397127, 38.226426289981688 ], [ -85.698313867634312, 38.226696289128178 ], [ -85.698914867967531, 38.227076287555953 ], [ -85.69917386969226, 38.227246288912873 ], [ -85.699563868580853, 38.2274872872309 ], [ -85.699933867718485, 38.227726287503657 ], [ -85.700519865753265, 38.228104287666369 ], [ -85.701034866351691, 38.228436290516747 ], [ -85.701204866818259, 38.228547289605345 ], [ -85.701783868220772, 38.228917289377442 ], [ -85.702064869573164, 38.229097289129648 ], [ -85.702424867097648, 38.229326289182104 ], [ -85.702794870169782, 38.229576289975938 ], [ -85.703213867005488, 38.229846287784127 ], [ -85.703684870214374, 38.230146289370168 ], [ -85.704023866967333, 38.230367289837723 ], [ -85.704433870174981, 38.230606289465527 ], [ -85.704833871125032, 38.230807289480246 ], [ -85.705333871231375, 38.230987288597426 ], [ -85.705524868875955, 38.231046288780561 ], [ -85.705593871210581, 38.231067289552662 ], [ -85.706013871154141, 38.231157289504679 ], [ -85.706974868710176, 38.231386290880728 ], [ -85.707824869595385, 38.231566288450239 ], [ -85.70843387125781, 38.231707288350513 ], [ -85.708814870287057, 38.231807288451876 ], [ -85.709044872292509, 38.23187728910203 ], [ -85.709323869909838, 38.232016290207177 ], [ -85.708252982902565, 38.232723838609537 ], [ -85.707924871421795, 38.232957290995913 ], [ -85.707336316192453, 38.233325258852716 ], [ -85.706777807493907, 38.233698197312229 ], [ -85.70654240871454, 38.233836543006547 ], [ -85.706219817345101, 38.234012612038804 ], [ -85.705666688775054, 38.234275788549517 ], [ -85.705124074523042, 38.234535851559926 ], [ -85.704667494998574, 38.234753116222244 ], [ -85.704484325306964, 38.234850758278426 ], [ -85.70426535644485, 38.234972090357253 ], [ -85.704096313859907, 38.235103881818723 ], [ -85.703825202918992, 38.235345977542814 ], [ -85.703745251208318, 38.235428742196774 ], [ -85.703717980468994, 38.235425995503633 ], [ -85.703693276135581, 38.23542306084709 ], [ -85.703668436529341, 38.235424442968736 ], [ -85.703644210265253, 38.235430100214245 ], [ -85.703621327473428, 38.235439862085798 ], [ -85.703600477794438, 38.235453434380545 ], [ -85.703582289595019, 38.235470408057232 ], [ -85.703567311030355, 38.23549027156394 ], [ -85.70355599352375, 38.235512426255156 ], [ -85.703548678161752, 38.23553620443375 ], [ -85.703545585414432, 38.235560889474002 ], [ -85.703546808490856, 38.235585737419242 ], [ -85.70355231053, 38.23560999940316 ], [ -85.703561925711668, 38.235632944219127 ], [ -85.703575364253894, 38.235653880357283 ], [ -85.703592221146508, 38.235672176845199 ], [ -85.703611988357196, 38.235687282264102 ], [ -85.703634070142598, 38.235698741367536 ], [ -85.703657801002848, 38.235706208801531 ], [ -85.703682465738282, 38.23570945951289 ], [ -85.703707321004174, 38.235708395531809 ], [ -85.703731617713601, 38.235703048924506 ], [ -85.703754623613364, 38.235693580826805 ], [ -85.703775645352664, 38.235680276587814 ], [ -85.703794049379241, 38.235663537170133 ], [ -85.703809281033315, 38.23564386706559 ], [ -85.703820881263951, 38.235621859090955 ], [ -85.703828500463914, 38.23559817652162 ], [ -85.703831909006084, 38.235573533101835 ], [ -85.703831004163945, 38.235548671533927 ], [ -85.703825813207615, 38.235524341094745 ], [ -85.703816492581893, 38.23550127505402 ], [ -85.703803323191408, 38.235480168575101 ], [ -85.703786701934675, 38.235461657764127 ], [ -85.703767129742403, 38.235446300499127 ], [ -85.703756660919808, 38.235436935150346 ], [ -85.703745251208318, 38.235428742196774 ] ] ] } },
{ "type": "Feature", "properties": { "OBJECTID": 7, "ROUTE_NAME": "Dixie Highway", "ROUTE_TYPE": "Local Route", "ROUTE_NUMBER": 18, "TARC_WEB": "https://www.ridetarc.org/bus_routes/dixie-highway/", "SHAPELEN": 91019.043993134313 }, "geometry": { "type": "MultiLineString", "coordinates": [ [ [ -85.839594900580863, 38.14349726634444 ], [ -85.839602237764566, 38.143484309551148 ], [ -85.839859548948525, 38.142977255469546 ], [ -85.840268607825749, 38.142062945427135 ], [ -85.840547159017731, 38.14151721502224 ], [ -85.840683903564155, 38.141277264132555 ], [ -85.841030491692564, 38.140737360598202 ], [ -85.84139898054552, 38.140196559709715 ], [ -85.84325390377029, 38.137497264830095 ], [ -85.843571724594923, 38.137611743308057 ], [ -85.846271804523084, 38.138608900250944 ], [ -85.847141635070685, 38.13890572452582 ], [ -85.847200510174886, 38.138915053842069 ], [ -85.84726001250128, 38.138918629759843 ], [ -85.847319581156469, 38.138916418571057 ], [ -85.847378654621735, 38.138908441119298 ], [ -85.847430421910289, 38.138903357392138 ], [ -85.847482436869967, 38.138902982671446 ], [ -85.847534272028966, 38.138907320036765 ], [ -85.847585501393127, 38.138916333842559 ], [ -85.847635703946835, 38.138929950011139 ], [ -85.848807720237474, 38.139309642551858 ], [ -85.848900817824756, 38.139332607337238 ], [ -85.848994857556164, 38.13935134422713 ], [ -85.849089647530604, 38.13936581498632 ], [ -85.849184994316019, 38.139375990085213 ], [ -85.849955454748169, 38.139408334577247 ], [ -85.850034463126562, 38.139432284366883 ], [ -85.851253904833357, 38.139766263524869 ], [ -85.851121949551498, 38.14087511027931 ], [ -85.850868000914815, 38.143015470383865 ], [ -85.850753427532098, 38.143998149652028 ], [ -85.849008699988431, 38.143911462560268 ], [ -85.846791134088605, 38.143803005125669 ], [ -85.843572055122181, 38.143667246304275 ], [ -85.843158498711205, 38.143640475134511 ], [ -85.839891409935447, 38.143513074122474 ], [ -85.839594900580863, 38.14349726634444 ], [ -85.839594900580863, 38.14349726634444 ], [ -85.839013902297282, 38.14346626747647 ], [ -85.838522901901968, 38.14344226540144 ], [ -85.838383900581988, 38.143437265217656 ], [ -85.837763902877242, 38.143417265567962 ], [ -85.83740790188854, 38.143409265652714 ], [ -85.83702618356412, 38.143407423365282 ], [ -85.836896433335411, 38.143411566481312 ], [ -85.83676708751895, 38.143422609443967 ], [ -85.836638512773263, 38.143440520949589 ], [ -85.836511073571145, 38.143465250224168 ], [ -85.836385131166395, 38.143496727167253 ], [ -85.836261042569845, 38.14353486255068 ], [ -85.836139159537339, 38.143579548271511 ], [ -85.836019827572514, 38.143630657658441 ], [ -85.834573898671451, 38.144436265747792 ], [ -85.834535012366004, 38.144457344350663 ], [ -85.83386482073881, 38.144785701526224 ], [ -85.833452639159646, 38.144988699165772 ], [ -85.832775140297485, 38.145318312955041 ], [ -85.831883971342705, 38.145734422800302 ], [ -85.831467319426338, 38.145947045231559 ], [ -85.83020218510498, 38.14658306295189 ], [ -85.828270171129503, 38.147639664025334 ], [ -85.828043899591492, 38.14775726947623 ], [ -85.827867243182126, 38.147844627542582 ], [ -85.82648933697638, 38.148481673134896 ], [ -85.825323402074389, 38.149010952772727 ], [ -85.823984560564099, 38.149586898778928 ], [ -85.822905358178247, 38.150107832122202 ], [ -85.821673790722912, 38.150701491464254 ], [ -85.819434896227847, 38.151826268709272 ], [ -85.818453898077777, 38.152296268751861 ], [ -85.817243897251487, 38.152877269040289 ], [ -85.817193894640155, 38.15290627035376 ], [ -85.815474895736202, 38.153746270717122 ], [ -85.814744896364033, 38.154106270453603 ], [ -85.814500250470715, 38.154217260347821 ], [ -85.814345966851732, 38.154269411260557 ], [ -85.814189767734064, 38.15431550885728 ], [ -85.814031890520212, 38.154355483075598 ], [ -85.81387257516316, 38.154389273159858 ], [ -85.813712063801717, 38.154416827753487 ], [ -85.813550600392418, 38.154438104977061 ], [ -85.813388430338819, 38.15445307249194 ], [ -85.813225800118488, 38.154461707549444 ], [ -85.813062956908354, 38.154463997025388 ], [ -85.81289141325459, 38.154459038344591 ], [ -85.812720181482959, 38.154447571259347 ], [ -85.812549508434557, 38.154429612300163 ], [ -85.81237964014511, 38.154405187355984 ], [ -85.812210821490154, 38.154374331636866 ], [ -85.812033774247951, 38.154329947593915 ], [ -85.811858478145396, 38.154279085568056 ], [ -85.811685170119546, 38.154221814306368 ], [ -85.811514084420239, 38.154158211218906 ], [ -85.811464893210697, 38.154137269162696 ], [ -85.811062291154059, 38.153937534854052 ], [ -85.81063099323292, 38.153712909187021 ], [ -85.810368288031867, 38.153604510732336 ], [ -85.810245914803915, 38.153559018272375 ], [ -85.810121761741911, 38.1535186352558 ], [ -85.809996042077472, 38.153483431040037 ], [ -85.809868971732854, 38.153453466087974 ], [ -85.809724061588753, 38.153420046477322 ], [ -85.809578158442761, 38.153391269885681 ], [ -85.809431411020682, 38.153367165646365 ], [ -85.809283968908971, 38.153347758329929 ], [ -85.809105652731006, 38.153327224040424 ], [ -85.808926768934256, 38.153312428648341 ], [ -85.808706628739799, 38.153309292743003 ], [ -85.80848648259034, 38.153311978257584 ], [ -85.808266484401429, 38.153320483314474 ], [ -85.806552858128143, 38.153472320628502 ], [ -85.805229417636625, 38.15359296640618 ], [ -85.804757661283261, 38.15364192861378 ], [ -85.804620032029092, 38.153662485984185 ], [ -85.804483318595032, 38.153688444682764 ], [ -85.804347732874405, 38.15371976447593 ], [ -85.804213485012639, 38.153756396820867 ], [ -85.804080783081645, 38.153798284940805 ], [ -85.803969118774333, 38.153834106782391 ], [ -85.803859138801315, 38.153874807241785 ], [ -85.803751056194045, 38.153920307482096 ], [ -85.803645080308826, 38.153970519369253 ], [ -85.803541416421183, 38.154025345642701 ], [ -85.803440265328334, 38.154084680103821 ], [ -85.803303043825068, 38.154175724199106 ], [ -85.803168667590171, 38.154270917663915 ], [ -85.803037262051234, 38.154370171644096 ], [ -85.802494205029845, 38.154884009610527 ], [ -85.801831468224933, 38.155519833509125 ], [ -85.801094337236933, 38.156292583705159 ], [ -85.800214890479324, 38.157197270363547 ], [ -85.799664889166436, 38.15771727011181 ], [ -85.799523892984425, 38.157837270183244 ], [ -85.798783890936406, 38.158527269550298 ], [ -85.798404893043227, 38.158926271532195 ], [ -85.798203893068589, 38.159206272844195 ], [ -85.798094890021076, 38.159486271537126 ], [ -85.798063891014962, 38.159607271265834 ], [ -85.798033891096594, 38.15980727214091 ], [ -85.797993890518327, 38.160267271690948 ], [ -85.797973891006961, 38.160466271262116 ], [ -85.797924890953794, 38.161047270283014 ], [ -85.797774892261202, 38.162757270834746 ], [ -85.797734893911397, 38.163186273378351 ], [ -85.797573892478638, 38.164937272184581 ], [ -85.797493890677046, 38.165766271376221 ], [ -85.797384891135735, 38.166786273466009 ], [ -85.797343893495864, 38.167156271907842 ], [ -85.797313890967615, 38.167426271697622 ], [ -85.797234893241693, 38.168206271413425 ], [ -85.797223891263059, 38.168376272787292 ], [ -85.797194894020137, 38.169206273705107 ], [ -85.797204890062559, 38.1694062723545 ], [ -85.79721389174702, 38.16955627198147 ] ], [ [ -85.79721389174702, 38.16955627198147 ], [ -85.797324893046948, 38.169877273424731 ], [ -85.797514893271995, 38.170347273769544 ], [ -85.797173890931703, 38.170407274326998 ], [ -85.796993892337667, 38.170446274523442 ], [ -85.796834891401019, 38.17050727287571 ], [ -85.796744890822964, 38.170566274777308 ] ], [ [ -85.796744890822964, 38.170566274777308 ], [ -85.79699389334273, 38.170257273153467 ], [ -85.797123893293957, 38.170026271645298 ], [ -85.797173892404402, 38.169756274557727 ], [ -85.79721389174702, 38.16955627198147 ] ], [ [ -85.796744890822964, 38.170566274777308 ], [ -85.79655389141945, 38.170767273176473 ], [ -85.796124891163359, 38.171247275548701 ], [ -85.795383892602956, 38.172057274966569 ], [ -85.794324891355473, 38.173076272482099 ], [ -85.794044890237714, 38.173336273811117 ], [ -85.793923889515284, 38.173456273008632 ], [ -85.793793890243322, 38.173577273435114 ], [ -85.793673890230508, 38.173686273471048 ], [ -85.793414890374777, 38.173927275101562 ], [ -85.793334888924264, 38.174046274660085 ], [ -85.792824889433504, 38.174976274372561 ], [ -85.79255489022205, 38.175436274040138 ], [ -85.792734892554222, 38.175567273388069 ], [ -85.792813892349756, 38.175647275306154 ], [ -85.792903892458483, 38.175807275399706 ], [ -85.792924893496021, 38.175907275992316 ], [ -85.792863889769421, 38.176367275764065 ], [ -85.792673890098342, 38.177406273256771 ], [ -85.792623890000087, 38.177686275201594 ], [ -85.79256489235479, 38.1779972760243 ] ], [ [ -85.79256489235479, 38.1779972760243 ], [ -85.791744892443518, 38.177967275600224 ], [ -85.791705496392339, 38.178301241231665 ], [ -85.791688378717907, 38.178403180706994 ], [ -85.791617818719516, 38.17882339024483 ], [ -85.791567179588981, 38.179124973127209 ], [ -85.791487277071212, 38.179600807480305 ], [ -85.791571912928347, 38.179604351278932 ], [ -85.791571893374254, 38.179605275017437 ], [ -85.792334889240394, 38.17963627419978 ] ], [ [ -85.792334889240394, 38.17963627419978 ], [ -85.792353892690485, 38.179427275248102 ], [ -85.792474890388846, 38.178636275062722 ], [ -85.79256489235479, 38.1779972760243 ] ], [ [ -85.801284895438499, 38.189237278203215 ], [ -85.801464896083189, 38.188517275084209 ], [ -85.801474893140409, 38.188266278002274 ], [ -85.801483894137817, 38.18817627511639 ], [ -85.801483896665161, 38.187836276098061 ], [ -85.80140389326067, 38.187396276267265 ], [ -85.801284895433028, 38.186916274913457 ], [ -85.801123896373028, 38.186306277625498 ], [ -85.801093893256507, 38.186146275667106 ], [ -85.800943894741764, 38.185627275039266 ], [ -85.800733895438299, 38.184776275099132 ], [ -85.800543892214748, 38.184277277702869 ], [ -85.800214894943267, 38.183577276716129 ], [ -85.799643894014707, 38.182387274674355 ], [ -85.799423895202224, 38.181896274612626 ], [ -85.799203894242424, 38.181227275738117 ], [ -85.799034893170443, 38.180436276590356 ], [ -85.799004892758816, 38.180127274304354 ], [ -85.798954892033976, 38.179617276949642 ], [ -85.798883891224492, 38.178926274481128 ], [ -85.79843389141547, 38.178946274858838 ], [ -85.797793894482723, 38.179016276210653 ], [ -85.797284892320249, 38.179067275694713 ], [ -85.796183892035771, 38.179186276474809 ], [ -85.794843893645492, 38.179306275638531 ], [ -85.793973892994714, 38.179396273952676 ], [ -85.792654891550328, 38.179587273684568 ], [ -85.792334889240394, 38.17963627419978 ] ], [ [ -85.801284895438499, 38.189237278203215 ], [ -85.801773895087564, 38.189266277170326 ], [ -85.802634893984774, 38.189296277833584 ], [ -85.803203894031725, 38.189317278507779 ], [ -85.803573893040976, 38.189327276352415 ], [ -85.803963897740545, 38.189346275754865 ], [ -85.804134893568332, 38.189386276068731 ], [ -85.80436389386216, 38.189497277584749 ], [ -85.804534896476497, 38.189616277814345 ], [ -85.805463894135599, 38.190276275149294 ], [ -85.805623894738417, 38.19039727773918 ], [ -85.805924896550664, 38.190616276917325 ], [ -85.806173898008737, 38.190796276264237 ], [ -85.806533896272498, 38.191066277640097 ], [ -85.806964897928253, 38.19135627544189 ], [ -85.807224896752061, 38.191536276924104 ], [ -85.807414896665222, 38.191667275400931 ], [ -85.80802389775063, 38.192046277142857 ], [ -85.807644895228762, 38.192246277226076 ], [ -85.807314898077252, 38.19241627663429 ], [ -85.806964894684853, 38.192637278580996 ], [ -85.806893894944579, 38.192676277416012 ], [ -85.806834896332703, 38.192716276459549 ], [ -85.806644897824427, 38.192837277643839 ], [ -85.806324896196926, 38.193046277236384 ], [ -85.806294896340859, 38.193066276422947 ], [ -85.805713896860837, 38.193416277975125 ], [ -85.805614895830189, 38.193477277303927 ], [ -85.805323895005642, 38.193647276333905 ] ], [ [ -85.805323895005642, 38.193647276333905 ], [ -85.803643894823509, 38.194647278255758 ], [ -85.80300489465877, 38.195036278445841 ], [ -85.802824893281581, 38.195146278124028 ], [ -85.802016895142486, 38.19563427741474 ], [ -85.801493897279414, 38.195956279317016 ], [ -85.801033893205059, 38.196216279038005 ], [ -85.800813894664529, 38.196316278057118 ], [ -85.800593895200763, 38.196396279367825 ], [ -85.800453894599499, 38.196456277517605 ], [ -85.800133892644155, 38.196556278657184 ], [ -85.799513896334105, 38.196707277583535 ], [ -85.799053894041506, 38.196797276883714 ], [ -85.79908489501463, 38.196057278002314 ], [ -85.799113893835354, 38.195607278402235 ], [ -85.799164895208406, 38.195486277753133 ], [ -85.799264895592117, 38.195286278396587 ], [ -85.799423895533877, 38.19518727755645 ], [ -85.7996538935015, 38.195036277970232 ], [ -85.799913893078326, 38.194936278520366 ], [ -85.800283895820016, 38.194776277462871 ], [ -85.800484896904834, 38.194637278714829 ], [ -85.800593894691744, 38.1945162792479 ], [ -85.800664894391559, 38.194416279680091 ], [ -85.800733895700773, 38.19424627658676 ], [ -85.800754895500859, 38.193537279410634 ], [ -85.800813895414834, 38.193377279062851 ], [ -85.800903893227073, 38.191696278498256 ], [ -85.800984893788353, 38.190507276029244 ], [ -85.80101489390654, 38.190286278641821 ], [ -85.800974896962245, 38.190086277583411 ], [ -85.801014893774322, 38.189947275324315 ], [ -85.801093894601692, 38.189607276838537 ], [ -85.801284895438499, 38.189237278203215 ] ], [ [ -85.805323895005642, 38.193647276333905 ], [ -85.805813894581036, 38.193997277117305 ], [ -85.80590389828221, 38.194056278524158 ], [ -85.806024898598437, 38.194146278664121 ], [ -85.806453897876523, 38.19456627576735 ], [ -85.806163897937154, 38.194997279159935 ], [ -85.806033897050384, 38.195196277176336 ], [ -85.805784895669731, 38.195566277459363 ], [ -85.80563389747104, 38.195807276356398 ], [ -85.805083896193125, 38.196617276540223 ], [ -85.804854897775556, 38.196946278828463 ], [ -85.804754897877856, 38.197096277819732 ], [ -85.804723896579915, 38.197137279361037 ], [ -85.804633896216899, 38.197266279160601 ], [ -85.804174894513253, 38.197967279490307 ], [ -85.803404894060819, 38.199127278372401 ], [ -85.802964895269568, 38.199777280646501 ], [ -85.802853895138355, 38.199947277354354 ], [ -85.802493894125121, 38.200477279959628 ], [ -85.802253896565517, 38.200837278939396 ], [ -85.802043896296553, 38.201156279671856 ], [ -85.80163389417477, 38.201767280228751 ], [ -85.801363897160343, 38.202177279631513 ], [ -85.801213897945161, 38.202406277802758 ], [ -85.800863895912244, 38.202927278012019 ], [ -85.800643894989392, 38.203287278879074 ], [ -85.800593895449779, 38.20337728038956 ], [ -85.80037389443558, 38.203876279838326 ], [ -85.800063894752483, 38.204576278693416 ], [ -85.79996389671409, 38.204807278470639 ], [ -85.79948489656077, 38.206016279952003 ], [ -85.799274895110656, 38.206546281638396 ], [ -85.799113893455527, 38.206947279245306 ], [ -85.798734893197505, 38.207877281271315 ], [ -85.798324894429811, 38.208937282213185 ], [ -85.797993894245565, 38.209706282058917 ], [ -85.797943894315054, 38.209847279596275 ], [ -85.797604895528522, 38.210706280935639 ], [ -85.797543894775572, 38.210847279938264 ], [ -85.797353895020294, 38.211326282850187 ], [ -85.797213894510563, 38.211666282843908 ], [ -85.796884895715948, 38.21248628068733 ], [ -85.796503893980756, 38.213396282904228 ], [ -85.796283896169854, 38.213967280627458 ], [ -85.796214895767662, 38.214147280726976 ], [ -85.796003893294497, 38.214697282573788 ], [ -85.795794896348596, 38.21519628074239 ], [ -85.795584893803337, 38.215726281509404 ], [ -85.795423892872691, 38.21609628341713 ], [ -85.795254895235658, 38.21648728417874 ], [ -85.79515389668552, 38.216777281686539 ], [ -85.794503897022054, 38.2183832834097 ], [ -85.794323895128315, 38.218856281246211 ], [ -85.794174895476658, 38.219226283730549 ], [ -85.794144893572778, 38.219317284347149 ], [ -85.794004893888015, 38.219647282923503 ], [ -85.793803894935508, 38.220126283768124 ], [ -85.79375389568736, 38.220287283254642 ], [ -85.793663894219335, 38.220486282872976 ], [ -85.793433895046476, 38.221017281603729 ], [ -85.79338389514453, 38.221126284689696 ], [ -85.793253893570323, 38.221396281951961 ], [ -85.793163895399942, 38.221617283178944 ], [ -85.79309489617836, 38.221766284535789 ], [ -85.792914896109622, 38.222177283254673 ], [ -85.792824896082806, 38.222406283090031 ], [ -85.792773896663547, 38.22251728335808 ], [ -85.792493892765719, 38.223186284745267 ], [ -85.795124893313158, 38.22335728406113 ], [ -85.794310463190584, 38.225296969992186 ], [ -85.792503892886032, 38.229776286001155 ], [ -85.792143895238439, 38.230617285072547 ], [ -85.791943895291212, 38.231126286559217 ], [ -85.791773893179567, 38.231537284600236 ], [ -85.791564896226902, 38.232046283971705 ], [ -85.791474896633304, 38.232276284755869 ], [ -85.791384895905708, 38.232507284474387 ], [ -85.791243893247525, 38.23286728612856 ], [ -85.79090489278893, 38.233707286067755 ], [ -85.790394893315707, 38.23491628414493 ], [ -85.790302498223753, 38.235149628304548 ], [ -85.790276277756945, 38.23523866214056 ], [ -85.79026306385812, 38.235342540309809 ], [ -85.790223569468282, 38.23568946059229 ], [ -85.790194537650549, 38.236057087971453 ] ], [ [ -85.790194578762382, 38.236056974140425 ], [ -85.790194537650549, 38.236057087971453 ] ], [ [ -85.790194537650549, 38.236057087971453 ], [ -85.790194500192101, 38.236057579383584 ], [ -85.790367499021627, 38.236524051909932 ], [ -85.790386474960727, 38.236572497729902 ], [ -85.79040009623796, 38.236622712713164 ], [ -85.79040820283295, 38.236674106942949 ], [ -85.790410699510872, 38.2367260766489 ], [ -85.78847043936095, 38.247812056268522 ], [ -85.788053481403381, 38.250224539168741 ], [ -85.787561502007264, 38.252924702755223 ], [ -85.786813896037202, 38.25710729005074 ], [ -85.786444895657212, 38.259206291591724 ], [ -85.786093897636718, 38.261266292675508 ], [ -85.785772260237081, 38.26312962187427 ], [ -85.785743895925705, 38.26317629196987 ], [ -85.78535489497115, 38.263816290718552 ] ], [ [ -85.790194537650549, 38.236057087971453 ], [ -85.790120321040263, 38.23626025301801 ], [ -85.790103053127325, 38.236301247567425 ], [ -85.790077977234674, 38.236337339793494 ], [ -85.790036468870483, 38.236373296099885 ], [ -85.789991124456094, 38.236404274872456 ], [ -85.789942537764873, 38.236429870452206 ], [ -85.789891345026973, 38.236449747671642 ], [ -85.789838216598042, 38.236463646243713 ], [ -85.789783848181102, 38.236471384170223 ], [ -85.789167410040321, 38.236428353004221 ], [ -85.789120007435102, 38.236426184577205 ], [ -85.789072599805564, 38.236428240232364 ], [ -85.789025562817173, 38.236434503680357 ], [ -85.788979269198421, 38.236444925288644 ], [ -85.788936681397544, 38.236461591202932 ], [ -85.788896034070163, 38.236482549930457 ], [ -85.788857758545618, 38.236507579067563 ], [ -85.788821859047488, 38.236534882896805 ], [ -85.788790579839898, 38.236567377269076 ], [ -85.788764663417098, 38.236604290844987 ], [ -85.788744724973554, 38.236644747383714 ], [ -85.78872942497982, 38.236685645620014 ], [ -85.788718793307652, 38.236727997988154 ], [ -85.788712963261531, 38.236771273455837 ], [ -85.788534565024179, 38.237833955113878 ], [ -85.788294801598809, 38.239196513161055 ], [ -85.788131953584795, 38.240117824373151 ], [ -85.787794895490094, 38.242016288705962 ], [ -85.787424392900235, 38.244140134912122 ], [ -85.786813895468967, 38.247606287575039 ], [ -85.786538661194143, 38.249176212629337 ], [ -85.786426462513376, 38.249852589740826 ], [ -85.786145232431451, 38.251412351558855 ], [ -85.785643594314962, 38.254247895715068 ], [ -85.785475381005256, 38.255197023670867 ], [ -85.785159160662928, 38.25695813637477 ], [ -85.784921819244573, 38.258348355440972 ], [ -85.784531819270498, 38.260553447436934 ], [ -85.78441068447971, 38.261244649032484 ], [ -85.784398395389388, 38.261381786379289 ], [ -85.784414547788657, 38.261498195868789 ], [ -85.784437186893257, 38.261613519501196 ], [ -85.784466241802363, 38.261727396107688 ], [ -85.784472897036579, 38.261761291750069 ], [ -85.784644896769706, 38.262417292308804 ], [ -85.784734894208285, 38.262626290643958 ], [ -85.78476908833531, 38.262693486234781 ], [ -85.784808050946779, 38.262758033896674 ], [ -85.784851578130414, 38.262819595817 ], [ -85.784899442085035, 38.262877849809108 ], [ -85.785110106599078, 38.263067445041592 ], [ -85.785167380535981, 38.263116844738533 ], [ -85.785280142035944, 38.263229169440336 ], [ -85.785315902254908, 38.263267003713899 ], [ -85.785347063569759, 38.263308707406459 ], [ -85.785373210657482, 38.263353724684478 ], [ -85.785393995025473, 38.263401455550429 ], [ -85.785409139656323, 38.263451263839627 ], [ -85.78541844269995, 38.263502485699185 ], [ -85.785421780163887, 38.263554438435882 ], [ -85.7854191075659, 38.263606429615301 ], [ -85.785410460526776, 38.263657766290599 ], [ -85.785395954295652, 38.263707764238312 ], [ -85.785375782213933, 38.263755757077732 ], [ -85.78535489497115, 38.263816290718552 ] ], [ [ -85.78535489497115, 38.263816290718552 ], [ -85.785073894123101, 38.264297291613182 ], [ -85.784753893947553, 38.264886290741501 ], [ -85.784383894292034, 38.265486292657059 ], [ -85.78420389398805, 38.265727293526041 ], [ -85.784054893264937, 38.265917291764325 ], [ -85.783883892549866, 38.266055294423907 ], [ -85.783744895875515, 38.266226293229785 ], [ -85.783583896421916, 38.266557293148935 ], [ -85.783024894426788, 38.267506292803333 ], [ -85.782744894023679, 38.268036293856539 ], [ -85.782553897203556, 38.268386292495968 ] ], [ [ -85.782553897203556, 38.268386292495968 ], [ -85.782536086346767, 38.26841656813523 ], [ -85.782035942465725, 38.269219650979004 ], [ -85.781996801415474, 38.269288764691609 ], [ -85.781963286070052, 38.26936077475137 ], [ -85.781935609129548, 38.269435224157341 ], [ -85.78191394624146, 38.269511640427631 ], [ -85.781898434886031, 38.269589538597941 ], [ -85.781889173503743, 38.269668424299326 ], [ -85.781886220870561, 38.269747796895622 ], [ -85.781899064373576, 38.269955721719519 ], [ -85.782323896863758, 38.270096291778437 ], [ -85.78250389632926, 38.270137292524616 ], [ -85.782794897474858, 38.270206294973065 ], [ -85.782963893951205, 38.270266293289978 ], [ -85.783104896603589, 38.270337294106753 ], [ -85.783213893869203, 38.270427294080527 ], [ -85.783334893244799, 38.270616294505395 ], [ -85.783533894399724, 38.271037294450217 ], [ -85.783673894279403, 38.271227294716837 ], [ -85.784324896353084, 38.271736295048974 ], [ -85.784483894938788, 38.27183729211302 ], [ -85.784803895138992, 38.271286294227615 ], [ -85.785094895178275, 38.270787294692667 ], [ -85.785454896178024, 38.270166292596791 ], [ -85.785793897900263, 38.269566293662244 ], [ -85.784104897022829, 38.268957292182023 ], [ -85.782553897203556, 38.268386292495968 ] ] ] } },
{ "type": "Feature", "properties": { "OBJECTID": 8, "ROUTE_NAME": "Chestnut Street", "ROUTE_TYPE": "Local Route", "ROUTE_NUMBER": 21, "TARC_WEB": "https://www.ridetarc.org/bus_routes/chestnut-street/", "SHAPELEN": 123378.363198676 }, "geometry": { "type": "MultiLineString", "coordinates": [ [ [ -85.757473887025427, 38.251137289442006 ], [ -85.75822488565808, 38.251216291085555 ] ], [ [ -85.75822488565808, 38.251216291085555 ], [ -85.758563884976709, 38.251257289748331 ] ], [ [ -85.758563884976709, 38.251257289748331 ], [ -85.759134886271355, 38.251317291692551 ] ], [ [ -85.755823886105745, 38.250926290395746 ], [ -85.757473887025427, 38.251137289442006 ] ], [ [ -85.679893861834287, 38.219727289189812 ], [ -85.679974859521366, 38.219786287553845 ] ], [ [ -85.679673861055448, 38.219557286575778 ], [ -85.679893861834287, 38.219727289189812 ] ], [ [ -85.679196861474267, 38.219182288068772 ], [ -85.679673861055448, 38.219557286575778 ] ], [ [ -85.678354860465134, 38.218546289016139 ], [ -85.679196861474267, 38.219182288068772 ] ], [ [ -85.677393862164521, 38.217806289764546 ], [ -85.678354860465134, 38.218546289016139 ] ], [ [ -85.676833861555181, 38.217376288413988 ], [ -85.677393862164521, 38.217806289764546 ] ], [ [ -85.676293860720079, 38.216967286493087 ], [ -85.676833861555181, 38.217376288413988 ] ], [ [ -85.675614859914376, 38.21644628793134 ], [ -85.676293860720079, 38.216967286493087 ] ], [ [ -85.675403860667032, 38.216286287810696 ], [ -85.675614859914376, 38.21644628793134 ] ], [ [ -85.675353861063769, 38.216247289170454 ], [ -85.675403860667032, 38.216286287810696 ] ], [ [ -85.674963859293939, 38.21588728790627 ], [ -85.675353861063769, 38.216247289170454 ] ], [ [ -85.674673859532021, 38.215546288339432 ], [ -85.674963859293939, 38.21588728790627 ] ], [ [ -85.674474859365574, 38.215306286743804 ], [ -85.674673859532021, 38.215546288339432 ] ], [ [ -85.674304859536733, 38.215087287239434 ], [ -85.674474859365574, 38.215306286743804 ] ], [ [ -85.674204857984208, 38.214967287146912 ], [ -85.674304859536733, 38.215087287239434 ] ], [ [ -85.674063858892126, 38.214787288589335 ], [ -85.674204857984208, 38.214967287146912 ] ], [ [ -85.673484859966123, 38.214046287614678 ], [ -85.674063858892126, 38.214787288589335 ] ], [ [ -85.672904861309704, 38.213306288163963 ], [ -85.673484859966123, 38.214046287614678 ] ], [ [ -85.67248385853469, 38.212797286522218 ], [ -85.672904861309704, 38.213306288163963 ] ], [ [ -85.672314858232625, 38.212596288049909 ], [ -85.67248385853469, 38.212797286522218 ] ], [ [ -85.667554858632798, 38.206736285380877 ], [ -85.668954857253127, 38.208426288111518 ] ], [ [ -85.667443858031618, 38.206607285102542 ], [ -85.667554858632798, 38.206736285380877 ] ], [ [ -85.667424857287429, 38.206507288044136 ], [ -85.667443858031618, 38.206607285102542 ] ], [ [ -85.667404855843856, 38.206407285969931 ], [ -85.667424857287429, 38.206507288044136 ] ], [ [ -85.667374858056959, 38.206347285622456 ], [ -85.667404855843856, 38.206407285969931 ] ], [ [ -85.667343856881658, 38.206296288293743 ], [ -85.667374858056959, 38.206347285622456 ] ], [ [ -85.667303858317311, 38.206247284889876 ], [ -85.667343856881658, 38.206296288293743 ] ], [ [ -85.667203856592806, 38.206157286226635 ], [ -85.667303858317311, 38.206247284889876 ] ], [ [ -85.667173855467681, 38.206116287133312 ], [ -85.667203856592806, 38.206157286226635 ] ], [ [ -85.666723854899701, 38.205586285235789 ], [ -85.667173855467681, 38.206116287133312 ] ], [ [ -85.665744858320195, 38.20439628555031 ], [ -85.666723854899701, 38.205586285235789 ] ], [ [ -85.665294855744477, 38.203817287012399 ], [ -85.665744858320195, 38.20439628555031 ] ], [ [ -85.664873854301149, 38.203296284722605 ], [ -85.665294855744477, 38.203817287012399 ] ], [ [ -85.664553857402595, 38.202886286148733 ], [ -85.664873854301149, 38.203296284722605 ] ], [ [ -85.664373855573743, 38.202976285358595 ], [ -85.664854856876474, 38.203566284858908 ] ], [ [ -85.664854856876474, 38.203566284858908 ], [ -85.665133855583292, 38.203907286959115 ] ], [ [ -85.665133855583292, 38.203907286959115 ], [ -85.666583854732053, 38.205656286033943 ] ], [ [ -85.666583854732053, 38.205656286033943 ], [ -85.667004857559917, 38.206186286914772 ] ], [ [ -85.667004857559917, 38.206186286914772 ], [ -85.667044855625548, 38.206237284956423 ] ], [ [ -85.667044855625548, 38.206237284956423 ], [ -85.667324854733195, 38.20656628548425 ] ], [ [ -85.667324854733195, 38.20656628548425 ], [ -85.667443858031618, 38.206607285102542 ] ], [ [ -85.664553857402595, 38.202886286148733 ], [ -85.664373855573743, 38.202976285358595 ] ], [ [ -85.665264854845447, 38.202526285872736 ], [ -85.664553857402595, 38.202886286148733 ] ], [ [ -85.665614856366304, 38.202346285524577 ], [ -85.665264854845447, 38.202526285872736 ] ], [ [ -85.66613385622955, 38.202076285445372 ], [ -85.665614856366304, 38.202346285524577 ] ], [ [ -85.667613855656384, 38.201387286832677 ], [ -85.66613385622955, 38.202076285445372 ] ], [ [ -85.668883854421964, 38.200737283481949 ], [ -85.667613855656384, 38.201387286832677 ] ], [ [ -85.669873857859514, 38.200227286296609 ], [ -85.668883854421964, 38.200737283481949 ] ], [ [ -85.670323858879044, 38.19998628408981 ], [ -85.669873857859514, 38.200227286296609 ] ], [ [ -85.669953859185739, 38.199567286008183 ], [ -85.670323858879044, 38.19998628408981 ] ], [ [ -85.669823854675471, 38.199436284365298 ], [ -85.669953859185739, 38.199567286008183 ] ], [ [ -85.669683858088959, 38.199307285377415 ], [ -85.669823854675471, 38.199436284365298 ] ], [ [ -85.669394856558867, 38.199106283599662 ], [ -85.669683858088959, 38.199307285377415 ] ], [ [ -85.669273855931493, 38.19894728614306 ], [ -85.669394856558867, 38.199106283599662 ] ], [ [ -85.669093856098854, 38.198656285370717 ], [ -85.669273855931493, 38.19894728614306 ] ], [ [ -85.669044857218182, 38.198577285185969 ], [ -85.669093856098854, 38.198656285370717 ] ], [ [ -85.668913856577504, 38.198346286477644 ], [ -85.669044857218182, 38.198577285185969 ] ], [ [ -85.668876855490396, 38.198275286704195 ], [ -85.668913856577504, 38.198346286477644 ] ], [ [ -85.66870385767119, 38.197957286031496 ], [ -85.668876855490396, 38.198275286704195 ] ], [ [ -85.668634856667509, 38.197857285843234 ], [ -85.66870385767119, 38.197957286031496 ] ], [ [ -85.668473855198201, 38.197597286030557 ], [ -85.668634856667509, 38.197857285843234 ] ], [ [ -85.668473855198201, 38.197597286030557 ], [ -85.66690385643939, 38.198026284175342 ] ], [ [ -85.66690385643939, 38.198026284175342 ], [ -85.666403854292085, 38.19810628515782 ] ], [ [ -85.666403854292085, 38.19810628515782 ], [ -85.666223856289534, 38.198116282923422 ] ], [ [ -85.666223856289534, 38.198116282923422 ], [ -85.66563385478058, 38.19805728508701 ] ], [ [ -85.664973857002124, 38.197986283497563 ], [ -85.66563385478058, 38.19805728508701 ] ], [ [ -85.664934853484539, 38.197986286070133 ], [ -85.664973857002124, 38.197986283497563 ] ], [ [ -85.664674855218166, 38.197926285805273 ], [ -85.664934853484539, 38.197986286070133 ] ], [ [ -85.664503856102357, 38.197857286533718 ], [ -85.664674855218166, 38.197926285805273 ] ], [ [ -85.664214854786167, 38.197716283197153 ], [ -85.664503856102357, 38.197857286533718 ] ], [ [ -85.663923854377558, 38.197497283175444 ], [ -85.664214854786167, 38.197716283197153 ] ], [ [ -85.66372485425326, 38.197296286002882 ], [ -85.663923854377558, 38.197497283175444 ] ], [ [ -85.663333855236957, 38.196887285094597 ], [ -85.66372485425326, 38.197296286002882 ] ], [ [ -85.663054856930202, 38.19664628357949 ], [ -85.663333855236957, 38.196887285094597 ] ], [ [ -85.662943853642716, 38.196566284292992 ], [ -85.663054856930202, 38.19664628357949 ] ], [ [ -85.66290385641291, 38.196537283104774 ], [ -85.662943853642716, 38.196566284292992 ] ], [ [ -85.662713855999215, 38.196427285253179 ], [ -85.66290385641291, 38.196537283104774 ] ], [ [ -85.662564852661362, 38.196337285469198 ], [ -85.662713855999215, 38.196427285253179 ] ], [ [ -85.661943855572062, 38.196026282844407 ], [ -85.662564852661362, 38.196337285469198 ] ], [ [ -85.661733855372987, 38.195866284475422 ], [ -85.661943855572062, 38.196026282844407 ] ], [ [ -85.661493853732225, 38.195637282836756 ], [ -85.661733855372987, 38.195866284475422 ] ], [ [ -85.661413852290522, 38.195527284413167 ], [ -85.661493853732225, 38.195637282836756 ] ], [ [ -85.661313852017926, 38.195347283194074 ], [ -85.661413852290522, 38.195527284413167 ] ], [ [ -85.661204853375011, 38.195036283705072 ], [ -85.661313852017926, 38.195347283194074 ] ], [ [ -85.661133852050483, 38.194647285087292 ], [ -85.661204853375011, 38.195036283705072 ] ], [ [ -85.663464855322829, 38.194357283545628 ], [ -85.661133852050483, 38.194647285087292 ] ], [ [ -85.665513854646576, 38.194066282592708 ], [ -85.663464855322829, 38.194357283545628 ] ], [ [ -85.665894857266025, 38.194056284592428 ], [ -85.665513854646576, 38.194066282592708 ] ], [ [ -85.665894857266025, 38.194056284592428 ], [ -85.665834856265519, 38.194287283351329 ] ], [ [ -85.665834856265519, 38.194287283351329 ], [ -85.665673854330109, 38.194887284205983 ] ], [ [ -85.665673854330109, 38.194887284205983 ], [ -85.665593856940802, 38.195077285568409 ] ], [ [ -85.665593856940802, 38.195077285568409 ], [ -85.665484856641825, 38.195277285189512 ] ], [ [ -85.665484856641825, 38.195277285189512 ], [ -85.665304857102967, 38.195476285118652 ] ], [ [ -85.665304857102967, 38.195476285118652 ], [ -85.665034856591305, 38.195697286054873 ] ], [ [ -85.665034856591305, 38.195697286054873 ], [ -85.664844856223311, 38.19583628557892 ] ], [ [ -85.664844856223311, 38.19583628557892 ], [ -85.664134852742563, 38.19632728316499 ] ], [ [ -85.664134852742563, 38.19632728316499 ], [ -85.663333855236957, 38.196887285094597 ] ], [ [ -85.747924884915648, 38.250077291540777 ], [ -85.748194882905082, 38.250116290560939 ] ], [ [ -85.748194882905082, 38.250116290560939 ], [ -85.748843882949288, 38.250206290141527 ] ], [ [ -85.748843882949288, 38.250206290141527 ], [ -85.750993884536399, 38.250466291396378 ] ], [ [ -85.750993884536399, 38.250466291396378 ], [ -85.751254882056941, 38.250486291179001 ] ], [ [ -85.751254882056941, 38.250486291179001 ], [ -85.751344885802325, 38.250496291334755 ] ], [ [ -85.751344885802325, 38.250496291334755 ], [ -85.751553883556014, 38.250527292126748 ] ], [ [ -85.826894905023238, 38.262227288830481 ], [ -85.826544908561686, 38.263076289057224 ] ], [ [ -85.826963909279158, 38.262066289881062 ], [ -85.826894905023238, 38.262227288830481 ] ], [ [ -85.827223907640416, 38.261446290347138 ], [ -85.826963909279158, 38.262066289881062 ] ], [ [ -85.827338906766386, 38.261106287570755 ], [ -85.827223907640416, 38.261446290347138 ] ], [ [ -85.826593906814651, 38.260906290259832 ], [ -85.827338906766386, 38.261106287570755 ] ], [ [ -85.825253907586315, 38.260556289332236 ], [ -85.826593906814651, 38.260906290259832 ] ], [ [ -85.825253907586315, 38.260556289332236 ], [ -85.824414904196928, 38.262556289822804 ] ], [ [ -85.824414904196928, 38.262556289822804 ], [ -85.825243905868618, 38.262767290289638 ] ], [ [ -85.825243905868618, 38.262767290289638 ], [ -85.825843907011219, 38.262876290257857 ] ], [ [ -85.825843907011219, 38.262876290257857 ], [ -85.826544908561686, 38.263076289057224 ] ], [ [ -85.824183905739062, 38.260296290545327 ], [ -85.825253907586315, 38.260556289332236 ] ], [ [ -85.823834905992086, 38.260196290298587 ], [ -85.824183905739062, 38.260296290545327 ] ], [ [ -85.823893906376071, 38.259977290036005 ], [ -85.823834905992086, 38.260196290298587 ] ], [ [ -85.82396490625662, 38.259617288974972 ], [ -85.823893906376071, 38.259977290036005 ] ], [ [ -85.824093905229361, 38.258827287781088 ], [ -85.82396490625662, 38.259617288974972 ] ], [ [ -85.824154906969596, 38.258556288074693 ], [ -85.824093905229361, 38.258827287781088 ] ], [ [ -85.824223906524637, 38.25842728983087 ], [ -85.824154906969596, 38.258556288074693 ] ], [ [ -85.82435390509751, 38.258236289745099 ], [ -85.824223906524637, 38.25842728983087 ] ], [ [ -85.824673908584487, 38.257866288672801 ], [ -85.82435390509751, 38.258236289745099 ] ], [ [ -85.824983905538573, 38.257527287766614 ], [ -85.824673908584487, 38.257866288672801 ] ], [ [ -85.825693905901531, 38.256727289031986 ], [ -85.824983905538573, 38.257527287766614 ] ], [ [ -85.8258739059562, 38.256526288508283 ], [ -85.825693905901531, 38.256727289031986 ] ], [ [ -85.82544490420517, 38.256477288563552 ], [ -85.8258739059562, 38.256526288508283 ] ], [ [ -85.824523907787636, 38.256377287215997 ], [ -85.82544490420517, 38.256477288563552 ] ], [ [ -85.823013907971202, 38.256207290351838 ], [ -85.824523907787636, 38.256377287215997 ] ], [ [ -85.82241390540419, 38.25613628683184 ], [ -85.823013907971202, 38.256207290351838 ] ], [ [ -85.82241390540419, 38.25613628683184 ], [ -85.822344903992331, 38.256496287587723 ] ], [ [ -85.822344903992331, 38.256496287587723 ], [ -85.822193907277239, 38.257216288731605 ] ], [ [ -85.824403908026554, 38.257467288241386 ], [ -85.824983905538573, 38.257527287766614 ] ], [ [ -85.822193907277239, 38.257216288731605 ], [ -85.824403908026554, 38.257467288241386 ] ], [ [ -85.82202390551042, 38.257197288875069 ], [ -85.822193907277239, 38.257216288731605 ] ], [ [ -85.821084903580712, 38.25708728950967 ], [ -85.82202390551042, 38.257197288875069 ] ], [ [ -85.818794904657636, 38.256807287287515 ], [ -85.821084903580712, 38.25708728950967 ] ], [ [ -85.816774902423973, 38.256596288669883 ], [ -85.818794904657636, 38.256807287287515 ] ], [ [ -85.813813903811379, 38.256297288351796 ], [ -85.816774902423973, 38.256596288669883 ] ], [ [ -85.811994901190602, 38.256087288936477 ], [ -85.813813903811379, 38.256297288351796 ] ], [ [ -85.811154901841732, 38.255986288059844 ], [ -85.811994901190602, 38.256087288936477 ] ], [ [ -85.809003901137018, 38.25575729039425 ], [ -85.811154901841732, 38.255986288059844 ] ], [ [ -85.807364899478841, 38.255567288837447 ], [ -85.809003901137018, 38.25575729039425 ] ], [ [ -85.80621390186802, 38.255426288454409 ], [ -85.807364899478841, 38.255567288837447 ] ], [ [ -85.805756901017403, 38.255377290851094 ], [ -85.80621390186802, 38.255426288454409 ] ], [ [ -85.805553899234013, 38.255356289870285 ], [ -85.805756901017403, 38.255377290851094 ] ], [ [ -85.805143901012002, 38.255297288355159 ], [ -85.805553899234013, 38.255356289870285 ] ], [ [ -85.803163899002556, 38.255066287738224 ], [ -85.805143901012002, 38.255297288355159 ] ], [ [ -85.802383900656466, 38.254956289986708 ], [ -85.803163899002556, 38.255066287738224 ] ], [ [ -85.800733900450766, 38.254796288024281 ], [ -85.802383900656466, 38.254956289986708 ] ], [ [ -85.800564899744046, 38.254796290035102 ], [ -85.800733900450766, 38.254796288024281 ] ], [ [ -85.799044898820242, 38.254647288514342 ], [ -85.800564899744046, 38.254796290035102 ] ], [ [ -85.799264897733849, 38.253546290159754 ], [ -85.799044898820242, 38.254647288514342 ] ], [ [ -85.799503900397653, 38.252206288115694 ], [ -85.799264897733849, 38.253546290159754 ] ], [ [ -85.799693897362829, 38.251077288801262 ], [ -85.799503900397653, 38.252206288115694 ] ], [ [ -85.799934899291443, 38.24965628818213 ], [ -85.799693897362829, 38.251077288801262 ] ], [ [ -85.798904898211461, 38.249627287980232 ], [ -85.799934899291443, 38.24965628818213 ] ], [ [ -85.798263897002016, 38.249607290295096 ], [ -85.798904898211461, 38.249627287980232 ] ], [ [ -85.799934899291443, 38.24965628818213 ], [ -85.801207898246105, 38.249683287865572 ] ], [ [ -85.801207898246105, 38.249683287865572 ], [ -85.800928899261081, 38.248934288535523 ] ], [ [ -85.800928899261081, 38.248934288535523 ], [ -85.80025989719789, 38.248917289669123 ] ], [ [ -85.80025989719789, 38.248917289669123 ], [ -85.799934899291443, 38.24965628818213 ] ], [ [ -85.799934899291443, 38.24965628818213 ], [ -85.800237896187141, 38.249122287755533 ] ], [ [ -85.800237896187141, 38.249122287755533 ], [ -85.800502900775882, 38.249122288570945 ] ], [ [ -85.800502900775882, 38.249122288570945 ], [ -85.8008948980317, 38.249139288215268 ] ], [ [ -85.8008948980317, 38.249139288215268 ], [ -85.801207898246105, 38.249683287865572 ] ], [ [ -85.798263897002016, 38.249607290295096 ], [ -85.798224898908018, 38.249977290043297 ] ], [ [ -85.798224898908018, 38.249977290043297 ], [ -85.798173898925555, 38.250316287582528 ] ], [ [ -85.798173898925555, 38.250316287582528 ], [ -85.798134897786554, 38.250546289856793 ] ], [ [ -85.798134897786554, 38.250546289856793 ], [ -85.798054897367649, 38.250946288083625 ] ], [ [ -85.798054897367649, 38.250946288083625 ], [ -85.798023898428653, 38.251096288191292 ] ], [ [ -85.798023898428653, 38.251096288191292 ], [ -85.797973897723338, 38.251407290014278 ] ], [ [ -85.797973897723338, 38.251407290014278 ], [ -85.797864896765319, 38.252047288412022 ] ], [ [ -85.797864896765319, 38.252047288412022 ], [ -85.797744896958562, 38.252706289821674 ] ], [ [ -85.797744896958562, 38.252706289821674 ], [ -85.797633897932357, 38.253356290614875 ] ], [ [ -85.797633897932357, 38.253356290614875 ], [ -85.797403897560287, 38.254426287746313 ] ], [ [ -85.797403897560287, 38.254426287746313 ], [ -85.797303896783774, 38.254996290955695 ] ], [ [ -85.797303896783774, 38.254996290955695 ], [ -85.797263898060791, 38.255536291281459 ] ], [ [ -85.795593899139348, 38.255326291322355 ], [ -85.797263898060791, 38.255536291281459 ] ], [ [ -85.794274895915294, 38.255176291063954 ], [ -85.795593899139348, 38.255326291322355 ] ], [ [ -85.791493895371104, 38.254896290491544 ], [ -85.794274895915294, 38.255176291063954 ] ], [ [ -85.789153896096067, 38.254636291061452 ], [ -85.791493895371104, 38.254896290491544 ] ], [ [ -85.787273893828925, 38.254426289731477 ], [ -85.789153896096067, 38.254636291061452 ] ], [ [ -85.785663893648277, 38.254236289668484 ], [ -85.787273893828925, 38.254426289731477 ] ], [ [ -85.784703892712855, 38.254107290754334 ], [ -85.785663893648277, 38.254236289668484 ] ], [ [ -85.795976895483889, 38.253164288467246 ], [ -85.797633897932357, 38.253356290614875 ] ], [ [ -85.794494897651376, 38.253016290681764 ], [ -85.795976895483889, 38.253164288467246 ] ], [ [ -85.793544895382766, 38.252896288419635 ], [ -85.794494897651376, 38.253016290681764 ] ], [ [ -85.79188489647666, 38.252716290420487 ], [ -85.793544895382766, 38.252896288419635 ] ], [ [ -85.791574897726619, 38.252677288292539 ], [ -85.79188489647666, 38.252716290420487 ] ], [ [ -85.791024896821298, 38.252616288520372 ], [ -85.791574897726619, 38.252677288292539 ] ], [ [ -85.789533898025823, 38.252458288175049 ], [ -85.791024896821298, 38.252616288520372 ] ], [ [ -85.789454897158038, 38.252446287608784 ], [ -85.789533898025823, 38.252458288175049 ] ], [ [ -85.787704895091736, 38.252227288609625 ], [ -85.789454897158038, 38.252446287608784 ] ], [ [ -85.786034892852882, 38.252047288061355 ], [ -85.787704895091736, 38.252227288609625 ] ], [ [ -85.785113894282148, 38.251936290544876 ], [ -85.786034892852882, 38.252047288061355 ] ], [ [ -85.7823238928991, 38.253847289379173 ], [ -85.784703892712855, 38.254107290754334 ] ], [ [ -85.780653894528399, 38.253667290520696 ], [ -85.7823238928991, 38.253847289379173 ] ], [ [ -85.778993892399654, 38.253456291702783 ], [ -85.780653894528399, 38.253667290520696 ] ], [ [ -85.77735489242886, 38.253317289865315 ], [ -85.778993892399654, 38.253456291702783 ] ], [ [ -85.775713891537791, 38.253156289292711 ], [ -85.77735489242886, 38.253317289865315 ] ], [ [ -85.774003892323179, 38.252937290565519 ], [ -85.775713891537791, 38.253156289292711 ] ], [ [ -85.772624893459209, 38.252767290305194 ], [ -85.774003892323179, 38.252937290565519 ] ], [ [ -85.772454892072147, 38.252746289269098 ], [ -85.772624893459209, 38.252767290305194 ] ], [ [ -85.77231489016404, 38.25272629075576 ], [ -85.772454892072147, 38.252746289269098 ] ], [ [ -85.772134888792692, 38.252716291833551 ], [ -85.77231489016404, 38.25272629075576 ] ], [ [ -85.771833892404302, 38.252687292032341 ], [ -85.772134888792692, 38.252716291833551 ] ], [ [ -85.771684888210913, 38.252677290172677 ], [ -85.771833892404302, 38.252687292032341 ] ], [ [ -85.77149489165943, 38.252656290786597 ], [ -85.771684888210913, 38.252677290172677 ] ], [ [ -85.7713338888001, 38.252636290049217 ], [ -85.77149489165943, 38.252656290786597 ] ], [ [ -85.770684889693044, 38.252566291728861 ], [ -85.7713338888001, 38.252636290049217 ] ], [ [ -85.770523891608633, 38.252546289818127 ], [ -85.770684889693044, 38.252566291728861 ] ], [ [ -85.770433891101376, 38.252536290602222 ], [ -85.770523891608633, 38.252546289818127 ] ], [ [ -85.769964889633755, 38.252497289389289 ], [ -85.770433891101376, 38.252536290602222 ] ], [ [ -85.769794889791569, 38.252476291345204 ], [ -85.769964889633755, 38.252497289389289 ] ], [ [ -85.769124887267722, 38.25240729236166 ], [ -85.769794889791569, 38.252476291345204 ] ], [ [ -85.76905389015738, 38.252397292081064 ], [ -85.769124887267722, 38.25240729236166 ] ], [ [ -85.768733890606825, 38.252356289501122 ], [ -85.76905389015738, 38.252397292081064 ] ], [ [ -85.768354891295232, 38.252327289212893 ], [ -85.768733890606825, 38.252356289501122 ] ], [ [ -85.7681348915673, 38.252307288939512 ], [ -85.768354891295232, 38.252327289212893 ] ], [ [ -85.767494888797586, 38.252237289915897 ], [ -85.7681348915673, 38.252307288939512 ] ], [ [ -85.767423887797264, 38.252227292132915 ], [ -85.767494888797586, 38.252237289915897 ] ], [ [ -85.766713886910125, 38.252147291725947 ], [ -85.767423887797264, 38.252227292132915 ] ], [ [ -85.766033887450419, 38.252067288947039 ], [ -85.766713886910125, 38.252147291725947 ] ], [ [ -85.765773889485757, 38.252047288495746 ], [ -85.766033887450419, 38.252067288947039 ] ], [ [ -85.765483889029809, 38.252006289366705 ], [ -85.765773889485757, 38.252047288495746 ] ], [ [ -85.76455388663797, 38.251906290851451 ], [ -85.765483889029809, 38.252006289366705 ] ], [ [ -85.764124888654862, 38.251857289671428 ], [ -85.76455388663797, 38.251906290851451 ] ], [ [ -85.762459887859706, 38.251687289981966 ], [ -85.764124888654862, 38.251857289671428 ] ], [ [ -85.76163388934458, 38.251587291164405 ], [ -85.762459887859706, 38.251687289981966 ] ], [ [ -85.760813886962438, 38.251497291598774 ], [ -85.76163388934458, 38.251587291164405 ] ], [ [ -85.759884888536632, 38.251386291912198 ], [ -85.760813886962438, 38.251497291598774 ] ], [ [ -85.759693888121859, 38.251366288820186 ], [ -85.759884888536632, 38.251386291912198 ] ], [ [ -85.759394888141898, 38.251337289650863 ], [ -85.759693888121859, 38.251366288820186 ] ], [ [ -85.759243886249919, 38.251327290929169 ], [ -85.759394888141898, 38.251337289650863 ] ], [ [ -85.759134886271355, 38.251317291692551 ], [ -85.759243886249919, 38.251327290929169 ] ], [ [ -85.754214886672372, 38.250777292146459 ], [ -85.755823886105745, 38.250926290395746 ] ], [ [ -85.753443884063884, 38.250707290138422 ], [ -85.754214886672372, 38.250777292146459 ] ], [ [ -85.75264488321875, 38.250636290707398 ], [ -85.753443884063884, 38.250707290138422 ] ], [ [ -85.752514883492978, 38.250627290157986 ], [ -85.75264488321875, 38.250636290707398 ] ], [ [ -85.752273884483202, 38.250607289978788 ], [ -85.752514883492978, 38.250627290157986 ] ], [ [ -85.751934883400168, 38.250566290329537 ], [ -85.752273884483202, 38.250607289978788 ] ], [ [ -85.751773886779148, 38.250546290138885 ], [ -85.751934883400168, 38.250566290329537 ] ], [ [ -85.751553883556014, 38.250527292126748 ], [ -85.751773886779148, 38.250546290138885 ] ], [ [ -85.747374883664236, 38.250016289492926 ], [ -85.747924884915648, 38.250077291540777 ] ], [ [ -85.746863884204913, 38.2499672912707 ], [ -85.747374883664236, 38.250016289492926 ] ], [ [ -85.744800883361478, 38.249763290530808 ], [ -85.746863884204913, 38.2499672912707 ] ], [ [ -85.742794881229941, 38.249547292305088 ], [ -85.744800883361478, 38.249763290530808 ] ], [ [ -85.740766883271576, 38.249326291555072 ], [ -85.742794881229941, 38.249547292305088 ] ], [ [ -85.739753879448628, 38.249226290785472 ], [ -85.740766883271576, 38.249326291555072 ] ], [ [ -85.739454881101636, 38.249196289829747 ], [ -85.739753879448628, 38.249226290785472 ] ], [ [ -85.738723878688958, 38.249116291750298 ], [ -85.739454881101636, 38.249196289829747 ] ], [ [ -85.736714880964684, 38.248876289730703 ], [ -85.738723878688958, 38.249116291750298 ] ], [ [ -85.734713880597312, 38.248666289555445 ], [ -85.736714880964684, 38.248876289730703 ] ], [ [ -85.733773877568979, 38.248566290875146 ], [ -85.734713880597312, 38.248666289555445 ] ], [ [ -85.733633880876781, 38.248547289780767 ], [ -85.733773877568979, 38.248566290875146 ] ], [ [ -85.733794878702824, 38.248386291742847 ], [ -85.733633880876781, 38.248547289780767 ] ], [ [ -85.733983879246736, 38.248206289839978 ], [ -85.733794878702824, 38.248386291742847 ] ], [ [ -85.734684879727766, 38.247666291801984 ], [ -85.733983879246736, 38.248206289839978 ] ], [ [ -85.735783878911718, 38.246747291827539 ], [ -85.734684879727766, 38.247666291801984 ] ], [ [ -85.736094881029985, 38.246516292687801 ], [ -85.735783878911718, 38.246747291827539 ] ], [ [ -85.736364878069253, 38.24632628914884 ], [ -85.736094881029985, 38.246516292687801 ] ], [ [ -85.736603878975075, 38.246197291820437 ], [ -85.736364878069253, 38.24632628914884 ] ], [ [ -85.736754878691116, 38.246127290582528 ], [ -85.736603878975075, 38.246197291820437 ] ], [ [ -85.736863880867176, 38.246066289533417 ], [ -85.736754878691116, 38.246127290582528 ] ], [ [ -85.73707488179933, 38.245906291077326 ], [ -85.736863880867176, 38.246066289533417 ] ], [ [ -85.737114880251426, 38.245857291222414 ], [ -85.73707488179933, 38.245906291077326 ] ], [ [ -85.73718387963882, 38.245777289762145 ], [ -85.737114880251426, 38.245857291222414 ] ], [ [ -85.737243880454002, 38.245657292186436 ], [ -85.73718387963882, 38.245777289762145 ] ], [ [ -85.737273880353015, 38.245577289550397 ], [ -85.737243880454002, 38.245657292186436 ] ], [ [ -85.737304878552834, 38.245506289136749 ], [ -85.737273880353015, 38.245577289550397 ] ], [ [ -85.737342880037176, 38.245324290966963 ], [ -85.737304878552834, 38.245506289136749 ] ], [ [ -85.737363881689674, 38.245207289202398 ], [ -85.737342880037176, 38.245324290966963 ] ], [ [ -85.737453882118928, 38.24455629089011 ], [ -85.737363881689674, 38.245207289202398 ] ], [ [ -85.73949388058054, 38.244687292060554 ], [ -85.739483880491704, 38.244906291330267 ] ], [ [ -85.739483880491704, 38.244906291330267 ], [ -85.739433881448861, 38.24529729076643 ] ], [ [ -85.739433881448861, 38.24529729076643 ], [ -85.739374879062041, 38.245647288439677 ] ], [ [ -85.739374879062041, 38.245647288439677 ], [ -85.739334879717646, 38.245857291416819 ] ], [ [ -85.739334879717646, 38.245857291416819 ], [ -85.739253879785579, 38.24626629027992 ] ], [ [ -85.739253879785579, 38.24626629027992 ], [ -85.739223882232508, 38.246387289798712 ] ], [ [ -85.739223882232508, 38.246387289798712 ], [ -85.739113880890258, 38.24693728946756 ] ], [ [ -85.739113880890258, 38.24693728946756 ], [ -85.741113881367809, 38.247126292435823 ] ], [ [ -85.741113881367809, 38.247126292435823 ], [ -85.743154880571467, 38.247367292286441 ] ], [ [ -85.743154880571467, 38.247367292286441 ], [ -85.744743882670548, 38.247547292189019 ] ], [ [ -85.744743882670548, 38.247547292189019 ], [ -85.74491488281609, 38.247567290636134 ] ], [ [ -85.74491488281609, 38.247567290636134 ], [ -85.745214883728963, 38.247596289765504 ] ], [ [ -85.745214883728963, 38.247596289765504 ], [ -85.746174883414739, 38.247717289823221 ] ], [ [ -85.746174883414739, 38.247717289823221 ], [ -85.747223881596227, 38.247817291684775 ] ], [ [ -85.747223881596227, 38.247817291684775 ], [ -85.747654883036702, 38.247856290832445 ] ], [ [ -85.747654883036702, 38.247856290832445 ], [ -85.748014881775376, 38.247897290857559 ] ], [ [ -85.748014881775376, 38.247897290857559 ], [ -85.748563884238578, 38.247946290584323 ] ], [ [ -85.748563884238578, 38.247946290584323 ], [ -85.749094882862082, 38.247987290030828 ] ], [ [ -85.749094882862082, 38.247987290030828 ], [ -85.749213884346048, 38.24799729031978 ] ], [ [ -85.749213884346048, 38.24799729031978 ], [ -85.750314882625005, 38.248116291883754 ] ], [ [ -85.750314882625005, 38.248116291883754 ], [ -85.7515038864167, 38.248246290631329 ] ], [ [ -85.7515038864167, 38.248246290631329 ], [ -85.751844886532155, 38.248296290957036 ] ], [ [ -85.751844886532155, 38.248296290957036 ], [ -85.752090886141417, 38.248314291416527 ] ], [ [ -85.752090886141417, 38.248314291416527 ], [ -85.752263886298863, 38.248336289175889 ] ], [ [ -85.752263886298863, 38.248336289175889 ], [ -85.752564884110697, 38.248367288994189 ] ], [ [ -85.752564884110697, 38.248367288994189 ], [ -85.752903886248362, 38.248406292130255 ] ], [ [ -85.752903886248362, 38.248406292130255 ], [ -85.753173883155782, 38.248447291333854 ] ], [ [ -85.753173883155782, 38.248447291333854 ], [ -85.75433388534266, 38.248596289423048 ] ], [ [ -85.75433388534266, 38.248596289423048 ], [ -85.754544885863893, 38.24862728991404 ] ], [ [ -85.754544885863893, 38.24862728991404 ], [ -85.756196888209061, 38.248797290913728 ] ], [ [ -85.756196888209061, 38.248797290913728 ], [ -85.757883885447171, 38.24894629109663 ] ], [ [ -85.757883885447171, 38.24894629109663 ], [ -85.759543885522845, 38.249136289779997 ] ], [ [ -85.759543885522845, 38.249136289779997 ], [ -85.760283885933475, 38.249216288662339 ] ], [ [ -85.760283885933475, 38.249216288662339 ], [ -85.761183886995582, 38.249326290312908 ] ], [ [ -85.761183886995582, 38.249326290312908 ], [ -85.761483887585413, 38.249357290447392 ] ], [ [ -85.761483887585413, 38.249357290447392 ], [ -85.761914888701043, 38.249406288925719 ] ], [ [ -85.761914888701043, 38.249406288925719 ], [ -85.762113889414948, 38.249427290163652 ] ], [ [ -85.762113889414948, 38.249427290163652 ], [ -85.762454887276618, 38.24946629135853 ] ], [ [ -85.762454887276618, 38.24946629135853 ], [ -85.762844886802455, 38.249500290074792 ] ], [ [ -85.762844886802455, 38.249500290074792 ], [ -85.763124888458151, 38.249537288434205 ] ], [ [ -85.763124888458151, 38.249537288434205 ], [ -85.76356388901371, 38.249586290500233 ] ], [ [ -85.76356388901371, 38.249586290500233 ], [ -85.764133889224553, 38.249646291172596 ] ], [ [ -85.764133889224553, 38.249646291172596 ], [ -85.764493886306724, 38.249686289719925 ] ], [ [ -85.764493886306724, 38.249686289719925 ], [ -85.764773890749012, 38.249717290139607 ] ], [ [ -85.764773890749012, 38.249717290139607 ], [ -85.765863890051833, 38.249817290359971 ] ], [ [ -85.765863890051833, 38.249817290359971 ], [ -85.766144889792074, 38.249856290580539 ] ], [ [ -85.766144889792074, 38.249856290580539 ], [ -85.766403890719786, 38.249887288570626 ] ], [ [ -85.766403890719786, 38.249887288570626 ], [ -85.767814890041493, 38.250067289097501 ] ], [ [ -85.767814890041493, 38.250067289097501 ], [ -85.769443887918101, 38.250231288371538 ] ], [ [ -85.769443887918101, 38.250231288371538 ], [ -85.771144889257499, 38.250417290392122 ] ], [ [ -85.771144889257499, 38.250417290392122 ], [ -85.772513892298278, 38.250576290975502 ] ], [ [ -85.772513892298278, 38.250576290975502 ], [ -85.772714889102815, 38.250597289404233 ] ], [ [ -85.772714889102815, 38.250597289404233 ], [ -85.772863889900862, 38.2506172902049 ] ], [ [ -85.772863889900862, 38.2506172902049 ], [ -85.774403890789884, 38.250797290457491 ] ], [ [ -85.774403890789884, 38.250797290457491 ], [ -85.776089891903808, 38.250971291297972 ] ], [ [ -85.776089891903808, 38.250971291297972 ], [ -85.777743894189413, 38.251176288071065 ] ], [ [ -85.777743894189413, 38.251176288071065 ], [ -85.779374890661316, 38.251306291266161 ] ], [ [ -85.779374890661316, 38.251306291266161 ], [ -85.78106389493955, 38.251486288556826 ] ], [ [ -85.78106389493955, 38.251486288556826 ], [ -85.782723893703235, 38.251677287871907 ] ], [ [ -85.782723893703235, 38.251677287871907 ], [ -85.785113894282148, 38.251936290544876 ] ], [ [ -85.738863881282896, 38.244646289424885 ], [ -85.73949388058054, 38.244687292060554 ] ], [ [ -85.738173879630168, 38.244606288355975 ], [ -85.738863881282896, 38.244646289424885 ] ], [ [ -85.737453882118928, 38.24455629089011 ], [ -85.738173879630168, 38.244606288355975 ] ], [ [ -85.737043880691274, 38.244526290312507 ], [ -85.737453882118928, 38.24455629089011 ] ], [ [ -85.735523880808586, 38.244407290970798 ], [ -85.737043880691274, 38.244526290312507 ] ], [ [ -85.735243878909571, 38.24438729208498 ], [ -85.735523880808586, 38.244407290970798 ] ], [ [ -85.734393879671771, 38.244327291420824 ], [ -85.735243878909571, 38.24438729208498 ] ], [ [ -85.734244879673199, 38.244207291311866 ], [ -85.734393879671771, 38.244327291420824 ] ], [ [ -85.734114878389249, 38.244066290485755 ], [ -85.734244879673199, 38.244207291311866 ] ], [ [ -85.733993878238138, 38.243926290846453 ], [ -85.734114878389249, 38.244066290485755 ] ], [ [ -85.733614876766765, 38.243446290741524 ], [ -85.733993878238138, 38.243926290846453 ] ], [ [ -85.733524878161916, 38.243327290947349 ], [ -85.733614876766765, 38.243446290741524 ] ], [ [ -85.733453880667582, 38.243237291629384 ], [ -85.733524878161916, 38.243327290947349 ] ], [ [ -85.733043879863104, 38.242777289127723 ], [ -85.733453880667582, 38.243237291629384 ] ], [ [ -85.732664879050844, 38.242296290473483 ], [ -85.733043879863104, 38.242777289127723 ] ], [ [ -85.73237387836636, 38.24188728865807 ], [ -85.732664879050844, 38.242296290473483 ] ], [ [ -85.731854877280966, 38.241196288976184 ], [ -85.73237387836636, 38.24188728865807 ] ], [ [ -85.733903879082305, 38.244286291653772 ], [ -85.734393879671771, 38.244327291420824 ] ], [ [ -85.733974879866395, 38.244156289701493 ], [ -85.733903879082305, 38.244286291653772 ] ], [ [ -85.733993877931141, 38.244047288810442 ], [ -85.733974879866395, 38.244156289701493 ] ], [ [ -85.733993878238138, 38.243926290846453 ], [ -85.733993877931141, 38.244047288810442 ] ], [ [ -85.731213876724382, 38.240357291661631 ], [ -85.731854877280966, 38.241196288976184 ] ], [ [ -85.731123877904821, 38.240247291289734 ], [ -85.731213876724382, 38.240357291661631 ] ], [ [ -85.73068487774016, 38.23966629018377 ], [ -85.731123877904821, 38.240247291289734 ] ], [ [ -85.730173878450188, 38.23899729004652 ], [ -85.73068487774016, 38.23966629018377 ] ], [ [ -85.729753879212808, 38.238457288226144 ], [ -85.730173878450188, 38.23899729004652 ] ], [ [ -85.729424876729752, 38.23803628894813 ], [ -85.729753879212808, 38.238457288226144 ] ], [ [ -85.72924487619872, 38.237817291361822 ], [ -85.729424876729752, 38.23803628894813 ] ], [ [ -85.728354876164389, 38.236696288281927 ], [ -85.72924487619872, 38.237817291361822 ] ], [ [ -85.728214875647964, 38.236506288972983 ], [ -85.728354876164389, 38.236696288281927 ] ], [ [ -85.727994876595574, 38.236227290046827 ], [ -85.728214875647964, 38.236506288972983 ] ], [ [ -85.727624877851227, 38.235747287634965 ], [ -85.727994876595574, 38.236227290046827 ] ], [ [ -85.72690487719575, 38.234787290817394 ], [ -85.727624877851227, 38.235747287634965 ] ], [ [ -85.726544877999572, 38.234346287434143 ], [ -85.72690487719575, 38.234787290817394 ] ], [ [ -85.726324878300019, 38.234016288931528 ], [ -85.726544877999572, 38.234346287434143 ] ], [ [ -85.725864877707906, 38.23343729006735 ], [ -85.726324878300019, 38.234016288931528 ] ], [ [ -85.725533875087763, 38.233016288303837 ], [ -85.725864877707906, 38.23343729006735 ] ], [ [ -85.72536387571931, 38.232826290595355 ], [ -85.725533875087763, 38.233016288303837 ] ], [ [ -85.724533875824335, 38.231776287698253 ], [ -85.72536387571931, 38.232826290595355 ] ], [ [ -85.724413875202885, 38.231637288849008 ], [ -85.724533875824335, 38.231776287698253 ] ], [ [ -85.724143874637193, 38.23124728836175 ], [ -85.724413875202885, 38.231637288849008 ] ], [ [ -85.723993874683302, 38.231026287245264 ], [ -85.724143874637193, 38.23124728836175 ] ], [ [ -85.723053876038222, 38.230956288094291 ], [ -85.723993874683302, 38.231026287245264 ] ], [ [ -85.722144876486453, 38.230897287955088 ], [ -85.723053876038222, 38.230956288094291 ] ], [ [ -85.72195487452035, 38.230876287866529 ], [ -85.722144876486453, 38.230897287955088 ] ], [ [ -85.720114873139565, 38.230786289053945 ], [ -85.72195487452035, 38.230876287866529 ] ], [ [ -85.719593871918875, 38.23071728862174 ], [ -85.720114873139565, 38.230786289053945 ] ], [ [ -85.719223874482182, 38.230696287197979 ], [ -85.719593871918875, 38.23071728862174 ] ], [ [ -85.718553875031773, 38.230666287773133 ], [ -85.719223874482182, 38.230696287197979 ] ], [ [ -85.717793874545919, 38.230627288769405 ], [ -85.718553875031773, 38.230666287773133 ] ], [ [ -85.716793872137515, 38.230457288077233 ], [ -85.717793874545919, 38.230627288769405 ] ], [ [ -85.716363873260448, 38.230326287851206 ], [ -85.716793872137515, 38.230457288077233 ] ], [ [ -85.716223873145552, 38.230136288321951 ], [ -85.716363873260448, 38.230326287851206 ] ], [ [ -85.716154872976816, 38.230046288047561 ], [ -85.716223873145552, 38.230136288321951 ] ], [ [ -85.715893872946481, 38.22969628721625 ], [ -85.716154872976816, 38.230046288047561 ] ], [ [ -85.715683874080725, 38.229447288373905 ], [ -85.715893872946481, 38.22969628721625 ] ], [ [ -85.715273873360346, 38.228946287318045 ], [ -85.715683874080725, 38.229447288373905 ] ], [ [ -85.715173872718808, 38.22881728930107 ], [ -85.715273873360346, 38.228946287318045 ] ], [ [ -85.714813871944159, 38.228367287347041 ], [ -85.715173872718808, 38.22881728930107 ] ], [ [ -85.714534871540693, 38.228017286270202 ], [ -85.714813871944159, 38.228367287347041 ] ], [ [ -85.714254871551404, 38.227657286603453 ], [ -85.714534871540693, 38.228017286270202 ] ], [ [ -85.713923873183106, 38.227246287324583 ], [ -85.714254871551404, 38.227657286603453 ] ], [ [ -85.713854869975478, 38.227156289206611 ], [ -85.713923873183106, 38.227246287324583 ] ], [ [ -85.713663870173619, 38.226906286518592 ], [ -85.713854869975478, 38.227156289206611 ] ], [ [ -85.713393870801397, 38.226546286500458 ], [ -85.713663870173619, 38.226906286518592 ] ], [ [ -85.713134871444609, 38.226237288674135 ], [ -85.713393870801397, 38.226546286500458 ] ], [ [ -85.712893872055133, 38.225937289086211 ], [ -85.713134871444609, 38.226237288674135 ] ], [ [ -85.712604869475371, 38.225546289008065 ], [ -85.712893872055133, 38.225937289086211 ] ], [ [ -85.712364869510026, 38.225247288563665 ], [ -85.712604869475371, 38.225546289008065 ] ], [ [ -85.712163872366062, 38.224996286151772 ], [ -85.712364869510026, 38.225247288563665 ] ], [ [ -85.71141387009142, 38.224036287512973 ], [ -85.712163872366062, 38.224996286151772 ] ], [ [ -85.71091387033843, 38.223406285990755 ], [ -85.71141387009142, 38.224036287512973 ] ], [ [ -85.710794868866572, 38.223216288600618 ], [ -85.71091387033843, 38.223406285990755 ] ], [ [ -85.710693869249098, 38.222977287085548 ], [ -85.710794868866572, 38.223216288600618 ] ], [ [ -85.710403869693067, 38.221897287579822 ], [ -85.710693869249098, 38.222977287085548 ] ], [ [ -85.710294869819023, 38.221467287248117 ], [ -85.710403869693067, 38.221897287579822 ] ], [ [ -85.710223871808665, 38.221177287780336 ], [ -85.710294869819023, 38.221467287248117 ] ], [ [ -85.710164868576285, 38.220936287780816 ], [ -85.710223871808665, 38.221177287780336 ] ], [ [ -85.710074870683343, 38.220676286102616 ], [ -85.710164868576285, 38.220936287780816 ] ], [ [ -85.709994868819479, 38.220526288365761 ], [ -85.710074870683343, 38.220676286102616 ] ], [ [ -85.709934869201675, 38.220406288153171 ], [ -85.709994868819479, 38.220526288365761 ] ], [ [ -85.709586868689584, 38.219811287862761 ], [ -85.709934869201675, 38.220406288153171 ] ], [ [ -85.708793870877415, 38.218356284919352 ], [ -85.709586868689584, 38.219811287862761 ] ], [ [ -85.708213868984231, 38.217336286496 ], [ -85.708793870877415, 38.218356284919352 ] ], [ [ -85.708134870980416, 38.217217288256805 ], [ -85.708213868984231, 38.217336286496 ] ], [ [ -85.707993869468027, 38.217086286948494 ], [ -85.708134870980416, 38.217217288256805 ] ], [ [ -85.707843870177811, 38.21699628770353 ], [ -85.707993869468027, 38.217086286948494 ] ], [ [ -85.707744868946506, 38.21694728624869 ], [ -85.707843870177811, 38.21699628770353 ] ], [ [ -85.706403870248835, 38.216427286270111 ], [ -85.707744868946506, 38.21694728624869 ] ], [ [ -85.70475386773191, 38.215767285268036 ], [ -85.706403870248835, 38.216427286270111 ] ], [ [ -85.704653868676232, 38.215716285393576 ], [ -85.70475386773191, 38.215767285268036 ] ], [ [ -85.704213868595488, 38.215507287262547 ], [ -85.704653868676232, 38.215716285393576 ] ], [ [ -85.703904868173368, 38.21530628539724 ], [ -85.704213868595488, 38.215507287262547 ] ], [ [ -85.703154866518304, 38.214807287121715 ], [ -85.703904868173368, 38.21530628539724 ] ], [ [ -85.702853867565949, 38.214617285078425 ], [ -85.703154866518304, 38.214807287121715 ] ], [ [ -85.701934868256899, 38.21409628650526 ], [ -85.702853867565949, 38.214617285078425 ] ], [ [ -85.701754867159096, 38.213997287670516 ], [ -85.701934868256899, 38.21409628650526 ] ], [ [ -85.70124386759133, 38.213707285753316 ], [ -85.701754867159096, 38.213997287670516 ] ], [ [ -85.700973866943883, 38.213556286633541 ], [ -85.70124386759133, 38.213707285753316 ] ], [ [ -85.700973866943883, 38.213556286633541 ], [ -85.700820867502529, 38.213593286782157 ] ], [ [ -85.700820867502529, 38.213593286782157 ], [ -85.700603868418071, 38.213707286607317 ] ], [ [ -85.700603868418071, 38.213707286607317 ], [ -85.699883867694496, 38.21408728516996 ] ], [ [ -85.699883867694496, 38.21408728516996 ], [ -85.699144867792327, 38.214476286222961 ] ], [ [ -85.699144867792327, 38.214476286222961 ], [ -85.698723867797838, 38.214726287721916 ] ], [ [ -85.698723867797838, 38.214726287721916 ], [ -85.698504868469144, 38.214936286640118 ] ], [ [ -85.698504868469144, 38.214936286640118 ], [ -85.69837486728234, 38.215077287565421 ] ], [ [ -85.69837486728234, 38.215077287565421 ], [ -85.698223865006, 38.215257286229289 ] ], [ [ -85.698223865006, 38.215257286229289 ], [ -85.697983866117951, 38.215587285735836 ] ], [ [ -85.697983866117951, 38.215587285735836 ], [ -85.697834866760687, 38.215846285387151 ] ], [ [ -85.697834866760687, 38.215846285387151 ], [ -85.697733864842974, 38.21618628721707 ] ], [ [ -85.697733864842974, 38.21618628721707 ], [ -85.697683866047555, 38.216356285296172 ] ], [ [ -85.697683866047555, 38.216356285296172 ], [ -85.697574865989012, 38.216546287553783 ] ], [ [ -85.697574865989012, 38.216546287553783 ], [ -85.697413864749237, 38.216716288756913 ] ], [ [ -85.697413864749237, 38.216716288756913 ], [ -85.697204867663359, 38.216886287421453 ] ], [ [ -85.697204867663359, 38.216886287421453 ], [ -85.696984866314438, 38.217027286711954 ] ], [ [ -85.696984866314438, 38.217027286711954 ], [ -85.696524866774112, 38.21727628718525 ] ], [ [ -85.696524866774112, 38.21727628718525 ], [ -85.69620386452857, 38.217426288046624 ] ], [ [ -85.69620386452857, 38.217426288046624 ], [ -85.695913863684694, 38.217567287339534 ] ], [ [ -85.695913863684694, 38.217567287339534 ], [ -85.695463866441514, 38.217757288121895 ] ], [ [ -85.695463866441514, 38.217757288121895 ], [ -85.695023863349348, 38.217916287549251 ] ], [ [ -85.695023863349348, 38.217916287549251 ], [ -85.694604867150616, 38.218047287172304 ] ], [ [ -85.694604867150616, 38.218047287172304 ], [ -85.694424865492735, 38.218076288026793 ] ], [ [ -85.694424865492735, 38.218076288026793 ], [ -85.694263864156099, 38.218076288920656 ] ], [ [ -85.694133863462611, 38.218066286994187 ], [ -85.694263864156099, 38.218076288920656 ] ], [ [ -85.693753864149784, 38.217986286308893 ], [ -85.694133863462611, 38.218066286994187 ] ], [ [ -85.693583867343776, 38.217966287351942 ], [ -85.693753864149784, 38.217986286308893 ] ], [ [ -85.693583867343776, 38.217966287351942 ], [ -85.693424866369298, 38.217976286541763 ] ], [ [ -85.693424866369298, 38.217976286541763 ], [ -85.693284865746605, 38.218017286931101 ] ], [ [ -85.693284865746605, 38.218017286931101 ], [ -85.692884864796525, 38.218166288129638 ] ], [ [ -85.692884864796525, 38.218166288129638 ], [ -85.692463862887649, 38.218317287934212 ] ], [ [ -85.692463862887649, 38.218317287934212 ], [ -85.692193862472493, 38.218397288269927 ] ], [ [ -85.692193862472493, 38.218397288269927 ], [ -85.692003864823377, 38.218446289012533 ] ], [ [ -85.692003864823377, 38.218446289012533 ], [ -85.691754865036302, 38.21851628622678 ] ], [ [ -85.691754865036302, 38.21851628622678 ], [ -85.691394864417745, 38.218577286030168 ] ], [ [ -85.691394864417745, 38.218577286030168 ], [ -85.691094865584432, 38.218606287121197 ] ], [ [ -85.690954864301958, 38.218307286409797 ], [ -85.691094865584432, 38.218606287121197 ] ], [ [ -85.690033865121691, 38.217166285676704 ], [ -85.690954864301958, 38.218307286409797 ] ], [ [ -85.689744863955312, 38.216836285445069 ], [ -85.690033865121691, 38.217166285676704 ] ], [ [ -85.689604865064851, 38.216677288690619 ], [ -85.689744863955312, 38.216836285445069 ] ], [ [ -85.68903386316174, 38.215967287682467 ], [ -85.689604865064851, 38.216677288690619 ] ], [ [ -85.688353861771006, 38.21515728673694 ], [ -85.68903386316174, 38.215967287682467 ] ], [ [ -85.688353861771006, 38.21515728673694 ], [ -85.687243863682028, 38.21578728762794 ] ], [ [ -85.687243863682028, 38.21578728762794 ], [ -85.685793861710138, 38.21657728795568 ] ], [ [ -85.685793861710138, 38.21657728795568 ], [ -85.681854860392519, 38.21881628987169 ] ], [ [ -85.681854860392519, 38.21881628987169 ], [ -85.679974859521366, 38.219786287553845 ] ], [ [ -85.672923857780518, 38.212267286184137 ], [ -85.672314858232625, 38.212596288049909 ] ], [ [ -85.673553860629809, 38.211927286712182 ], [ -85.672923857780518, 38.212267286184137 ] ], [ [ -85.67407485785516, 38.211647285908896 ], [ -85.673553860629809, 38.211927286712182 ] ], [ [ -85.675083859282779, 38.211126286721097 ], [ -85.67407485785516, 38.211647285908896 ] ], [ [ -85.676154859133504, 38.210536288154167 ], [ -85.675083859282779, 38.211126286721097 ] ], [ [ -85.677234857382558, 38.209956286346014 ], [ -85.676154859133504, 38.210536288154167 ] ], [ [ -85.678153861602965, 38.209467287685079 ], [ -85.677234857382558, 38.209956286346014 ] ], [ [ -85.678333859776259, 38.209366285353973 ], [ -85.678153861602965, 38.209467287685079 ] ], [ [ -85.679034860638509, 38.209037285327518 ], [ -85.678333859776259, 38.209366285353973 ] ], [ [ -85.679463860904875, 38.208816286056724 ], [ -85.679034860638509, 38.209037285327518 ] ], [ [ -85.680064858979165, 38.208507285954724 ], [ -85.679463860904875, 38.208816286056724 ] ], [ [ -85.681734861469181, 38.207577287614171 ], [ -85.680064858979165, 38.208507285954724 ] ], [ [ -85.682833858980189, 38.206967284195954 ], [ -85.681734861469181, 38.207577287614171 ] ], [ [ -85.685263860732306, 38.205546284718764 ], [ -85.682833858980189, 38.206967284195954 ] ], [ [ -85.686764861427761, 38.204746284385948 ], [ -85.685263860732306, 38.205546284718764 ] ], [ [ -85.687723862463201, 38.204226286588622 ], [ -85.686764861427761, 38.204746284385948 ] ], [ [ -85.687794861937633, 38.20418728572961 ], [ -85.687723862463201, 38.204226286588622 ] ], [ [ -85.688654862957421, 38.203746283214976 ], [ -85.687794861937633, 38.20418728572961 ] ], [ [ -85.689284861571679, 38.203416286237768 ], [ -85.688654862957421, 38.203746283214976 ] ], [ [ -85.689384864123653, 38.203386284929437 ], [ -85.689284861571679, 38.203416286237768 ] ], [ [ -85.689514861363236, 38.203357283336835 ], [ -85.689384864123653, 38.203386284929437 ] ], [ [ -85.689663863811205, 38.203347285383899 ], [ -85.689514861363236, 38.203357283336835 ] ], [ [ -85.689793863522326, 38.203357285115345 ], [ -85.689663863811205, 38.203347285383899 ] ], [ [ -85.690083864565025, 38.203406286235015 ], [ -85.689793863522326, 38.203357285115345 ] ], [ [ -85.690243863608401, 38.203426286236628 ], [ -85.690083864565025, 38.203406286235015 ] ], [ [ -85.690393865232721, 38.203437284636891 ], [ -85.690243863608401, 38.203426286236628 ] ], [ [ -85.69051386424357, 38.203406283758859 ], [ -85.690393865232721, 38.203437284636891 ] ], [ [ -85.690644863084231, 38.203347285210548 ], [ -85.69051386424357, 38.203406283758859 ] ], [ [ -85.690904863959673, 38.203206284128434 ], [ -85.690644863084231, 38.203347285210548 ] ], [ [ -85.691053863203337, 38.203116286540784 ], [ -85.690904863959673, 38.203206284128434 ] ], [ [ -85.690613864329436, 38.202766285079157 ], [ -85.691053863203337, 38.203116286540784 ] ], [ [ -85.690314862897623, 38.202567284042047 ], [ -85.690613864329436, 38.202766285079157 ] ], [ [ -85.689924861300426, 38.20231628362631 ], [ -85.690314862897623, 38.202567284042047 ] ], [ [ -85.689644864552619, 38.202156284984383 ], [ -85.689924861300426, 38.20231628362631 ] ], [ [ -85.68943386305645, 38.202056283690531 ], [ -85.689644864552619, 38.202156284984383 ] ], [ [ -85.689334864483826, 38.202007284092893 ], [ -85.68943386305645, 38.202056283690531 ] ], [ [ -85.688974864050223, 38.201857285390197 ], [ -85.689334864483826, 38.202007284092893 ] ], [ [ -85.688643860565548, 38.201727285517691 ], [ -85.688974864050223, 38.201857285390197 ] ], [ [ -85.688384861394184, 38.201626284538555 ], [ -85.688643860565548, 38.201727285517691 ] ], [ [ -85.687733863599433, 38.201416283075744 ], [ -85.688384861394184, 38.201626284538555 ] ], [ [ -85.686613862258753, 38.201056285718494 ], [ -85.687733863599433, 38.201416283075744 ] ], [ [ -85.686264861254514, 38.200906284126937 ], [ -85.686613862258753, 38.201056285718494 ] ], [ [ -85.686123863783394, 38.200857283747681 ], [ -85.686264861254514, 38.200906284126937 ] ], [ [ -85.685973862608591, 38.200827285458722 ], [ -85.686123863783394, 38.200857283747681 ] ], [ [ -85.686004863076661, 38.200397285092734 ], [ -85.685973862608591, 38.200827285458722 ] ], [ [ -85.686033862149571, 38.200146285755707 ], [ -85.686004863076661, 38.200397285092734 ] ], [ [ -85.686063863030327, 38.199927282828384 ], [ -85.686033862149571, 38.200146285755707 ] ], [ [ -85.686153860744923, 38.199307284572868 ], [ -85.686063863030327, 38.199927282828384 ] ], [ [ -85.686343861159372, 38.197857284731604 ], [ -85.686153860744923, 38.199307284572868 ] ], [ [ -85.686243859531416, 38.197846283880253 ], [ -85.686343861159372, 38.197857284731604 ] ], [ [ -85.686243859531416, 38.197846283880253 ], [ -85.685883860097334, 38.197816284716758 ] ], [ [ -85.685883860097334, 38.197816284716758 ], [ -85.685414860574895, 38.197846283831751 ] ], [ [ -85.685414860574895, 38.197846283831751 ], [ -85.685203863039305, 38.19787728297063 ] ], [ [ -85.685203863039305, 38.19787728297063 ], [ -85.68494386238315, 38.197957285301861 ] ], [ [ -85.68494386238315, 38.197957285301861 ], [ -85.684694863257363, 38.198067282732332 ] ], [ [ -85.684694863257363, 38.198067282732332 ], [ -85.684464860020242, 38.198186284184452 ] ], [ [ -85.684464860020242, 38.198186284184452 ], [ -85.683444859562954, 38.198906284208704 ] ], [ [ -85.683444859562954, 38.198906284208704 ], [ -85.684884862805319, 38.200066283184434 ] ], [ [ -85.684884862805319, 38.200066283184434 ], [ -85.685464863045809, 38.200516284817724 ] ], [ [ -85.685464863045809, 38.200516284817724 ], [ -85.685973862608591, 38.200827285458722 ] ], [ [ -85.685973862608591, 38.200827285458722 ], [ -85.686103861353814, 38.200966285473413 ] ], [ [ -85.686103861353814, 38.200966285473413 ], [ -85.686243861980699, 38.20104628387913 ] ], [ [ -85.686243861980699, 38.20104628387913 ], [ -85.68665386010673, 38.201207285668346 ] ], [ [ -85.68665386010673, 38.201207285668346 ], [ -85.687034860394149, 38.20134628433285 ] ], [ [ -85.687034860394149, 38.20134628433285 ], [ -85.687413863732061, 38.201477283577937 ] ], [ [ -85.687413863732061, 38.201477283577937 ], [ -85.687664862787685, 38.201557282939305 ] ], [ [ -85.687664862787685, 38.201557282939305 ], [ -85.688273860661624, 38.201757283847527 ] ], [ [ -85.688273860661624, 38.201757283847527 ], [ -85.688704862068903, 38.201896285732687 ] ], [ [ -85.688704862068903, 38.201896285732687 ], [ -85.68907386314406, 38.202046284138405 ] ], [ [ -85.68907386314406, 38.202046284138405 ], [ -85.689154861780437, 38.202076284862329 ] ], [ [ -85.689154861780437, 38.202076284862329 ], [ -85.689564864168517, 38.202277284032064 ] ], [ [ -85.689564864168517, 38.202277284032064 ], [ -85.690184862379141, 38.202657283132154 ] ], [ [ -85.690184862379141, 38.202657283132154 ], [ -85.690584862888471, 38.202956285728199 ] ], [ [ -85.690584862888471, 38.202956285728199 ], [ -85.690904863959673, 38.203206284128434 ] ], [ [ -85.686343861159372, 38.197857284731604 ], [ -85.687884860160082, 38.198006282696532 ] ], [ [ -85.687884860160082, 38.198006282696532 ], [ -85.688263861096715, 38.1980572845955 ] ], [ [ -85.688263861096715, 38.1980572845955 ], [ -85.688533861833193, 38.198127284509852 ] ], [ [ -85.688533861833193, 38.198127284509852 ], [ -85.688884861548772, 38.198256282748765 ] ], [ [ -85.688884861548772, 38.198256282748765 ], [ -85.689453863455341, 38.198466283058288 ] ], [ [ -85.689453863455341, 38.198466283058288 ], [ -85.689734864300704, 38.19853628529944 ] ], [ [ -85.689734864300704, 38.19853628529944 ], [ -85.690014862745301, 38.198587284157554 ] ], [ [ -85.690014862745301, 38.198587284157554 ], [ -85.690994864639023, 38.198656284458849 ] ], [ [ -85.690994864639023, 38.198656284458849 ], [ -85.691574863200145, 38.198726283984442 ] ], [ [ -85.691574863200145, 38.198726283984442 ], [ -85.692853862652115, 38.1987962850773 ] ], [ [ -85.693133863779437, 38.198767285370621 ], [ -85.692853862652115, 38.1987962850773 ] ], [ [ -85.693374864491716, 38.19870628479466 ], [ -85.693133863779437, 38.198767285370621 ] ], [ [ -85.693633863833284, 38.19860728492997 ], [ -85.693374864491716, 38.19870628479466 ] ], [ [ -85.69388486471324, 38.198456285033089 ], [ -85.693633863833284, 38.19860728492997 ] ], [ [ -85.695293863351068, 38.197556284955176 ], [ -85.69388486471324, 38.198456285033089 ] ], [ [ -85.695684864747008, 38.197357284786989 ], [ -85.695293863351068, 38.197556284955176 ] ], [ [ -85.695293863351068, 38.197556284955176 ], [ -85.695090865638278, 38.197352282888133 ] ], [ [ -85.695090865638278, 38.197352282888133 ], [ -85.696012866749271, 38.196843284093362 ] ], [ [ -85.696012866749271, 38.196843284093362 ], [ -85.696153862668027, 38.197167282648977 ] ], [ [ -85.696153862668027, 38.197167282648977 ], [ -85.695684864747008, 38.197357284786989 ] ], [ [ -85.685973862608591, 38.200827285458722 ], [ -85.685874862871898, 38.200966284602643 ] ], [ [ -85.685874862871898, 38.200966284602643 ], [ -85.685803860491291, 38.201086284623557 ] ], [ [ -85.685803860491291, 38.201086284623557 ], [ -85.685653862247065, 38.201246285461849 ] ], [ [ -85.685653862247065, 38.201246285461849 ], [ -85.685133860688154, 38.201557285692232 ] ], [ [ -85.685133860688154, 38.201557285692232 ], [ -85.683543862794053, 38.202396286152393 ] ], [ [ -85.683543862794053, 38.202396286152393 ], [ -85.682323860315734, 38.203026286025406 ] ], [ [ -85.681374862381645, 38.201927283516312 ], [ -85.682323860315734, 38.203026286025406 ] ], [ [ -85.684884862805319, 38.200066283184434 ], [ -85.682804862300401, 38.2011872851009 ] ], [ [ -85.682804862300401, 38.2011872851009 ], [ -85.681374862381645, 38.201927283516312 ] ], [ [ -85.681374862381645, 38.201927283516312 ], [ -85.680409858658521, 38.202444285089001 ] ], [ [ -85.680409858658521, 38.202444285089001 ], [ -85.68023486188892, 38.202547285971804 ] ], [ [ -85.68023486188892, 38.202547285971804 ], [ -85.680043861178106, 38.202647286612205 ] ], [ [ -85.680043861178106, 38.202647286612205 ], [ -85.679903861821515, 38.202696283743585 ] ], [ [ -85.679903861821515, 38.202696283743585 ], [ -85.679673859315002, 38.202737285946242 ] ], [ [ -85.679514857837091, 38.202727286900817 ], [ -85.679673859315002, 38.202737285946242 ] ], [ [ -85.679514857837091, 38.202727286900817 ], [ -85.679154857730438, 38.202706285067549 ] ], [ [ -85.679154857730438, 38.202706285067549 ], [ -85.679053857180776, 38.202727285198286 ] ], [ [ -85.679053857180776, 38.202727285198286 ], [ -85.678884861278036, 38.202776285972156 ] ], [ [ -85.678884861278036, 38.202776285972156 ], [ -85.678653859478644, 38.202897285817741 ] ], [ [ -85.678653859478644, 38.202897285817741 ], [ -85.677913858897924, 38.203277284110271 ] ], [ [ -85.677913858897924, 38.203277284110271 ], [ -85.677843859433736, 38.203306287128484 ] ], [ [ -85.677843859433736, 38.203306287128484 ], [ -85.677714860395398, 38.203396283896843 ] ], [ [ -85.677714860395398, 38.203396283896843 ], [ -85.677563861173795, 38.203527284829271 ] ], [ [ -85.677563861173795, 38.203527284829271 ], [ -85.677054858178522, 38.204106284482734 ] ], [ [ -85.677054858178522, 38.204106284482734 ], [ -85.676933858250223, 38.204247285225584 ] ], [ [ -85.676933858250223, 38.204247285225584 ], [ -85.676824861318678, 38.204316284332158 ] ], [ [ -85.676824861318678, 38.204316284332158 ], [ -85.676504860452937, 38.204476284534202 ] ], [ [ -85.676504860452937, 38.204476284534202 ], [ -85.67620385862422, 38.204576284286858 ] ], [ [ -85.67620385862422, 38.204576284286858 ], [ -85.675493860576921, 38.204897286275774 ] ], [ [ -85.675493860576921, 38.204897286275774 ], [ -85.67331485950902, 38.20600628590558 ] ], [ [ -85.67331485950902, 38.20600628590558 ], [ -85.670633860039601, 38.207397287091787 ] ], [ [ -85.670633860039601, 38.207397287091787 ], [ -85.670083856447306, 38.207677285906023 ] ], [ [ -85.670083856447306, 38.207677285906023 ], [ -85.669593857980217, 38.207926287578502 ] ], [ [ -85.669593857980217, 38.207926287578502 ], [ -85.669363857081933, 38.208066285150949 ] ], [ [ -85.669363857081933, 38.208066285150949 ], [ -85.668954857253127, 38.208426288111518 ] ] ] } },
{ "type": "Feature", "properties": { "OBJECTID": 9, "ROUTE_NAME": "Broadway", "ROUTE_TYPE": "High Frequency", "ROUTE_NUMBER": 23, "TARC_WEB": "https://www.ridetarc.org/bus_routes/broadway/", "SHAPELEN": 207338.35112159501 }, "geometry": { "type": "MultiLineString", "coordinates": [ [ [ -85.684753864150153, 38.223057288344435 ], [ -85.685464862695582, 38.223327288857618 ], [ -85.685703865201262, 38.223417289766523 ], [ -85.685853864513916, 38.223456290088187 ], [ -85.685923863434184, 38.223466287528716 ], [ -85.686094864681877, 38.223507288099043 ], [ -85.686414863909818, 38.223546287076552 ], [ -85.68664386534023, 38.223576288144784 ], [ -85.686833862947537, 38.223597287037151 ], [ -85.687743863802353, 38.223707290508074 ], [ -85.6883238630123, 38.223777287844221 ], [ -85.689154864953892, 38.223877288812645 ], [ -85.689784866100652, 38.223946288343647 ], [ -85.690293866466462, 38.22401628984337 ], [ -85.691084865975526, 38.22410628987916 ], [ -85.691714867472584, 38.224186288468267 ], [ -85.691844863942777, 38.224206289980096 ], [ -85.692024864503196, 38.224227287206922 ], [ -85.692444867824591, 38.2242762876472 ], [ -85.693254864240117, 38.224366288939436 ], [ -85.693514864584813, 38.224396288166147 ], [ -85.693694863304245, 38.224437290019047 ], [ -85.693834867334004, 38.224486287193209 ], [ -85.693974865437013, 38.224566287145059 ], [ -85.694104866343281, 38.224626290137394 ], [ -85.694303866678098, 38.224736288100999 ], [ -85.69443386626314, 38.224797289734752 ], [ -85.694923867291607, 38.225026289971687 ], [ -85.695264864637352, 38.225176290542144 ], [ -85.696543868151309, 38.225757287661828 ], [ -85.697013864963708, 38.225976290093072 ], [ -85.697553866747228, 38.226227289685973 ], [ -85.697773866023738, 38.226356290571452 ], [ -85.697893867397127, 38.226426289981688 ], [ -85.698313867634312, 38.226696289128178 ], [ -85.698914867967531, 38.227076287555953 ], [ -85.69917386969226, 38.227246288912873 ], [ -85.699563868580853, 38.2274872872309 ], [ -85.699933867718485, 38.227726287503657 ], [ -85.700519865753265, 38.228104287666369 ], [ -85.701034866351691, 38.228436290516747 ], [ -85.701204866818259, 38.228547289605345 ], [ -85.701783868220772, 38.228917289377442 ], [ -85.702064869573164, 38.229097289129648 ], [ -85.702424867097648, 38.229326289182104 ], [ -85.702794870169782, 38.229576289975938 ], [ -85.703213867005488, 38.229846287784127 ], [ -85.703684870214374, 38.230146289370168 ], [ -85.704023866967333, 38.230367289837723 ], [ -85.704433870174981, 38.230606289465527 ], [ -85.704833871125032, 38.230807289480246 ], [ -85.705333871231375, 38.230987288597426 ], [ -85.705524868875955, 38.231046288780561 ], [ -85.705593871210581, 38.231067289552662 ], [ -85.706013871154141, 38.231157289504679 ], [ -85.706974868710176, 38.231386290880728 ], [ -85.707824869595385, 38.231566288450239 ], [ -85.70843387125781, 38.231707288350513 ], [ -85.708814870287057, 38.231807288451876 ], [ -85.709044872292509, 38.23187728910203 ], [ -85.709323869909838, 38.232016290207177 ], [ -85.709444869559277, 38.232087288502875 ], [ -85.709793871608909, 38.232267288529947 ], [ -85.710204870362745, 38.232496289932129 ], [ -85.710593870236266, 38.232707288102965 ], [ -85.710733872589287, 38.232787288867328 ], [ -85.71135187006243, 38.233118288044153 ], [ -85.711623872410726, 38.233266290095891 ], [ -85.711694871290291, 38.233306287701858 ], [ -85.711933873119193, 38.233437290256582 ], [ -85.71228487209342, 38.233636290225206 ], [ -85.712784873347886, 38.233906290306436 ], [ -85.713253872073494, 38.234176288883965 ], [ -85.713904872351932, 38.234536288431322 ], [ -85.714063872819807, 38.234626291006563 ], [ -85.714614871646617, 38.234926289866095 ], [ -85.715230871546794, 38.235266288271589 ], [ -85.715474874219836, 38.235397289619648 ], [ -85.716343872014633, 38.235876289118323 ], [ -85.716893871513335, 38.236176289973393 ], [ -85.717433871954242, 38.236477289348301 ], [ -85.718013874825957, 38.236796290392498 ], [ -85.718484873096116, 38.237056287670228 ], [ -85.719034873172461, 38.237356288920864 ], [ -85.719754874459895, 38.237757290939314 ], [ -85.720233874591798, 38.238027290613104 ], [ -85.720993874234026, 38.238447290967756 ], [ -85.723333875137286, 38.239746290342005 ], [ -85.723833873628209, 38.240007290891867 ], [ -85.724294876681085, 38.240267291773684 ], [ -85.725183874733602, 38.241417291319102 ], [ -85.725713875257298, 38.242086288915615 ], [ -85.726243877074367, 38.242767289199591 ], [ -85.726504878392646, 38.243096292305843 ], [ -85.726644876574881, 38.243266289861431 ], [ -85.726843877917332, 38.24350728977263 ], [ -85.727023875376773, 38.243736291246229 ], [ -85.728153877345008, 38.24383629016819 ], [ -85.728654875825796, 38.243886289216611 ], [ -85.729393876325389, 38.243937291270058 ], [ -85.729763879986876, 38.243967289920263 ], [ -85.733903879082305, 38.244286291653772 ], [ -85.734393879671771, 38.244327291420824 ], [ -85.735243878909571, 38.24438729208498 ], [ -85.735523880808586, 38.244407290970798 ], [ -85.737043880691274, 38.244526290312507 ], [ -85.737453882118928, 38.24455629089011 ], [ -85.738173879630168, 38.244606288355975 ], [ -85.738863881282896, 38.244646289424885 ], [ -85.73949388058054, 38.244687292060554 ], [ -85.740954879893323, 38.244806289416601 ], [ -85.741503881558842, 38.244857289081942 ], [ -85.743533881050567, 38.245006291675068 ], [ -85.744044883125454, 38.24504729145081 ], [ -85.745193884212625, 38.245137291281445 ], [ -85.745634883528936, 38.245166289603482 ], [ -85.746143884282716, 38.245197288470408 ], [ -85.7470538812222, 38.245246290345143 ], [ -85.747573884620621, 38.245276290572498 ], [ -85.748094881478877, 38.24531728869367 ], [ -85.749084882049445, 38.245397288303415 ], [ -85.74968488332712, 38.245447289427808 ], [ -85.75034488262628, 38.245506290324172 ], [ -85.75123388308414, 38.245587291262197 ], [ -85.751723884101963, 38.245626289219736 ], [ -85.752183882035254, 38.245647290966481 ], [ -85.752353885258273, 38.245657291087625 ], [ -85.752903886093264, 38.245696291499407 ], [ -85.753404885706175, 38.245726290690818 ], [ -85.755024883796224, 38.245876289849321 ], [ -85.756683885901111, 38.24598629113521 ], [ -85.756773884889014, 38.245996290544184 ], [ -85.757464884882111, 38.246047288519904 ], [ -85.758324886736048, 38.246107291243703 ], [ -85.76001388755806, 38.246236288514183 ], [ -85.760463888897434, 38.246266288679692 ], [ -85.7607738853402, 38.246287291401316 ], [ -85.761123889036369, 38.246297291334756 ], [ -85.761721885225896, 38.246331290012392 ], [ -85.762063887876735, 38.246346289555667 ], [ -85.763394887415785, 38.246446288048517 ], [ -85.765031887404589, 38.246675288588726 ], [ -85.765623886441091, 38.24675729006664 ], [ -85.766364889327591, 38.246856290211149 ], [ -85.766663890577348, 38.246886290925012 ], [ -85.767523888560575, 38.247017288768916 ], [ -85.768344891230512, 38.247136287852747 ], [ -85.769924891112538, 38.247346290306965 ], [ -85.771623890960669, 38.247567289199999 ], [ -85.773233889267615, 38.247796290353726 ], [ -85.773804891680641, 38.247876289583836 ], [ -85.774863892816015, 38.248036289003707 ], [ -85.775973892146808, 38.248197291250712 ], [ -85.776563894268236, 38.248277289715297 ], [ -85.777143889613654, 38.248357289049338 ], [ -85.777484891383963, 38.24839628755165 ], [ -85.778214892521149, 38.248496290592108 ], [ -85.779144893820302, 38.248627289739254 ], [ -85.779824893459576, 38.248727288627656 ], [ -85.780734890901812, 38.248836288063686 ], [ -85.781494893669333, 38.248926289154795 ], [ -85.782034894964482, 38.248997289729651 ], [ -85.782503894141541, 38.249056290934469 ], [ -85.783194894566421, 38.249077290911195 ], [ -85.78487489436759, 38.249126289720955 ], [ -85.785613894275428, 38.249157290246536 ], [ -85.786513894437121, 38.249187290589973 ], [ -85.788213897122716, 38.249247289955697 ], [ -85.789864895196501, 38.249296290098073 ], [ -85.791553894093994, 38.249357288882493 ], [ -85.794888894830223, 38.249480290155674 ], [ -85.796593899599443, 38.249556288119088 ], [ -85.797604899815724, 38.249586288261192 ], [ -85.798263897002016, 38.249607290295096 ], [ -85.798904898211461, 38.249627287980232 ], [ -85.799934899291443, 38.24965628818213 ] ], [ [ -85.668954857253127, 38.208426288111518 ], [ -85.669513856274321, 38.209096286443462 ], [ -85.66963385929985, 38.209236287717701 ], [ -85.669754856041777, 38.209397286315195 ], [ -85.669854857798711, 38.209516287681424 ], [ -85.670024857102703, 38.209737287996752 ], [ -85.670604858578486, 38.210477287533216 ], [ -85.671093856435135, 38.211117285590689 ], [ -85.671173857242167, 38.211226285500786 ], [ -85.671234860186829, 38.211316285398496 ], [ -85.671673858921778, 38.211807286215219 ], [ -85.671824857943619, 38.211987285914454 ], [ -85.672023859739909, 38.212226286016389 ], [ -85.672314858232625, 38.212596288049909 ], [ -85.67248385853469, 38.212797286522218 ], [ -85.672904861309704, 38.213306288163963 ], [ -85.673484859966123, 38.214046287614678 ], [ -85.674063858892126, 38.214787288589335 ], [ -85.674204857984208, 38.214967287146912 ], [ -85.674304859536733, 38.215087287239434 ], [ -85.674474859365574, 38.215306286743804 ], [ -85.674673859532021, 38.215546288339432 ], [ -85.674963859293939, 38.21588728790627 ], [ -85.675353861063769, 38.216247289170454 ], [ -85.675403860667032, 38.216286287810696 ], [ -85.675614859914376, 38.21644628793134 ], [ -85.676293860720079, 38.216967286493087 ], [ -85.676833861555181, 38.217376288413988 ], [ -85.677393862164521, 38.217806289764546 ], [ -85.678354860465134, 38.218546289016139 ], [ -85.679196861474267, 38.219182288068772 ], [ -85.679673861055448, 38.219557286575778 ], [ -85.679893861834287, 38.219727289189812 ], [ -85.679974859521366, 38.219786287553845 ], [ -85.680753860301152, 38.220387289903286 ], [ -85.681523863988843, 38.220987288665725 ], [ -85.681904860334527, 38.221267288705995 ], [ -85.682354863999066, 38.221606287204523 ], [ -85.682413861790579, 38.221647287199239 ], [ -85.682793861492996, 38.221907289499278 ], [ -85.683264862692667, 38.222226287499964 ], [ -85.683633861684541, 38.222476288160536 ], [ -85.683853863834571, 38.222607288778057 ], [ -85.684024863353955, 38.22268628807479 ], [ -85.684753864150153, 38.223057288344435 ] ], [ [ -85.667443858031618, 38.206607285102542 ], [ -85.667554858632798, 38.206736285380877 ], [ -85.668954857253127, 38.208426288111518 ] ], [ [ -85.664553857402595, 38.202886286148733 ], [ -85.664873854301149, 38.203296284722605 ], [ -85.665294855744477, 38.203817287012399 ], [ -85.665744858320195, 38.20439628555031 ], [ -85.666723854899701, 38.205586285235789 ], [ -85.667173855467681, 38.206116287133312 ], [ -85.667203856592806, 38.206157286226635 ], [ -85.667303858317311, 38.206247284889876 ], [ -85.667343856881658, 38.206296288293743 ], [ -85.667374858056959, 38.206347285622456 ], [ -85.667404855843856, 38.206407285969931 ], [ -85.667424857287429, 38.206507288044136 ], [ -85.667443858031618, 38.206607285102542 ] ], [ [ -85.664553857402595, 38.202886286148733 ], [ -85.664373855573743, 38.202976285358595 ], [ -85.664854856876474, 38.203566284858908 ], [ -85.665133855583292, 38.203907286959115 ], [ -85.666583854732053, 38.205656286033943 ], [ -85.667004857559917, 38.206186286914772 ], [ -85.667044855625548, 38.206237284956423 ], [ -85.667324854733195, 38.20656628548425 ], [ -85.667443858031618, 38.206607285102542 ] ], [ [ -85.670323858879044, 38.19998628408981 ], [ -85.669873857859514, 38.200227286296609 ], [ -85.668883854421964, 38.200737283481949 ], [ -85.667613855656384, 38.201387286832677 ], [ -85.66613385622955, 38.202076285445372 ], [ -85.665614856366304, 38.202346285524577 ], [ -85.665264854845447, 38.202526285872736 ], [ -85.664553857402595, 38.202886286148733 ] ], [ [ -85.663333855236957, 38.196887285094597 ], [ -85.66372485425326, 38.197296286002882 ], [ -85.663923854377558, 38.197497283175444 ], [ -85.664214854786167, 38.197716283197153 ], [ -85.664503856102357, 38.197857286533718 ], [ -85.664674855218166, 38.197926285805273 ], [ -85.664934853484539, 38.197986286070133 ], [ -85.664973857002124, 38.197986283497563 ], [ -85.66563385478058, 38.19805728508701 ], [ -85.666223856289534, 38.198116282923422 ], [ -85.666403854292085, 38.19810628515782 ], [ -85.66690385643939, 38.198026284175342 ], [ -85.668473855198201, 38.197597286030557 ], [ -85.668634856667509, 38.197857285843234 ], [ -85.66870385767119, 38.197957286031496 ], [ -85.668876855490396, 38.198275286704195 ], [ -85.668913856577504, 38.198346286477644 ], [ -85.669044857218182, 38.198577285185969 ], [ -85.669093856098854, 38.198656285370717 ], [ -85.669273855931493, 38.19894728614306 ], [ -85.669394856558867, 38.199106283599662 ], [ -85.669683858088959, 38.199307285377415 ], [ -85.669823854675471, 38.199436284365298 ], [ -85.669953859185739, 38.199567286008183 ], [ -85.670323858879044, 38.19998628408981 ] ], [ [ -85.661133852050483, 38.194647285087292 ], [ -85.661204853375011, 38.195036283705072 ], [ -85.661313852017926, 38.195347283194074 ], [ -85.661413852290522, 38.195527284413167 ], [ -85.661493853732225, 38.195637282836756 ], [ -85.661733855372987, 38.195866284475422 ], [ -85.661943855572062, 38.196026282844407 ], [ -85.662564852661362, 38.196337285469198 ], [ -85.662713855999215, 38.196427285253179 ], [ -85.66290385641291, 38.196537283104774 ], [ -85.662943853642716, 38.196566284292992 ], [ -85.663054856930202, 38.19664628357949 ], [ -85.663333855236957, 38.196887285094597 ] ], [ [ -85.661133852050483, 38.194647285087292 ], [ -85.663464855322829, 38.194357283545628 ], [ -85.665513854646576, 38.194066282592708 ], [ -85.665894857266025, 38.194056284592428 ], [ -85.665834856265519, 38.194287283351329 ], [ -85.665673854330109, 38.194887284205983 ], [ -85.665593856940802, 38.195077285568409 ], [ -85.665484856641825, 38.195277285189512 ], [ -85.665304857102967, 38.195476285118652 ], [ -85.665034856591305, 38.195697286054873 ], [ -85.664844856223311, 38.19583628557892 ], [ -85.664134852742563, 38.19632728316499 ], [ -85.663333855236957, 38.196887285094597 ] ], [ [ -85.640293853385785, 38.238747293184403 ], [ -85.640043852822686, 38.238817293439901 ], [ -85.639493852160101, 38.239066294922488 ], [ -85.639194848475455, 38.239187295458827 ], [ -85.638834850837526, 38.239326295026345 ], [ -85.638283849542589, 38.239516294455221 ], [ -85.637823852152948, 38.239707293493446 ], [ -85.637423851519671, 38.239907292973236 ], [ -85.636904848295259, 38.240157293763346 ], [ -85.636684849605942, 38.24025729439709 ], [ -85.63654485260011, 38.240357295633075 ], [ -85.636353850804284, 38.240517294846512 ], [ -85.63612385139794, 38.24081729373512 ], [ -85.636023850205618, 38.240946294440903 ], [ -85.635813848461652, 38.241157294261313 ], [ -85.635763848419899, 38.241196294898813 ], [ -85.635673851374804, 38.241277294483609 ], [ -85.635533848197369, 38.241357294457764 ], [ -85.635353851708544, 38.241437294980017 ] ], [ [ -85.642844853526114, 38.237487295068973 ], [ -85.64221485188429, 38.237796292660157 ], [ -85.641873850155946, 38.237956294064723 ], [ -85.641224849402093, 38.238277294390443 ], [ -85.641163850912235, 38.238306294513826 ], [ -85.640293853385785, 38.238747293184403 ] ], [ [ -85.640293853385785, 38.238747293184403 ], [ -85.640113850099965, 38.238897294743872 ], [ -85.639773851062216, 38.23905629270223 ], [ -85.639223852163568, 38.239267294057449 ], [ -85.638333850410689, 38.239617293292213 ], [ -85.637913851292325, 38.239776292792214 ], [ -85.637484849458701, 38.239997292933829 ], [ -85.637184850568119, 38.240136295318457 ], [ -85.636713850009883, 38.240396294883631 ], [ -85.636523851928629, 38.240547295125189 ], [ -85.636414850378515, 38.240676293194475 ], [ -85.636263852231139, 38.240877293591247 ], [ -85.636173851762749, 38.240997294793395 ], [ -85.636033848427076, 38.24115729568387 ], [ -85.635853849823661, 38.241316294905296 ], [ -85.635763850590052, 38.241367294473527 ], [ -85.635583851095433, 38.241466293054664 ], [ -85.635414851148937, 38.241547296046797 ], [ -85.635353851708544, 38.241437294980017 ] ], [ [ -85.642023851736937, 38.236407292424076 ], [ -85.64241385194687, 38.236847292934385 ], [ -85.642794852036616, 38.237307293215224 ], [ -85.642844853526114, 38.237487295068973 ] ], [ [ -85.639514850821243, 38.233296291887868 ], [ -85.639654850460843, 38.233486291697844 ], [ -85.639853849360406, 38.233736293136133 ], [ -85.640043849084222, 38.233986294958328 ], [ -85.640784850173517, 38.234906291681575 ], [ -85.641153851916343, 38.235376292508676 ], [ -85.641504852424546, 38.235826293781493 ], [ -85.641674852287025, 38.236037293262122 ], [ -85.641894850764416, 38.236276292617625 ], [ -85.642023851736937, 38.236407292424076 ] ], [ [ -85.631669793494339, 38.234564629790931 ], [ -85.63235485048331, 38.234286293968623 ], [ -85.632684850182031, 38.234186292949708 ], [ -85.633264846903089, 38.234047294470265 ], [ -85.633813847439569, 38.233947294303007 ], [ -85.634154847717767, 38.233877292720287 ], [ -85.634623850988845, 38.233756293890906 ], [ -85.635003849466756, 38.233646294048498 ], [ -85.635284849241543, 38.233546293511445 ], [ -85.635301855283629, 38.233539764911399 ], [ -85.63395384682309, 38.231866292204202 ], [ -85.633902653327084, 38.231842276394623 ], [ -85.633849018609837, 38.231824364101413 ], [ -85.633793667507845, 38.231812797396962 ], [ -85.633737348053415, 38.231807732597375 ], [ -85.633680821365431, 38.23180923814995 ], [ -85.633624851363422, 38.231817293708168 ], [ -85.630904976991701, 38.233176071774068 ], [ -85.630875306410331, 38.2332084766796 ], [ -85.630850763611903, 38.233244919406545 ], [ -85.63083189017668, 38.23328459578169 ], [ -85.630819102580389, 38.233326630275648 ], [ -85.630812683003938, 38.233370095322982 ], [ -85.630812773106641, 38.233414031790559 ], [ -85.630819370900241, 38.233457470142525 ], [ -85.630832330792728, 38.233499451834824 ], [ -85.631244847061524, 38.234016294543736 ], [ -85.631669793494339, 38.234564629790931 ] ], [ [ -85.642023851736937, 38.236407292424076 ], [ -85.642143851316874, 38.236716292542475 ], [ -85.642394850927644, 38.237056291626025 ], [ -85.642603850228312, 38.237346293061684 ], [ -85.642844853526114, 38.237487295068973 ] ], [ [ -85.829313906939987, 38.250617287848726 ], [ -85.829904907446561, 38.250697285889757 ], [ -85.829921907422843, 38.250717286659317 ], [ -85.829933909693324, 38.250735288362492 ], [ -85.829910905707067, 38.25076228780339 ], [ -85.829886909198351, 38.250780285574336 ], [ -85.82984090628679, 38.250780286505112 ], [ -85.82976090754525, 38.250762287963155 ], [ -85.829702907036705, 38.250727286777298 ], [ -85.829633905292866, 38.250700285661971 ], [ -85.829517908238898, 38.250673288434108 ], [ -85.829313906939987, 38.250617287848726 ] ], [ [ -85.801184900131275, 38.249692289108204 ], [ -85.801654901071331, 38.249717289239626 ], [ -85.802424898785063, 38.249727287040045 ], [ -85.803274899680986, 38.249746288161859 ], [ -85.803724899407896, 38.249756289755432 ], [ -85.804513901689987, 38.249787288374435 ], [ -85.80574590250977, 38.249823287889477 ], [ -85.806244900409041, 38.249846286961493 ], [ -85.806954900033205, 38.249877288503164 ], [ -85.807153901748705, 38.249877289048321 ], [ -85.807944901453965, 38.249907286953857 ], [ -85.808163902785267, 38.249907290189931 ], [ -85.808674901360376, 38.249926287558495 ], [ -85.80920490256706, 38.2499462889078 ], [ -85.809723902802276, 38.249967289593819 ], [ -85.809844900801139, 38.249967287087927 ], [ -85.810093903031898, 38.249977287996074 ], [ -85.810843903686759, 38.249997288391285 ], [ -85.811258903976281, 38.250012287773046 ], [ -85.811713903708096, 38.250026287352057 ], [ -85.812283903967753, 38.250036288812566 ], [ -85.812684902895086, 38.250057289370076 ], [ -85.813473900726891, 38.250087286972757 ], [ -85.813761903656783, 38.25008928773854 ], [ -85.814424900426616, 38.250126287138876 ], [ -85.814924902680289, 38.250141288334341 ], [ -85.815144904877059, 38.250147286567383 ], [ -85.816333902697167, 38.250187286845708 ], [ -85.816743902837146, 38.250206288650176 ], [ -85.817804905443879, 38.250237286889146 ], [ -85.818574905539279, 38.250267288839197 ], [ -85.819213905139094, 38.250286288921586 ], [ -85.819964905266303, 38.250306286054787 ], [ -85.820594905571966, 38.250337288070476 ], [ -85.821354905403297, 38.250357289135131 ], [ -85.822063905529404, 38.25037628959484 ], [ -85.822704904359739, 38.250406287679859 ], [ -85.823529906788195, 38.250426288396504 ], [ -85.8240249077231, 38.25043728772026 ], [ -85.824104906295375, 38.250437287469332 ], [ -85.824363907446681, 38.250456289369403 ], [ -85.824983907242569, 38.250486286836932 ], [ -85.825324906410586, 38.250496288284005 ], [ -85.825464908415086, 38.250496287908014 ], [ -85.826534906226982, 38.250527288152782 ], [ -85.826953906320426, 38.250537285817423 ], [ -85.828824906559234, 38.250617287525714 ], [ -85.829313906939987, 38.250617287848726 ] ], [ [ -85.801184900131275, 38.249692289108204 ], [ -85.799934899291443, 38.24965628818213 ] ], [ [ -85.801184900131275, 38.249692289108204 ], [ -85.800917897354338, 38.249148289637439 ], [ -85.800490898676998, 38.249122289997096 ], [ -85.800260897480086, 38.249095287464833 ], [ -85.799934899291443, 38.24965628818213 ] ], [ [ -85.799934899291443, 38.24965628818213 ], [ -85.800259900366115, 38.248899287002708 ], [ -85.800455897140878, 38.248926287822492 ], [ -85.800848898952651, 38.248943288002877 ], [ -85.800917897792345, 38.248925289136295 ], [ -85.801184900131275, 38.249692289108204 ] ], [ [ -85.660444856699385, 38.22231629112445 ], [ -85.660984854679256, 38.222347287753415 ], [ -85.66230385545326, 38.222447289148406 ], [ -85.663304855943878, 38.222513291562237 ], [ -85.664764855962304, 38.222617287771691 ], [ -85.665863857964553, 38.22268628940423 ], [ -85.666974856653781, 38.222766288679416 ], [ -85.668494860167058, 38.222866289991039 ], [ -85.668793859088112, 38.222887287918944 ], [ -85.669603858434996, 38.222956288733542 ], [ -85.671054859203736, 38.223057288088235 ], [ -85.67165486029765, 38.223096289961113 ], [ -85.672847858335984, 38.223178290245961 ], [ -85.673804860931497, 38.223257289871775 ], [ -85.676301859365836, 38.223479288663036 ], [ -85.677153858565646, 38.223546289175594 ], [ -85.677444862570852, 38.223566288237869 ], [ -85.678565861516901, 38.223672289710088 ], [ -85.679083860556077, 38.22371728957404 ], [ -85.679733860201793, 38.223777289504504 ], [ -85.680273863519574, 38.22382628863005 ], [ -85.680993860695025, 38.2238872880882 ], [ -85.681203863121809, 38.223897288686423 ], [ -85.681343861345738, 38.223887288700915 ], [ -85.682053863441425, 38.223687288501296 ], [ -85.682383863840485, 38.223597289819907 ], [ -85.682643860228254, 38.223527287861842 ], [ -85.68420486300883, 38.223196287795567 ], [ -85.684514861534723, 38.223126288711455 ], [ -85.684753864150153, 38.223057288344435 ] ], [ [ -85.660444856699385, 38.22231629112445 ], [ -85.660053853698471, 38.222337289814192 ], [ -85.659624853639002, 38.22232629116651 ], [ -85.658213855273445, 38.222216291287559 ] ], [ [ -85.658213855273445, 38.222216291287559 ], [ -85.658244855919733, 38.222097289396217 ], [ -85.659113857820429, 38.22216728852726 ], [ -85.659634857868852, 38.222206289381838 ], [ -85.6600138560771, 38.222236288922616 ], [ -85.660444856699385, 38.22231629112445 ] ], [ [ -85.658213855273445, 38.222216291287559 ], [ -85.658144855407983, 38.222447290475216 ], [ -85.658043853126955, 38.222517290649819 ], [ -85.658014854174525, 38.222537290423894 ], [ -85.657943853610476, 38.222566289776353 ], [ -85.657654854442086, 38.222717290673586 ], [ -85.657223856073486, 38.222926288671196 ], [ -85.656133855238807, 38.223456289060124 ], [ -85.655743856585815, 38.22364629109844 ], [ -85.654573854153853, 38.224167291293909 ], [ -85.653163852214959, 38.224797289393713 ], [ -85.652524852923079, 38.225086291473168 ], [ -85.651683853257694, 38.225466291398789 ], [ -85.651153855101043, 38.225697289414612 ], [ -85.650843853176895, 38.225836290240991 ], [ -85.650534852870649, 38.225976290922304 ], [ -85.650174850944538, 38.226127290428145 ], [ -85.650004853108953, 38.226196291454642 ], [ -85.649004851960115, 38.22663629058998 ], [ -85.64877385191609, 38.22675729128887 ], [ -85.648554850911836, 38.226886290653532 ], [ -85.647873850505889, 38.227377292088406 ], [ -85.647114854568656, 38.227947290584098 ], [ -85.646923852736123, 38.228086291674018 ], [ -85.646053851920016, 38.228737292394527 ], [ -85.645613853126889, 38.229056293128203 ], [ -85.644864853133583, 38.229616290818697 ] ], [ [ -85.644864853133583, 38.229616290818697 ], [ -85.644474851082336, 38.229846292405639 ], [ -85.644104851118229, 38.229987292552153 ], [ -85.643784851451983, 38.230077292687653 ], [ -85.64361485193713, 38.23010729325204 ], [ -85.643323850052795, 38.230146290002814 ], [ -85.642993850043794, 38.230156293522356 ], [ -85.642714851165877, 38.230136291779488 ], [ -85.642404849716741, 38.230097290636586 ], [ -85.642113850747037, 38.230066290786063 ], [ -85.64186485147566, 38.230056293273194 ], [ -85.641643849182074, 38.230066291210093 ], [ -85.641454849416348, 38.230087290862713 ], [ -85.641054850736992, 38.230167292720864 ], [ -85.640883851507098, 38.230216292041881 ], [ -85.640563851161261, 38.230336293762697 ], [ -85.640393850788243, 38.230437292420362 ], [ -85.640173849230791, 38.230566291056569 ], [ -85.639933849787511, 38.230756293194204 ], [ -85.639734850392301, 38.230946294293737 ], [ -85.639474848992393, 38.231277292939986 ], [ -85.639334848565554, 38.231416292272812 ], [ -85.639223850543999, 38.231517294257316 ], [ -85.639173850199342, 38.231556293064102 ], [ -85.639053851986091, 38.23163729200428 ], [ -85.638913848982554, 38.231727292990215 ], [ -85.63851385031677, 38.231916291007209 ], [ -85.638384852632782, 38.232057293577832 ], [ -85.638723852788004, 38.232457290923413 ], [ -85.638953848295372, 38.23273629368115 ], [ -85.639143849101586, 38.232957292301805 ], [ -85.639263852224161, 38.233106294418491 ], [ -85.639514850821243, 38.233296291887868 ] ], [ [ -85.644864853133583, 38.229616290818697 ], [ -85.64473485154717, 38.229756293051615 ], [ -85.64449385328659, 38.229927291503451 ], [ -85.644273851285377, 38.23004629105364 ], [ -85.644093853021118, 38.23012629187641 ], [ -85.643913850614425, 38.230177291257881 ], [ -85.643784850414761, 38.23021629114794 ], [ -85.643413852520013, 38.230277293624574 ], [ -85.643193849536573, 38.230306294006226 ], [ -85.643013851703543, 38.230306292657055 ], [ -85.642723851939479, 38.230287290703181 ], [ -85.642653853071437, 38.230287291452228 ], [ -85.642473850440737, 38.230257292584497 ], [ -85.642193852839128, 38.230226292171771 ], [ -85.641904848538289, 38.230206291076044 ], [ -85.641714850011695, 38.230216290287039 ], [ -85.641534852590411, 38.230226293578959 ], [ -85.641354850735183, 38.230246293269907 ], [ -85.64112785153101, 38.230294291868951 ], [ -85.640914852670207, 38.230367293310394 ], [ -85.640594849859184, 38.230496292783435 ], [ -85.640334851579439, 38.230647292398615 ], [ -85.64011384948077, 38.230817291719511 ], [ -85.639914852639038, 38.231026290797423 ], [ -85.639564850812889, 38.231416291258967 ], [ -85.639483851189112, 38.231496290987081 ], [ -85.639453852881871, 38.231527293517559 ], [ -85.639194850905909, 38.231727293667667 ], [ -85.639154851975363, 38.23175629356782 ], [ -85.639064849431534, 38.231807292504129 ], [ -85.638934852022061, 38.231887291143465 ], [ -85.638633848789269, 38.232036292628862 ], [ -85.638894851564473, 38.232386293376706 ], [ -85.639413850983459, 38.233057293439437 ], [ -85.639514850821243, 38.233296291887868 ] ], [ [ -85.631669793494339, 38.234564629790931 ], [ -85.631274846102514, 38.234777295008747 ], [ -85.631133848241433, 38.234886292453297 ], [ -85.630604849536624, 38.235297294039995 ], [ -85.630303849918036, 38.235577293600088 ], [ -85.630043846291187, 38.235826292800603 ], [ -85.629763849724966, 38.236006292949128 ], [ -85.630024849704526, 38.236197294366065 ], [ -85.630313850030845, 38.236366292336548 ], [ -85.630704848745793, 38.236596294576202 ], [ -85.631014847424296, 38.236786295625812 ], [ -85.631203849785294, 38.236906295381097 ], [ -85.631424848068406, 38.237037292942993 ], [ -85.63180384848151, 38.237277292800812 ], [ -85.632013847074461, 38.237406294469999 ], [ -85.632283848435677, 38.237577294188554 ], [ -85.632753849755019, 38.237866292881186 ], [ -85.633124848109915, 38.238126294107865 ], [ -85.633363850045285, 38.238336295838579 ], [ -85.633593848416652, 38.238557292930146 ], [ -85.633783849121969, 38.238776295317322 ], [ -85.633953850956345, 38.238966292988998 ], [ -85.634053849380038, 38.239126296156094 ], [ -85.634263851550671, 38.239537292788242 ], [ -85.634283849900882, 38.239586293797501 ], [ -85.634503851359469, 38.23994629247106 ], [ -85.634704851256004, 38.240306292925439 ], [ -85.635033849250192, 38.240887295510866 ], [ -85.635353851708544, 38.241437294980017 ] ], [ [ -85.668954857253127, 38.208426288111518 ], [ -85.668624858944298, 38.20864628550413 ], [ -85.6684838577618, 38.208726287069098 ], [ -85.668383855175819, 38.20878628779343 ], [ -85.665744857711019, 38.210226286508444 ], [ -85.664953855478345, 38.210596287012855 ], [ -85.664094857845257, 38.211036286126848 ], [ -85.662493854532968, 38.211866287178928 ], [ -85.661694856290083, 38.212277289205659 ], [ -85.661244856318064, 38.212527288614616 ], [ -85.66063385459519, 38.212876287613582 ], [ -85.660323853674171, 38.212936288756865 ], [ -85.659693855694869, 38.21293628787258 ], [ -85.657204854430688, 38.214057288510368 ], [ -85.656593851745669, 38.213357288948963 ], [ -85.656043855828486, 38.212676287316526 ], [ -85.654963854388967, 38.211326288005147 ], [ -85.654333854301669, 38.210516288285966 ], [ -85.653453855399619, 38.209426288349889 ], [ -85.651653852606501, 38.20720628578065 ], [ -85.65042385181323, 38.2056972867599 ], [ -85.650063851466214, 38.205286287551786 ], [ -85.649743851295256, 38.205496286165811 ], [ -85.64918485050157, 38.205867286610356 ], [ -85.648694851086205, 38.206227285706134 ], [ -85.648453850907657, 38.206437288305203 ], [ -85.648413852126069, 38.206466288223353 ], [ -85.647733852089374, 38.207157288750565 ], [ -85.647534850338658, 38.207366288652082 ], [ -85.647403851123229, 38.207476285772934 ], [ -85.647124849968932, 38.207687286289818 ], [ -85.646923850397144, 38.207816287715389 ], [ -85.64674385062807, 38.207916286813905 ], [ -85.646473850431704, 38.208047287173066 ], [ -85.646184848815423, 38.208156286048094 ], [ -85.645464848607887, 38.208387287359443 ], [ -85.644983851460097, 38.208597288506233 ], [ -85.644594850742692, 38.208786287897269 ], [ -85.644194850114886, 38.209017288619947 ], [ -85.643233849824554, 38.20959628925273 ], [ -85.642913850236624, 38.209796289107942 ], [ -85.64221484862108, 38.21024628650558 ], [ -85.641854847769139, 38.210477289374026 ], [ -85.641634848336807, 38.210616288379903 ], [ -85.641473847973188, 38.210706289435343 ], [ -85.641184847730827, 38.210886288910352 ], [ -85.640653848247155, 38.2111972873113 ], [ -85.640334848551149, 38.211387288509812 ], [ -85.639863846949211, 38.211696288096114 ], [ -85.639393848927469, 38.21197628970738 ], [ -85.638844848652269, 38.212316289178204 ], [ -85.63878384802446, 38.212357289862631 ], [ -85.637674846820616, 38.213046288533363 ], [ -85.636494850207512, 38.213717290146519 ], [ -85.635453848204179, 38.214316289641197 ], [ -85.634943847825937, 38.214586287557609 ], [ -85.634474848998735, 38.214856287822265 ], [ -85.63348484932709, 38.215407290282705 ], [ -85.632044848839058, 38.21622729072908 ], [ -85.631883847384884, 38.216307288478852 ], [ -85.631113846929395, 38.216746290014235 ], [ -85.630884845022209, 38.216877290226577 ], [ -85.629474847194146, 38.217687291131611 ], [ -85.62864384426554, 38.218166289825049 ], [ -85.628423844802114, 38.217916291264615 ], [ -85.628174846278426, 38.2175972900096 ], [ -85.627803846459273, 38.217137290208207 ], [ -85.627533846419652, 38.216757289068703 ], [ -85.627404845620674, 38.216466290124977 ], [ -85.627364846603399, 38.216327290078418 ], [ -85.627324846510845, 38.216176288600259 ], [ -85.627293844225932, 38.216047288847101 ], [ -85.627263846574323, 38.215707290978777 ], [ -85.627284843654678, 38.215456290233242 ], [ -85.627293844341793, 38.215306289730066 ], [ -85.627353845655676, 38.215047290101126 ], [ -85.627393847543416, 38.214877291012805 ], [ -85.627443847311326, 38.214656291428078 ], [ -85.62759484518439, 38.214116288539799 ], [ -85.627793844676233, 38.213357289987016 ], [ -85.628053846126249, 38.212406289376759 ], [ -85.628174844223736, 38.211936289894709 ], [ -85.628214846565513, 38.211596289516834 ], [ -85.62822484400553, 38.211406290606895 ], [ -85.628214844096206, 38.211277290233703 ], [ -85.628203847262171, 38.211117288760008 ], [ -85.628163846549498, 38.210937289761986 ], [ -85.628084844520657, 38.210626288085749 ], [ -85.627963843369628, 38.210387289593434 ], [ -85.627783844147643, 38.210097287824745 ], [ -85.627603846718955, 38.209866287116604 ], [ -85.627213844621863, 38.209416290229392 ], [ -85.626973846057368, 38.209127286956267 ], [ -85.626713845446218, 38.208847290196914 ], [ -85.626523843590178, 38.208667288396768 ], [ -85.625993845902229, 38.208037289686686 ], [ -85.625283845106139, 38.207237287257321 ], [ -85.624764845828111, 38.206636288607356 ], [ -85.623063843571003, 38.204707286487711 ], [ -85.622784842468846, 38.204326288985833 ], [ -85.622634842801872, 38.204087289805088 ], [ -85.622544843943857, 38.203917286557591 ], [ -85.622464843842408, 38.203686286534314 ], [ -85.62238384384915, 38.203326286218612 ], [ -85.622364841220715, 38.20305628855175 ], [ -85.622383843781606, 38.202827286026903 ], [ -85.622414841784163, 38.202596288672247 ], [ -85.622514842402623, 38.202316288747447 ], [ -85.622544842119126, 38.20221628558118 ], [ -85.622653841975549, 38.201997288832914 ], [ -85.622743841206272, 38.201806287659245 ], [ -85.623603844794502, 38.200397287501929 ], [ -85.623774842814697, 38.200117288361611 ], [ -85.624243845638418, 38.199307285682927 ], [ -85.624344842367819, 38.199147286678887 ], [ -85.624404841645173, 38.199047286706211 ], [ -85.624444843223415, 38.198976286541452 ], [ -85.62452484405388, 38.198847286614424 ], [ -85.624723844072761, 38.19849728873411 ], [ -85.624863841062023, 38.198256286958838 ], [ -85.6249848429688, 38.198057287282886 ], [ -85.625043844608967, 38.197877287918267 ], [ -85.625137844172514, 38.197595286093474 ], [ -85.624894845640227, 38.197597287427428 ], [ -85.624563843726136, 38.197636287939886 ], [ -85.624023844898673, 38.197736286243419 ], [ -85.623783845104413, 38.197777285542266 ], [ -85.623523844042012, 38.197836285037702 ], [ -85.623454844313031, 38.197846286975043 ], [ -85.622663842127352, 38.198006287519298 ], [ -85.622274842783199, 38.198096286611936 ], [ -85.622033842216538, 38.19820628516937 ], [ -85.621824842190676, 38.198317287102732 ], [ -85.620863842209701, 38.199047285405761 ], [ -85.619934842894025, 38.199436287103723 ], [ -85.61982384258387, 38.199487288142898 ], [ -85.619283841672143, 38.199687285384378 ], [ -85.618783842350723, 38.199826285422098 ], [ -85.618353843391205, 38.199927287684908 ], [ -85.617853842513256, 38.200006286861971 ], [ -85.617504840758983, 38.200047287273264 ], [ -85.616893842808651, 38.200127287603991 ], [ -85.616553843192762, 38.200176288241437 ], [ -85.616204840354257, 38.200236285874169 ], [ -85.615783840083253, 38.200346287610941 ], [ -85.615593840026293, 38.200426286735073 ] ], [ [ -85.615593840026293, 38.200426286735073 ], [ -85.615074840128258, 38.200477288076129 ], [ -85.614783839184611, 38.200567286280645 ] ], [ [ -85.614783839184611, 38.200567286280645 ], [ -85.615243839827073, 38.200716287256519 ], [ -85.615304841145473, 38.200626287325008 ], [ -85.615413842527403, 38.200526288760884 ], [ -85.615593840026293, 38.200426286735073 ] ], [ [ -85.603204839445382, 38.198597288925114 ], [ -85.603644837541196, 38.198616288742663 ], [ -85.603784837883708, 38.198626288633164 ], [ -85.604054837363947, 38.198667286254704 ], [ -85.604303838744158, 38.19873628875667 ], [ -85.604703837782466, 38.198867286986527 ], [ -85.604954838434438, 38.198937287909814 ], [ -85.605153836856815, 38.198996288942851 ], [ -85.605513838994582, 38.199047288608227 ], [ -85.605693840423299, 38.19905728849276 ], [ -85.606174838260898, 38.199076286585495 ], [ -85.606974837603445, 38.199117286480458 ], [ -85.607643838021872, 38.199156286140813 ], [ -85.608033836997663, 38.199166287029499 ], [ -85.608784836790363, 38.199196286127709 ], [ -85.60961383769785, 38.19922728729658 ], [ -85.609833839098528, 38.199256286218372 ], [ -85.610224840449888, 38.199356285603365 ], [ -85.61098483853084, 38.199546286446427 ], [ -85.61133384146342, 38.199636287825292 ], [ -85.611934838987636, 38.199796286623695 ], [ -85.612334839015631, 38.199916287355983 ], [ -85.61276384003142, 38.200027286895853 ], [ -85.613523839356631, 38.200246289650991 ], [ -85.614013841144128, 38.200387286115188 ], [ -85.614234841207804, 38.200436289241253 ], [ -85.614574842419984, 38.200516286644266 ], [ -85.614783839184611, 38.200567286280645 ] ], [ [ -85.605423839732083, 38.187957284259411 ], [ -85.605343835977024, 38.188237284267039 ], [ -85.605283835509923, 38.188587285582436 ], [ -85.60522483647182, 38.189057285961042 ], [ -85.605213835413153, 38.189147287037457 ], [ -85.605193839609541, 38.189356284184448 ], [ -85.60516383580547, 38.189796284068386 ], [ -85.605153839861259, 38.190117286990429 ], [ -85.605163839290086, 38.190487285473274 ], [ -85.605144834890424, 38.191657287123142 ], [ -85.605084835978005, 38.192326286849671 ], [ -85.605004836084134, 38.192796287036046 ], [ -85.604964835767191, 38.193017287741625 ], [ -85.604904835861319, 38.193267288316662 ], [ -85.604763835541462, 38.193737285875265 ], [ -85.604644838946655, 38.19408728833023 ], [ -85.604544838289968, 38.194357286178985 ], [ -85.604414835852893, 38.19466628655433 ], [ -85.604374835622266, 38.194766287648896 ], [ -85.60422383623721, 38.195087285701149 ], [ -85.604023836728004, 38.195517286983794 ], [ -85.603863837734522, 38.19588728711264 ], [ -85.603744835187115, 38.196196286042642 ], [ -85.603623835865505, 38.196527288828186 ], [ -85.60361483905011, 38.196576287925843 ], [ -85.603573838406348, 38.196717285658814 ], [ -85.603503837202325, 38.196916288943967 ], [ -85.603453837929621, 38.19713728821754 ], [ -85.603424836919558, 38.197266286064504 ], [ -85.603393838604759, 38.197366288792125 ], [ -85.603363836534015, 38.197566287087213 ], [ -85.603303837081853, 38.197906286860345 ], [ -85.603204839445382, 38.198597288925114 ] ], [ [ -85.605423839732083, 38.187957284259411 ], [ -85.606003838981962, 38.188036285908851 ], [ -85.606023837851779, 38.187887285334419 ], [ -85.606044839351199, 38.187726285413476 ], [ -85.606023839381763, 38.18755628504605 ], [ -85.605973837625172, 38.187376285225426 ], [ -85.605984837487355, 38.187196283706712 ], [ -85.606023835361171, 38.187006286343959 ], [ -85.606084836350021, 38.186826283898981 ], [ -85.606143835879678, 38.186656284119714 ], [ -85.606214835697998, 38.186476285539271 ], [ -85.606273835084423, 38.186296285643088 ], [ -85.606344837707709, 38.186136287019863 ], [ -85.606543839013952, 38.18599728587261 ], [ -85.606674835438909, 38.185936284450172 ], [ -85.606754837008225, 38.185856284254001 ], [ -85.606783837481927, 38.185776286572441 ], [ -85.606844835190614, 38.185606283757892 ], [ -85.607344838168359, 38.18571728679845 ], [ -85.60753383954777, 38.185236284092326 ], [ -85.607754839986001, 38.184666284884152 ], [ -85.607903835856348, 38.184287285369528 ], [ -85.608003836069486, 38.184027284151824 ], [ -85.60815483762407, 38.183637285932242 ], [ -85.608173836119889, 38.183516284969862 ], [ -85.608144838995187, 38.183387284437003 ], [ -85.608054837563103, 38.183226285235641 ], [ -85.607758837878393, 38.183315284773514 ], [ -85.607408837466224, 38.183394283505962 ], [ -85.606833836753424, 38.183487284724421 ], [ -85.606783837010468, 38.183737283637235 ], [ -85.60667483612427, 38.184136283634395 ], [ -85.606603835093708, 38.18435728516441 ], [ -85.606534837781808, 38.184567284927709 ], [ -85.606453837721588, 38.18483728367935 ], [ -85.606233835159642, 38.185486283782332 ], [ -85.605984836782696, 38.186226286691465 ], [ -85.605823838106389, 38.186666284892056 ], [ -85.605684836189639, 38.187067286993255 ], [ -85.605603835451518, 38.187296285906051 ], [ -85.605504837352044, 38.187627286176991 ], [ -85.605423839732083, 38.187957284259411 ] ], [ [ -85.605423839732083, 38.187957284259411 ], [ -85.60521383672841, 38.187926286931713 ], [ -85.605153835606842, 38.188157286717185 ], [ -85.605063838584186, 38.188646284219381 ], [ -85.605004838124515, 38.189137286963366 ], [ -85.604994837164128, 38.189227286700941 ], [ -85.604973836540339, 38.189587284684876 ], [ -85.604954837529448, 38.190487285353228 ], [ -85.604923837498063, 38.191657285459577 ], [ -85.604883838988798, 38.192156285707611 ], [ -85.604853838686708, 38.192426284763222 ], [ -85.604814839253564, 38.192637287499899 ], [ -85.604743839244279, 38.193007285646388 ], [ -85.604653835183058, 38.19340628574971 ], [ -85.604454838085175, 38.194036287207986 ], [ -85.604213838816619, 38.19462728703872 ], [ -85.604184835916087, 38.194696288403868 ], [ -85.603943835568927, 38.195187287310205 ], [ -85.603663837288906, 38.195826287352716 ], [ -85.603464837058326, 38.196327288894992 ], [ -85.603313837063979, 38.196846288243904 ], [ -85.603223837303076, 38.197216289239229 ], [ -85.603194836570935, 38.197317288319162 ], [ -85.603143836018262, 38.197617286551818 ], [ -85.603043835372631, 38.198196288158961 ], [ -85.602984835536603, 38.198587288965363 ], [ -85.603204839445382, 38.198597288925114 ] ], [ [ -85.670323858879044, 38.19998628408981 ], [ -85.671163856852786, 38.199546286063772 ], [ -85.672033857061606, 38.199096283475832 ], [ -85.672634857868445, 38.19878728639781 ], [ -85.672883857509618, 38.198656284791568 ], [ -85.672994859485797, 38.198607285701115 ], [ -85.673764855689058, 38.1982062825331 ], [ -85.67428385734209, 38.197936283126012 ], [ -85.675573856625022, 38.19727628377786 ], [ -85.676464858778289, 38.196807284781016 ], [ -85.677563857614388, 38.196216282171903 ], [ -85.6782938605308, 38.195826283623852 ], [ -85.678524857972619, 38.195707282170176 ], [ -85.679173861380193, 38.195357284809937 ], [ -85.678754858961639, 38.194987284338765 ], [ -85.678304859879006, 38.19460628158609 ], [ -85.677373858098477, 38.193796283551769 ], [ -85.675734859834762, 38.192416284510479 ], [ -85.674844857577838, 38.191686282046092 ], [ -85.674423859596871, 38.191356284527586 ], [ -85.673894856217416, 38.190996284761191 ], [ -85.673304857526077, 38.190646281821337 ], [ -85.672044858467487, 38.189947283313003 ], [ -85.671893855629705, 38.189867282158893 ], [ -85.671753855530682, 38.189796281803368 ], [ -85.67104385416232, 38.189386283541609 ], [ -85.670564856326976, 38.189057284238011 ], [ -85.66950385616461, 38.188196283536683 ], [ -85.668753857738793, 38.187566281314183 ], [ -85.667483857313499, 38.186476283030579 ], [ -85.665754853910315, 38.185026281831441 ], [ -85.66533385577948, 38.184676282922851 ], [ -85.666194854146298, 38.184197281688697 ], [ -85.667914853068581, 38.183246280292586 ], [ -85.668904853196651, 38.182696280323071 ], [ -85.670493853758828, 38.181816281237616 ], [ -85.672343857335449, 38.180796282769656 ], [ -85.672523857636833, 38.180697279453952 ], [ -85.673584855002758, 38.180106279876696 ], [ -85.672623855976425, 38.178987279880772 ], [ -85.672284858033166, 38.178586281219502 ], [ -85.67199385688528, 38.178196279380643 ], [ -85.671834853786365, 38.177846282424511 ], [ -85.671694857572419, 38.177607280925315 ], [ -85.671294856989149, 38.177146280363239 ], [ -85.670733856085462, 38.176476281523598 ], [ -85.670164856749736, 38.175817280454332 ], [ -85.669653854377515, 38.175166280361019 ], [ -85.66946385651471, 38.174946281831005 ], [ -85.669214853316703, 38.174727278859002 ], [ -85.668994856249086, 38.174667279640879 ], [ -85.668783855053874, 38.1746062814833 ], [ -85.6684148529596, 38.174577279970563 ], [ -85.668253853311654, 38.174606278512854 ], [ -85.667784851958871, 38.174827279113721 ], [ -85.666464854241397, 38.175577281664445 ], [ -85.665164851728292, 38.176306281134899 ], [ -85.663224855056754, 38.177386282324314 ], [ -85.662663852735861, 38.176737282623805 ], [ -85.662334850703289, 38.176917279195365 ], [ -85.662194853260132, 38.176946282810157 ], [ -85.660494853032162, 38.176876279578046 ], [ -85.659433852626904, 38.176876279659474 ], [ -85.659444851253568, 38.177326279900605 ], [ -85.659444851458915, 38.177717280713644 ], [ -85.659444850175774, 38.178116280266345 ] ], [ [ -85.659444851324182, 38.178787281362972 ], [ -85.659454850955427, 38.179327281074052 ], [ -85.659463853814188, 38.17958728220767 ], [ -85.659483851656233, 38.180476283485859 ], [ -85.659504854206858, 38.181057283602037 ], [ -85.659513853897352, 38.181217283417311 ], [ -85.659594850582906, 38.182706283325885 ], [ -85.659603853225647, 38.182996281347641 ], [ -85.659634854374517, 38.183637281480621 ], [ -85.659643851941354, 38.184367281817408 ], [ -85.659663853164901, 38.185897283052903 ], [ -85.659523853459831, 38.187977284266687 ], [ -85.659513851975859, 38.188417283605659 ], [ -85.659544853019796, 38.188636283678598 ], [ -85.659594852068963, 38.188826282864163 ], [ -85.659783851223906, 38.189327284386863 ], [ -85.66007485388829, 38.189996282803961 ], [ -85.66030485415132, 38.190657284408744 ], [ -85.660550852875573, 38.191550285276215 ], [ -85.660783855421869, 38.192367283196603 ], [ -85.660854853794291, 38.192776285773043 ], [ -85.660894854279618, 38.193007284616442 ], [ -85.660923855420592, 38.193217283316585 ], [ -85.66099385229758, 38.193696285040595 ], [ -85.661114851597915, 38.194537283477388 ], [ -85.661133852050483, 38.194647285087292 ] ], [ [ -85.659444850175774, 38.178116280266345 ], [ -85.659444851324182, 38.178787281362972 ] ], [ [ -85.658703851414145, 38.178597281640712 ], [ -85.659113853836161, 38.178687282118631 ], [ -85.659444851324182, 38.178787281362972 ] ], [ [ -85.659444850175774, 38.178116280266345 ], [ -85.659243854034443, 38.178337279592235 ], [ -85.659103850233279, 38.178437282876025 ], [ -85.658983852659972, 38.178507280860636 ], [ -85.658703851414145, 38.178597281640712 ] ], [ [ -85.648974851011687, 38.177977282205241 ], [ -85.65160384934606, 38.178126280983612 ], [ -85.65229485155578, 38.178167281636178 ], [ -85.653133850669263, 38.17820628219512 ], [ -85.653633851062168, 38.178226282796203 ], [ -85.654014848294125, 38.178247280814972 ], [ -85.655503849320183, 38.17831628183194 ], [ -85.65665485240865, 38.178366280368373 ], [ -85.657403849814955, 38.178427279648602 ], [ -85.658144853552486, 38.17850728263651 ], [ -85.658334852760191, 38.178527282838061 ], [ -85.658703851414145, 38.178597281640712 ] ], [ [ -85.640904847247583, 38.161296278925533 ], [ -85.641073847483199, 38.161666279675714 ], [ -85.641193847425129, 38.16192627971148 ], [ -85.64120384523784, 38.161967280076588 ], [ -85.641314844372886, 38.16236628014839 ], [ -85.641324846746286, 38.162437280800688 ], [ -85.641354844727189, 38.162767280454354 ], [ -85.641293845156284, 38.163156278950211 ], [ -85.641193844361609, 38.16355627819005 ], [ -85.640914847533836, 38.164166278898456 ], [ -85.640653847181923, 38.164816281044871 ], [ -85.640554845591637, 38.165146280638382 ], [ -85.640473846929524, 38.165706280989411 ], [ -85.640223846028931, 38.168506281265493 ], [ -85.640213845193273, 38.168607280380272 ], [ -85.640125847188941, 38.169338282126439 ], [ -85.639911848534226, 38.171777281316281 ], [ -85.63977384766531, 38.172546279940711 ], [ -85.639704846920125, 38.172826280972011 ], [ -85.639393847861896, 38.173806281051512 ], [ -85.639244845066059, 38.174436280336607 ], [ -85.639223846749772, 38.174536280814266 ], [ -85.639143847319815, 38.174917281952638 ], [ -85.639104847476119, 38.175326281257064 ], [ -85.639014843924357, 38.17640628255301 ], [ -85.638894848392965, 38.177797282339739 ], [ -85.638853844041009, 38.17815728316971 ], [ -85.638773846521289, 38.179126281476833 ], [ -85.638714844262594, 38.180016281963674 ], [ -85.639604847514661, 38.180057282354369 ], [ -85.641063848408066, 38.180147281985256 ], [ -85.641634846115309, 38.180166281668519 ], [ -85.641913846418404, 38.180227283171128 ], [ -85.642034849861659, 38.180276282950537 ], [ -85.642323846664141, 38.180536284040834 ], [ -85.643083848439119, 38.181196282261666 ], [ -85.643103848668602, 38.181237283172386 ], [ -85.643083846523382, 38.181286283228282 ], [ -85.642314847603032, 38.181826284645041 ], [ -85.64305384628976, 38.18244628275243 ], [ -85.643574848607074, 38.182986283992989 ], [ -85.643733846239201, 38.183117283656664 ], [ -85.643953847291044, 38.183226283950638 ], [ -85.644073849051566, 38.1832562821183 ], [ -85.644403845840543, 38.183266283505731 ], [ -85.645473847150356, 38.18331628320152 ], [ -85.647003850349165, 38.183387282442666 ], [ -85.647164851092612, 38.183377283907987 ], [ -85.647876849275931, 38.183244281759784 ], [ -85.648263847620427, 38.183256284177695 ], [ -85.648344850208545, 38.182117281447759 ], [ -85.648374849765375, 38.181816283436461 ], [ -85.648464848661774, 38.180517284082768 ], [ -85.648573847669041, 38.17927628259941 ], [ -85.648623849873815, 38.178656283662448 ], [ -85.64865484701042, 38.1784472828124 ], [ -85.648744850379728, 38.178226280236672 ], [ -85.648974851011687, 38.177977282205241 ] ], [ [ -85.645963848670732, 38.157776278369326 ], [ -85.645854848357217, 38.157847278206667 ], [ -85.645364847230212, 38.158156279157033 ], [ -85.645113846296525, 38.158316276354213 ], [ -85.6444748486892, 38.158776278079365 ], [ -85.644204845064223, 38.158966277674971 ], [ -85.642084844624534, 38.160476278047007 ], [ -85.640904847247583, 38.161296278925533 ] ], [ [ -85.645963848670732, 38.157776278369326 ], [ -85.646153844515126, 38.157956279252936 ], [ -85.646323847746615, 38.158077277075407 ], [ -85.646534848547347, 38.158187279034138 ], [ -85.646724847093111, 38.158257277556665 ], [ -85.646814847588146, 38.158277278011028 ], [ -85.646994846861091, 38.158316276317663 ], [ -85.647354848995235, 38.1583362795444 ], [ -85.647583849217554, 38.158347277950028 ], [ -85.648524847945168, 38.15840627824501 ], [ -85.648623847009091, 38.158406279008304 ], [ -85.649263846097597, 38.158437278602456 ], [ -85.649533849121468, 38.158447276659665 ], [ -85.650193846422624, 38.158486277115102 ], [ -85.650783848791306, 38.158527278217242 ], [ -85.651174846551939, 38.158576279922514 ], [ -85.652443846404367, 38.158647278080466 ], [ -85.654353847791839, 38.158746276666832 ], [ -85.65538384879828, 38.158807277557372 ], [ -85.655883851208287, 38.158856278670498 ], [ -85.656164849845553, 38.158907279490663 ], [ -85.656603850960735, 38.159046279564038 ], [ -85.656974848826124, 38.159187279225002 ], [ -85.658494850335671, 38.159887276949476 ], [ -85.658824850797558, 38.159997278948829 ], [ -85.659094851950215, 38.160057276323002 ], [ -85.659513850222623, 38.160077277843556 ], [ -85.659994852099047, 38.160046277026353 ], [ -85.659954851536369, 38.159206277614828 ], [ -85.659944849219883, 38.159046275957955 ], [ -85.659944848966205, 38.158887275967736 ], [ -85.659894851031467, 38.157216275894697 ], [ -85.65988384890376, 38.157156277519874 ], [ -85.65987385056107, 38.156976275484624 ], [ -85.659854851560937, 38.156667276258283 ], [ -85.659833850994076, 38.156307277438167 ], [ -85.658914850641409, 38.156246276531313 ], [ -85.658324847988482, 38.15620727692702 ], [ -85.657133850203977, 38.156136277577787 ], [ -85.65670484960674, 38.15610727740048 ], [ -85.656453848796886, 38.156097276309353 ], [ -85.656053848035583, 38.156066276242029 ], [ -85.655653851598828, 38.156046277318488 ], [ -85.655293851341597, 38.15602727817388 ], [ -85.654594847250195, 38.155976277220354 ], [ -85.654004849502542, 38.155937276357534 ], [ -85.65341484960085, 38.155917277276949 ], [ -85.652704849750975, 38.155917276865964 ], [ -85.652064846737559, 38.155956276823233 ], [ -85.651348847379026, 38.156021277664571 ], [ -85.650573850662482, 38.156117278186684 ], [ -85.649923847548152, 38.156246277813075 ], [ -85.649343845526346, 38.156397276727041 ], [ -85.648933848984711, 38.156506277943059 ], [ -85.648244846330044, 38.156716279343634 ], [ -85.648123847253174, 38.156757277175942 ], [ -85.647553849410855, 38.156986277278357 ], [ -85.6467938460151, 38.157326277884124 ], [ -85.646214848360358, 38.157627278418722 ], [ -85.645963848670732, 38.157776278369326 ] ], [ [ -85.645963848670732, 38.157776278369326 ], [ -85.645854847891755, 38.157666276919137 ], [ -85.645743847673344, 38.157737276556666 ], [ -85.645284846470275, 38.158017279014643 ], [ -85.644353848351258, 38.158656277824548 ], [ -85.643124847448206, 38.159517279553157 ], [ -85.642134846306377, 38.160216278935707 ], [ -85.641393846370121, 38.160736279805541 ], [ -85.640854846574811, 38.161096278881622 ], [ -85.64072484706314, 38.16117627813879 ], [ -85.640904847247583, 38.161296278925533 ] ], [ [ -85.648974851011687, 38.177977282205241 ], [ -85.648723848677292, 38.17784628040377 ], [ -85.648114847362123, 38.177746280194214 ], [ -85.647553848778728, 38.177666282234725 ], [ -85.646864203578914, 38.177545202103964 ], [ -85.646355204289662, 38.177460703501175 ], [ -85.646088491419079, 38.177411447013668 ], [ -85.645851330191945, 38.177328461469202 ], [ -85.645594317532655, 38.177155124864782 ], [ -85.645440696142856, 38.177018690956224 ], [ -85.645123933660614, 38.176879439421427 ], [ -85.644930147325439, 38.176853149929833 ], [ -85.644828589917154, 38.176596894709064 ], [ -85.645473071311287, 38.169189123000876 ], [ -85.645437775904668, 38.169049368456299 ], [ -85.644760839187526, 38.168979268565714 ], [ -85.644441000391922, 38.168909665199841 ], [ -85.644331602063446, 38.168873783902328 ], [ -85.644292612523813, 38.168793195062271 ], [ -85.644867675797201, 38.162027941665734 ], [ -85.644909254741151, 38.161943121413316 ], [ -85.645001968065614, 38.161896715176049 ], [ -85.645086308140961, 38.161886173267 ], [ -85.645950448000221, 38.161936151667604 ], [ -85.646039752144645, 38.162007074885857 ], [ -85.646078884149091, 38.162079319439911 ], [ -85.645537533377961, 38.168771632205598 ], [ -85.645494805587887, 38.168929525912418 ], [ -85.645434706291596, 38.168978244012848 ], [ -85.645289311871196, 38.168992022358317 ], [ -85.644386215189002, 38.169013307860503 ], [ -85.644295680031618, 38.16907923452321 ], [ -85.64426019032237, 38.169176851719676 ], [ -85.643630085588896, 38.176662710782466 ], [ -85.643674587784602, 38.176715578342545 ], [ -85.643750234635775, 38.176754726627159 ], [ -85.644635537545938, 38.176821467273321 ], [ -85.644930147325439, 38.176853149929833 ] ] ] } },
{ "type": "Feature", "properties": { "OBJECTID": 10, "ROUTE_NAME": "Oak - Westport", "ROUTE_TYPE": "Local Route", "ROUTE_NUMBER": 25, "TARC_WEB": "https://www.ridetarc.org/bus_routes/oak-westport/", "SHAPELEN": 139360.04070758101 }, "geometry": { "type": "MultiLineString", "coordinates": [ [ [ -85.800299521108983, 38.238103181191995 ], [ -85.800512655082741, 38.236772099964242 ], [ -85.796213581608782, 38.236389275026021 ], [ -85.796147345125519, 38.2363774912791 ], [ -85.796080240336622, 38.236372687560284 ], [ -85.796013000759174, 38.236374916378644 ], [ -85.795946361383599, 38.236384153371141 ], [ -85.795881050639579, 38.236400297568956 ], [ -85.79581778243363, 38.236423172501148 ], [ -85.795757248345438, 38.236452528123678 ], [ -85.795700110068267, 38.236488043552576 ], [ -85.79564699217606, 38.236529330571535 ], [ -85.795598475296245, 38.236575937875465 ], [ -85.795534896273679, 38.236647286308227 ], [ -85.795466582702829, 38.236723191160429 ], [ -85.795444833886791, 38.236742199603441 ], [ -85.795421526105272, 38.236759260647538 ], [ -85.79536545820757, 38.236785464553321 ], [ -85.795307357654025, 38.236806785423582 ], [ -85.795247648804278, 38.236823067533159 ], [ -85.795186767764775, 38.236834191959446 ], [ -85.795125159203508, 38.236840077450921 ], [ -85.795063273102201, 38.236840681020652 ], [ -85.793969175246261, 38.236774096614432 ], [ -85.791786528021959, 38.236616981724204 ], [ -85.789954186176487, 38.23648557155078 ], [ -85.789793897148215, 38.236477286855951 ], [ -85.789203892924263, 38.236426286052129 ], [ -85.788723894960015, 38.236377286274418 ], [ -85.788064894229592, 38.23633628636891 ], [ -85.787713894023142, 38.236346285352631 ], [ -85.787394894279757, 38.236377287249013 ], [ -85.787204894864573, 38.236387286366345 ], [ -85.785483891214838, 38.236246286634064 ], [ -85.782984891948189, 38.236006285248983 ], [ -85.781793894651983, 38.235886284999459 ], [ -85.78111389161748, 38.235816286173304 ], [ -85.781023889953673, 38.236356287390905 ], [ -85.780983892491079, 38.236587285415339 ], [ -85.780893890397735, 38.236726286138953 ], [ -85.780764892172769, 38.236816287480018 ], [ -85.780623890750036, 38.236847285356106 ], [ -85.780474042295452, 38.236848624726193 ] ], [ [ -85.801142261029113, 38.249648360390125 ], [ -85.801148541767276, 38.249497880890644 ], [ -85.801154708140416, 38.249382405725385 ], [ -85.801152512571903, 38.249368717287908 ], [ -85.801147981237619, 38.249355615347149 ], [ -85.801141250878416, 38.249343495276747 ], [ -85.801132524594436, 38.249332722820675 ], [ -85.800957682508098, 38.249117918259898 ], [ -85.800937069351562, 38.249091002685667 ], [ -85.800902125774627, 38.249056976873085 ], [ -85.800862694007435, 38.249028272426955 ], [ -85.800819577348747, 38.249005474110454 ], [ -85.80077365416544, 38.248989046367875 ], [ -85.800725859998536, 38.248979323863018 ], [ -85.800641276612083, 38.248975118950185 ], [ -85.800291899886261, 38.248957738085217 ], [ -85.8002644259779, 38.248963947474913 ], [ -85.800238145350889, 38.248974081615508 ], [ -85.800213615422862, 38.248987925559753 ], [ -85.800191356478734, 38.24900518567469 ], [ -85.800171840635386, 38.249025495869653 ], [ -85.800065060075269, 38.249212023678616 ], [ -85.800037704825485, 38.2492586891955 ], [ -85.800015335882975, 38.249307939683497 ], [ -85.799998194409952, 38.249359244167309 ], [ -85.799986465210637, 38.249412049527265 ], [ -85.799980274738914, 38.249465786462572 ], [ -85.79999307847639, 38.249612473164163 ], [ -85.803464175263414, 38.249720838223588 ], [ -85.80879512675611, 38.24990875038894 ], [ -85.812261299437182, 38.250010507245541 ], [ -85.820621702512867, 38.250298110684682 ], [ -85.820713306405736, 38.24930310548784 ], [ -85.820863536116718, 38.246886643469324 ], [ -85.821125421380117, 38.244179625830832 ], [ -85.799602313896628, 38.242241298262968 ], [ -85.800299521108983, 38.238103181191995 ], [ -85.797283321414596, 38.237839940435805 ], [ -85.796244895604232, 38.237766284937415 ], [ -85.796074898732215, 38.237766287301746 ], [ -85.795903894967282, 38.237796286535385 ], [ -85.795723897040943, 38.237856285373091 ], [ -85.795563894965753, 38.23790728572159 ], [ -85.795463896634544, 38.237917287884798 ], [ -85.795264897588822, 38.237917284985507 ], [ -85.794873896652291, 38.237886285205477 ], [ -85.794744895382635, 38.237872285899805 ], [ -85.792683895827707, 38.237686285678357 ], [ -85.790283895763281, 38.237467288116328 ], [ -85.788623891929973, 38.23732628828423 ], [ -85.787704893919312, 38.237246286983321 ], [ -85.787618588792796, 38.237238925282 ], [ -85.787531972957936, 38.237238242154774 ], [ -85.787445562453328, 38.237244241671576 ], [ -85.7873598720942, 38.237256888088567 ], [ -85.78727541240535, 38.23727610606111 ], [ -85.787192686579473, 38.237301781092633 ], [ -85.787112187479323, 38.237333760216821 ], [ -85.786993893077621, 38.237387285978755 ], [ -85.786867895498531, 38.237427287466879 ], [ -85.786743892643514, 38.237436286693352 ], [ -85.786434893363051, 38.237426287967445 ], [ -85.78160698190699, 38.236964140810876 ], [ -85.780934338086723, 38.236896835305743 ], [ -85.780474042295452, 38.236848624726193 ], [ -85.77389423954746, 38.236254569704293 ], [ -85.773583888520321, 38.236227286800819 ], [ -85.771713892075212, 38.236066287448175 ], [ -85.770294889279768, 38.23592728699122 ], [ -85.768643888079879, 38.235786288531848 ], [ -85.768243887362914, 38.235757287461517 ], [ -85.767703890554102, 38.2357262872927 ], [ -85.767534887291802, 38.235716286484866 ], [ -85.766943887119382, 38.235657287155561 ], [ -85.766433889416334, 38.235606285656011 ], [ -85.765954145926273, 38.235554624813794 ], [ -85.755953611279537, 38.234647093292566 ], [ -85.755344884650484, 38.234597289396874 ] ], [ [ -85.755344884650484, 38.234597289396874 ], [ -85.753674882913771, 38.234436286756207 ], [ -85.751664881774488, 38.234237287795331 ], [ -85.751394885172147, 38.234217288638604 ], [ -85.7510938812174, 38.234186286599382 ], [ -85.750913883774558, 38.23416628618974 ], [ -85.750764885157807, 38.234157287968273 ], [ -85.750484882459332, 38.234106288591519 ], [ -85.750034882363948, 38.234057287224296 ], [ -85.749674883194814, 38.234026287611236 ], [ -85.749616044537973, 38.234022310637961 ], [ -85.749557082639697, 38.234023450114854 ], [ -85.749498441574431, 38.234029697459889 ], [ -85.749440563000235, 38.234041005620867 ], [ -85.749383882832433, 38.234057289429835 ], [ -85.749213883731315, 38.23415728788224 ], [ -85.749067356474626, 38.234251794090333 ], [ -85.749009759433577, 38.23427737370924 ], [ -85.74895015624746, 38.234297847991819 ], [ -85.748888998458099, 38.23431306182902 ], [ -85.748826749384648, 38.23432289996385 ], [ -85.748763880613637, 38.234327287864573 ], [ -85.748623883876775, 38.234317289090043 ], [ -85.747503881517702, 38.234206286673043 ], [ -85.745754882787224, 38.234026286750172 ], [ -85.745444880507762, 38.233996288330218 ], [ -85.745174879976261, 38.233967287370213 ], [ -85.743424880458946, 38.233797289765654 ], [ -85.742074878299746, 38.233646288994024 ], [ -85.741944881916098, 38.233607286651669 ], [ -85.741844880244429, 38.23356628744078 ], [ -85.741593881147097, 38.233427287031994 ], [ -85.741473880946089, 38.233386288942 ], [ -85.741342809892615, 38.233374825170664 ], [ -85.740141591914224, 38.233235290306183 ], [ -85.739973880044204, 38.233196286504835 ], [ -85.739766762684013, 38.233174486613819 ], [ -85.73698487925526, 38.232887287068223 ], [ -85.736094880240529, 38.232787287139331 ], [ -85.735803876739951, 38.232777286195216 ], [ -85.735634876844898, 38.232807288237744 ], [ -85.734813877051451, 38.233106288995131 ], [ -85.73424487853849, 38.233337287107233 ], [ -85.733993876815092, 38.233437286961617 ], [ -85.733633878773816, 38.233576289642279 ] ], [ [ -85.733633878773816, 38.233576289642279 ], [ -85.733953878441454, 38.23360728738934 ], [ -85.736346521527835, 38.233851068915364 ], [ -85.739488833961758, 38.234171813301408 ], [ -85.739793881597961, 38.234206288352865 ], [ -85.740084878397212, 38.234237289250473 ], [ -85.740101159451328, 38.234239350665561 ], [ -85.740162327471111, 38.234245268106037 ], [ -85.740222573687859, 38.234257389826759 ], [ -85.740281270475762, 38.234275589547536 ], [ -85.740337806350453, 38.234299677669483 ], [ -85.740391592339279, 38.234329403250257 ], [ -85.740442068117005, 38.234364456618273 ], [ -85.740515880725937, 38.234424288149313 ], [ -85.740714878546555, 38.234556288980777 ], [ -85.740809155978397, 38.234597338804313 ], [ -85.740905626693277, 38.234632929861327 ], [ -85.741003974923018, 38.234662945655096 ], [ -85.741103878753961, 38.234687287937845 ], [ -85.741254879859909, 38.234706286863847 ], [ -85.741593881091504, 38.234745287671686 ], [ -85.743234882047872, 38.234916288090041 ], [ -85.745274880640082, 38.235127289900369 ], [ -85.747313879919957, 38.23533628821292 ], [ -85.748073882504997, 38.235407286802889 ], [ -85.74813536691174, 38.235416348658809 ], [ -85.748195411203355, 38.235432384011901 ], [ -85.748253227159481, 38.235455182361008 ], [ -85.748308055811805, 38.235484444425012 ], [ -85.748359177407281, 38.235519786071556 ], [ -85.748405920856598, 38.235560743359692 ], [ -85.748447672543733, 38.235606778630157 ], [ -85.748483884381102, 38.23565728756342 ], [ -85.748554881851987, 38.235857287398815 ], [ -85.748594883842372, 38.235947287631475 ], [ -85.748665979879391, 38.236007600188209 ], [ -85.748740931916458, 38.236063047849278 ], [ -85.748819407663632, 38.236113384794812 ], [ -85.748901059209047, 38.236158387862609 ], [ -85.748985524561377, 38.236197857537512 ], [ -85.749072429254625, 38.23623161883593 ], [ -85.749161388008318, 38.236259522081625 ], [ -85.749252006435583, 38.236281443569226 ], [ -85.749343882791607, 38.236297286112723 ], [ -85.749719566516518, 38.236338195525022 ], [ -85.753274886140247, 38.236716288184404 ], [ -85.753963885907581, 38.236786288367568 ], [ -85.754413881939485, 38.236837286605471 ], [ -85.754764886146518, 38.236886287232743 ], [ -85.754953883940615, 38.236906289387782 ], [ -85.755174885385529, 38.235577287415261 ], [ -85.755344884650484, 38.234597289396874 ] ], [ [ -85.719560888776115, 38.239183064042841 ], [ -85.720993874234026, 38.238447290967756 ], [ -85.722063874053433, 38.237876288858914 ], [ -85.722203876460441, 38.237817289663631 ], [ -85.722383876897212, 38.237806290119771 ], [ -85.722494875821937, 38.237827290448557 ], [ -85.722613874128584, 38.237866288308595 ], [ -85.722793876405774, 38.237927290829589 ], [ -85.722866604900673, 38.237939111362856 ], [ -85.722940132383187, 38.237943893443116 ], [ -85.72301377928639, 38.237941592872694 ], [ -85.723086864939646, 38.237932230914275 ], [ -85.723158713859547, 38.237915894094378 ], [ -85.723228661993062, 38.237892733403655 ], [ -85.723296062854857, 38.237862962901382 ], [ -85.72395409154818, 38.237546094573389 ], [ -85.727132018791167, 38.23598902421034 ], [ -85.727624877851227, 38.235747287634965 ], [ -85.727733875199078, 38.235696288335248 ], [ -85.72845387840195, 38.235356288671554 ], [ -85.729334876296278, 38.234947288503193 ], [ -85.730324875863488, 38.234556289020233 ], [ -85.730663875862078, 38.234436289752978 ], [ -85.731113879666665, 38.234337288397562 ], [ -85.731423878180706, 38.234296290093077 ], [ -85.731714876745173, 38.234256287320704 ], [ -85.731913877437734, 38.234217290107246 ], [ -85.732053875859322, 38.234166288032455 ], [ -85.732453879936855, 38.234016287832297 ], [ -85.733093878248582, 38.233777287141891 ], [ -85.733633878773816, 38.233576289642279 ] ], [ [ -85.719560888776115, 38.239183064042841 ], [ -85.718792837974362, 38.239587516439606 ], [ -85.718110104500283, 38.239966098303199 ] ], [ [ -85.719560888776115, 38.239183064042841 ], [ -85.717668148754257, 38.238147169169942 ], [ -85.716255890883204, 38.238896149487871 ], [ -85.717734044877716, 38.239733124936151 ], [ -85.718042317618867, 38.239910433907141 ], [ -85.718110104500283, 38.239966098303199 ] ], [ [ -85.559240270275382, 38.293744455469586 ], [ -85.559793830671993, 38.293496309432221 ], [ -85.560994832459912, 38.292956306586284 ], [ -85.562143830822265, 38.292436308396269 ], [ -85.56229483429523, 38.292367308511508 ], [ -85.562744832800107, 38.29216630777546 ], [ -85.563083833818354, 38.292007307233717 ], [ -85.564883831034521, 38.291166306132943 ], [ -85.567623835522411, 38.289757307676389 ], [ -85.568573835457542, 38.289307307940568 ], [ -85.569414834774946, 38.288926305786454 ], [ -85.57006383585383, 38.288616305436925 ], [ -85.570333836291752, 38.288487307309836 ], [ -85.570474835995626, 38.288417307732672 ], [ -85.571133834677497, 38.288076306454073 ], [ -85.571424833361121, 38.287947305212292 ], [ -85.572183834510724, 38.287607305633756 ], [ -85.572343836451054, 38.28754630593771 ], [ -85.572908121080104, 38.287334517869517 ], [ -85.575090053421803, 38.286491688866491 ], [ -85.575300693035913, 38.286407846333027 ], [ -85.575513615356073, 38.286329982971708 ], [ -85.575728650697457, 38.286258160834414 ], [ -85.575945627691368, 38.286192437158554 ], [ -85.57616437342169, 38.286132864321495 ], [ -85.576384713562788, 38.286079489798773 ], [ -85.576524834321219, 38.286067305394269 ], [ -85.576573836874658, 38.286057305313925 ], [ -85.576964836073458, 38.286036305628571 ], [ -85.577604837093645, 38.286046306562405 ], [ -85.577893838233265, 38.286026304679304 ], [ -85.57821383728573, 38.2859873059177 ], [ -85.578433834770465, 38.285936305693511 ], [ -85.578703836612988, 38.285866305475992 ], [ -85.578973837489102, 38.285766304946925 ], [ -85.579243837312703, 38.285646307433183 ], [ -85.579404835709255, 38.285566306363954 ], [ -85.579603838913044, 38.285467304323902 ], [ -85.579764835958528, 38.285396307135287 ], [ -85.580064836952118, 38.285247305376203 ], [ -85.580583835273274, 38.284997306955773 ], [ -85.580844834955542, 38.284876306211082 ], [ -85.581024836064415, 38.284786306228909 ], [ -85.581324836368537, 38.284637304607159 ], [ -85.581824836660132, 38.284396305122286 ], [ -85.582443839465071, 38.284097304383252 ], [ -85.582684837911287, 38.283976304389576 ], [ -85.583494837938034, 38.283586304576083 ], [ -85.584873837055483, 38.282907303373548 ], [ -85.58565483882478, 38.28252630468242 ], [ -85.58682483949903, 38.281966303610226 ], [ -85.587193837497608, 38.28179630509149 ], [ -85.587234838498105, 38.281776306322456 ], [ -85.588264837858191, 38.281276302810433 ], [ -85.588633840624638, 38.281096303112449 ], [ -85.589024839101299, 38.280916304181787 ], [ -85.589353839225865, 38.28080630346097 ], [ -85.589834838896664, 38.280696302780612 ], [ -85.590173837554588, 38.280646304742739 ], [ -85.590334838191225, 38.280636304891331 ], [ -85.590703838330441, 38.280636304037152 ], [ -85.591184838016403, 38.280657302582945 ], [ -85.591353840724381, 38.280657305514779 ], [ -85.591644839347779, 38.280667304518786 ], [ -85.591963841628512, 38.28065730400926 ], [ -85.592243841557945, 38.280616302247324 ], [ -85.59245483946512, 38.280587304365682 ], [ -85.592994841453674, 38.280426304085658 ], [ -85.593294841004308, 38.280307305286684 ], [ -85.593593840055846, 38.280166302266025 ], [ -85.593903842106542, 38.280016304823924 ], [ -85.596013842851065, 38.278996303834788 ], [ -85.596404840094849, 38.278806303936967 ], [ -85.596733841716372, 38.278646303083782 ], [ -85.596923841934455, 38.278556303634218 ], [ -85.597304842568732, 38.27837630255403 ], [ -85.597894842947085, 38.278086303251811 ], [ -85.598654842563917, 38.277726302733562 ], [ -85.599064842587111, 38.277546304334301 ], [ -85.59953384036821, 38.277366302721823 ], [ -85.600293842847819, 38.277136300831899 ], [ -85.601724843922639, 38.276746302156951 ], [ -85.604334844312859, 38.276046302855583 ], [ -85.604874845677514, 38.275897303140582 ], [ -85.605783843861715, 38.27561730190282 ], [ -85.606224841532025, 38.275457302660811 ], [ -85.606614845763104, 38.275306300962782 ], [ -85.607093842228679, 38.275097302621639 ], [ -85.607474843397, 38.274927302084073 ], [ -85.607853844240424, 38.274747302975747 ], [ -85.608213843734433, 38.274557300421648 ], [ -85.608384846125517, 38.274457303799849 ], [ -85.608703843075205, 38.274297302564555 ], [ -85.609513845609641, 38.273806302450211 ], [ -85.610364846235342, 38.2733163021867 ], [ -85.610873846848193, 38.273017302868546 ], [ -85.612344846319914, 38.272156302945412 ], [ -85.613043844966512, 38.271747299589251 ], [ -85.61389384753727, 38.271256302791556 ], [ -85.614283844030865, 38.271016301763339 ], [ -85.61505384606501, 38.270556299092938 ], [ -85.615653845815856, 38.270206301021503 ], [ -85.616154848137811, 38.269926300474246 ], [ -85.616484848421649, 38.269736299925796 ], [ -85.61690384860583, 38.269507299748746 ], [ -85.618063848369005, 38.268826300666191 ], [ -85.61903484702728, 38.268247298693893 ], [ -85.619084846912003, 38.268216300835924 ], [ -85.619513846851333, 38.267967300919324 ], [ -85.619904849569295, 38.267737299698275 ], [ -85.620503848023205, 38.267386299135026 ], [ -85.621114849733473, 38.267026301132056 ], [ -85.621673848147068, 38.266717301768161 ], [ -85.622223849977914, 38.266396300999077 ], [ -85.622293847438272, 38.266360298546637 ], [ -85.622964849434993, 38.266017299434473 ], [ -85.623264846305645, 38.265866299871718 ], [ -85.623523849709755, 38.265737298848201 ], [ -85.624214848371622, 38.265406298938629 ], [ -85.62438984798959, 38.265326299899236 ], [ -85.624873847279886, 38.265087298669194 ], [ -85.625143849409056, 38.264956300467581 ], [ -85.625733847096427, 38.264667300762198 ], [ -85.625834850125585, 38.264616300021487 ], [ -85.626523847902135, 38.264266298407037 ], [ -85.627523851621078, 38.263776298683744 ], [ -85.627864849417193, 38.263636300273966 ], [ -85.628044848468818, 38.263587297439322 ], [ -85.62823385104106, 38.263546300007462 ], [ -85.628574849152486, 38.263516299507664 ], [ -85.628963848164062, 38.263526297804823 ], [ -85.629153847462405, 38.263557298800222 ], [ -85.629493850787284, 38.263636298123522 ], [ -85.630074852536993, 38.263827300161708 ], [ -85.631293851621265, 38.264236297667736 ], [ -85.632073849086396, 38.264496299515926 ], [ -85.632414851744485, 38.264577297134629 ], [ -85.632624849480905, 38.264616298228638 ], [ -85.632923850368314, 38.264647300564803 ], [ -85.63323385213512, 38.264626297476212 ], [ -85.633463849352225, 38.264596299460898 ], [ -85.633714850394995, 38.264526299324487 ], [ -85.633894849890552, 38.264457297735255 ], [ -85.634223850569427, 38.264287299182854 ], [ -85.634633851906074, 38.264037300697794 ], [ -85.635173849975786, 38.263716298170507 ], [ -85.63557385322045, 38.263477300551429 ], [ -85.636513852137853, 38.262906297109524 ], [ -85.637624852363047, 38.262237298408593 ], [ -85.638024853088282, 38.262006297703586 ], [ -85.638264852022104, 38.261857297015602 ], [ -85.638783854243712, 38.261526296850022 ], [ -85.639173854020001, 38.261307299120745 ], [ -85.639453854088373, 38.261116299331313 ], [ -85.639863854150903, 38.260896299226211 ], [ -85.640144853289613, 38.260756298665626 ], [ -85.640493852503496, 38.260587297012222 ], [ -85.640663850968465, 38.260497298383171 ], [ -85.640914851352534, 38.260376297135686 ], [ -85.641354851536832, 38.260157297296189 ], [ -85.641904854218765, 38.259906298322832 ], [ -85.642003853469376, 38.259867298348048 ], [ -85.642164853629609, 38.259797298355835 ], [ -85.642264854666251, 38.259746298540769 ], [ -85.643154853769033, 38.25932729906058 ], [ -85.644284853962148, 38.258776296133625 ], [ -85.644303855554512, 38.258316297810119 ], [ -85.644324855715098, 38.257827298503287 ], [ -85.644334852119215, 38.257537298345426 ], [ -85.644414854923923, 38.256976296730606 ], [ -85.644774855274747, 38.254266296725717 ], [ -85.644853851066074, 38.253696295192945 ], [ -85.644893854847496, 38.253436297026376 ], [ -85.644954854312687, 38.253047297134302 ], [ -85.645004852340051, 38.25269729589278 ], [ -85.645104855208913, 38.252067296927876 ], [ -85.647277712394853, 38.252236437638608 ], [ -85.647853856377509, 38.252286296176443 ], [ -85.649144856346837, 38.252386296441827 ], [ -85.649424855560056, 38.252417294887536 ], [ -85.650393854108685, 38.252507297707098 ], [ -85.651373854787607, 38.252587294337893 ], [ -85.651503853859111, 38.25259729647194 ], [ -85.652574856974439, 38.252677296406134 ], [ -85.653374855973965, 38.252736296575421 ], [ -85.654594857528664, 38.252826296807164 ], [ -85.655383856456112, 38.252886294367819 ], [ -85.655664857926112, 38.252906294278347 ], [ -85.655953856897966, 38.252926296796645 ], [ -85.65621485652008, 38.252947294837313 ], [ -85.656423856772918, 38.252967294711738 ], [ -85.657173856466571, 38.253027296689233 ], [ -85.657263859424461, 38.252947296593348 ], [ -85.657834857781324, 38.252757297028332 ], [ -85.658383855698702, 38.25258729572181 ], [ -85.658544857635661, 38.252536294440389 ], [ -85.65881485700028, 38.252446295174089 ], [ -85.659274856107601, 38.252286295556743 ], [ -85.659523857145686, 38.252196293963983 ], [ -85.659883857243784, 38.252076294017208 ], [ -85.660283855934395, 38.251926293807493 ], [ -85.660444856518424, 38.25186729463897 ], [ -85.660923856984198, 38.251697295761907 ], [ -85.662114859872673, 38.25128629401695 ], [ -85.663314860725706, 38.250877296033266 ], [ -85.664333859236464, 38.250527295756598 ], [ -85.665133858249249, 38.250237293940742 ], [ -85.665193859728021, 38.25021629554103 ], [ -85.665503859880928, 38.250106293491584 ], [ -85.66603385859537, 38.249926293671059 ], [ -85.666974858925045, 38.249617294954206 ], [ -85.667253860881175, 38.249566295028856 ], [ -85.66753385918868, 38.24951729402683 ], [ -85.668283858946936, 38.249416296165542 ], [ -85.669434861642202, 38.249226293366902 ], [ -85.670614860369426, 38.249016293592419 ], [ -85.671384862930068, 38.248907294585763 ], [ -85.671483859636851, 38.248897294554922 ], [ -85.672004862275415, 38.24881729532612 ], [ -85.672973860914325, 38.248647293626632 ], [ -85.673073862666868, 38.248637293726716 ], [ -85.673343863296921, 38.248606292894458 ], [ -85.673634861751452, 38.248606292198083 ], [ -85.674593862095307, 38.248637293285128 ], [ -85.675384863992434, 38.248656292967333 ], [ -85.676094863698211, 38.248666293514347 ], [ -85.677213860670776, 38.248676294031831 ], [ -85.677282860880453, 38.248671293519607 ], [ -85.677584862887826, 38.248676294456253 ], [ -85.67954386197907, 38.248727292910509 ], [ -85.680213864840027, 38.248746292255717 ], [ -85.68040386219333, 38.248737295169434 ], [ -85.680633865241475, 38.248686293381333 ], [ -85.680924862971679, 38.248596294194293 ], [ -85.681324865356117, 38.248406292735162 ], [ -85.68191486341793, 38.248136294040577 ], [ -85.683183864925482, 38.24755729237301 ], [ -85.684564863426289, 38.246927295158756 ], [ -85.686113865829995, 38.246197294615229 ], [ -85.686553863835627, 38.245996292001657 ], [ -85.687923865161963, 38.245377292500308 ], [ -85.688304865808433, 38.245227291667327 ], [ -85.688503867841462, 38.245176292077424 ], [ -85.688784865444291, 38.245137292762031 ], [ -85.689273866685568, 38.24512729175855 ], [ -85.689573867130292, 38.245127294714841 ], [ -85.690513868115602, 38.245127293042344 ], [ -85.69103486629713, 38.245127291749021 ], [ -85.692124867845209, 38.245127293583458 ], [ -85.693294864752374, 38.245127292164781 ], [ -85.69359486533331, 38.245127291656523 ], [ -85.694123868069397, 38.245146292198783 ], [ -85.694454866800911, 38.24517629103476 ], [ -85.695504869883834, 38.245176292615994 ], [ -85.695904869393246, 38.245166294382528 ], [ -85.696214867021723, 38.245146293553489 ], [ -85.696664866292494, 38.245107293449507 ], [ -85.696993868254125, 38.245066292741697 ], [ -85.697564868396341, 38.244986293914167 ], [ -85.697784866565527, 38.244966292188579 ], [ -85.697934866660177, 38.244966293128286 ], [ -85.698414870526193, 38.24498629369856 ], [ -85.698633870248301, 38.245017292129923 ], [ -85.6992538687646, 38.245166292473996 ], [ -85.699753866433539, 38.245276291299447 ], [ -85.700184867018564, 38.245366293172772 ], [ -85.70089486954906, 38.245506292028296 ], [ -85.701543872143816, 38.245626292716167 ], [ -85.70164386962179, 38.245526291051313 ], [ -85.702123869761408, 38.24526629305808 ], [ -85.702273868753991, 38.24517629058272 ], [ -85.702474872213998, 38.245066291785989 ], [ -85.702834869318636, 38.244837292799822 ], [ -85.703583869522433, 38.244436291311892 ], [ -85.704253871181919, 38.244076293320518 ], [ -85.704414872023207, 38.243947293586693 ], [ -85.705153871286754, 38.243366290324225 ], [ -85.705211675636562, 38.243343362339218 ], [ -85.705333289784193, 38.24328200442303 ], [ -85.705457454653583, 38.243225987639917 ], [ -85.705583935805208, 38.243175417756916 ], [ -85.705712494426066, 38.243130390256589 ], [ -85.705842887780634, 38.243090990156759 ], [ -85.705974869669177, 38.243057291849972 ], [ -85.706152796311358, 38.24302308107918 ], [ -85.70633170945456, 38.242994474191434 ], [ -85.706511432646721, 38.242971499400099 ], [ -85.706691788636874, 38.242954179363942 ], [ -85.706872599549968, 38.242942531164744 ], [ -85.70705368706227, 38.242936566290474 ], [ -85.707234872577274, 38.242936290623959 ], [ -85.707335049092237, 38.242939599930438 ], [ -85.707434834116128, 38.242949046340691 ], [ -85.707533852027439, 38.242964594295515 ], [ -85.707631730092302, 38.24298618526764 ], [ -85.707728099867595, 38.243013737982004 ], [ -85.707822598587853, 38.243047148721715 ], [ -85.707914870530843, 38.243086291718491 ], [ -85.708516964555983, 38.243361661382501 ], [ -85.708614521833439, 38.243394629117681 ], [ -85.708713922665339, 38.243421532064808 ], [ -85.708814790415587, 38.243442268286913 ], [ -85.708916742889841, 38.243456759213117 ], [ -85.709019393783649, 38.243464949936374 ], [ -85.709122354146217, 38.243466809421513 ], [ -85.709225233854184, 38.243462330622826 ], [ -85.709327643089736, 38.243451530510768 ], [ -85.709429193817741, 38.243434450007655 ], [ -85.709529501256029, 38.243411153832596 ], [ -85.709628185333287, 38.243381730256296 ], [ -85.709724872129257, 38.24334629076656 ], [ -85.709904871294285, 38.243256291222686 ], [ -85.710714869894545, 38.242816292602697 ], [ -85.714688158890368, 38.240681591000651 ], [ -85.714771482326668, 38.240639577473566 ], [ -85.714857703346624, 38.240603886197107 ], [ -85.71494634304905, 38.240574715412919 ], [ -85.715036909098572, 38.24055222714555 ], [ -85.715128898460236, 38.240536546302557 ], [ -85.715221800193504, 38.24052775998075 ], [ -85.715315098290233, 38.240525916982371 ], [ -85.715408274540721, 38.240531027544066 ], [ -85.715500811412056, 38.240543063280022 ], [ -85.71559219492265, 38.240561957339622 ], [ -85.715681917497065, 38.24058760477876 ], [ -85.715769480785312, 38.240619863142761 ], [ -85.715854398430778, 38.240658553257575 ], [ -85.715942091837036, 38.240689577382483 ], [ -85.716031830937098, 38.240714062556542 ], [ -85.716123128873264, 38.240731875941378 ], [ -85.716215490330754, 38.24074292089481 ], [ -85.71630841422494, 38.240747137495127 ], [ -85.716401396419784, 38.240744502866171 ], [ -85.716493932462981, 38.240735031301497 ], [ -85.71658552032271, 38.240718774186782 ], [ -85.716675663111261, 38.240695819721033 ], [ -85.71676387178087, 38.240666292438149 ], [ -85.717040334636067, 38.240518323372989 ], [ -85.717497257499673, 38.240273230161762 ], [ -85.717883860461683, 38.240078604584255 ], [ -85.718110104500283, 38.239966098303199 ] ], [ [ -85.541734825347618, 38.299366309283123 ], [ -85.547209325339637, 38.297928161235575 ], [ -85.550179738916214, 38.297145353675518 ], [ -85.55148399898026, 38.296800903212663 ], [ -85.55227878285335, 38.296587984667426 ], [ -85.553244984885453, 38.296319366993082 ], [ -85.553291519884894, 38.296385431285152 ], [ -85.553343116951851, 38.296447622438407 ], [ -85.553399455080225, 38.296505553536718 ], [ -85.553460183767925, 38.296558864167473 ], [ -85.553524925197394, 38.29660722266383 ], [ -85.553593276586227, 38.296650328168184 ], [ -85.553664812692986, 38.296687912503877 ], [ -85.553733798126359, 38.296713269767999 ], [ -85.553804546500004, 38.296733185803987 ], [ -85.55387662935486, 38.296747539998385 ], [ -85.55394961015017, 38.296756245420802 ], [ -85.554023046907105, 38.296759249350337 ], [ -85.554132099974055, 38.296755439414284 ], [ -85.554241216768958, 38.296756221778367 ], [ -85.554350203992541, 38.296761595056623 ], [ -85.554458868575068, 38.296771549730359 ], [ -85.554807982557193, 38.296907825359952 ], [ -85.555132962669603, 38.29671109959326 ], [ -85.555262360589907, 38.296639137551104 ], [ -85.555394806110414, 38.296572951892635 ], [ -85.555530041531014, 38.296512671395732 ], [ -85.555667803723225, 38.296458413348553 ], [ -85.555807824642272, 38.296410283321343 ], [ -85.555949831848508, 38.296368374961006 ], [ -85.556093549037584, 38.296332769808913 ], [ -85.556257742100527, 38.296300103224489 ], [ -85.556422890609042, 38.296272672624951 ], [ -85.55658882763538, 38.29625050573641 ], [ -85.556755385454764, 38.296233624964572 ], [ -85.556922395714963, 38.296222047372076 ], [ -85.557089689606386, 38.296215784661243 ], [ -85.5570901651502, 38.296145896893144 ], [ -85.557084441426454, 38.296076242279092 ], [ -85.5570725635325, 38.296007369629173 ], [ -85.55701658025383, 38.295839711266723 ], [ -85.556867912094049, 38.295593945345125 ], [ -85.556513829727891, 38.295067308110923 ], [ -85.557619214058278, 38.294571114059757 ], [ -85.558836621477411, 38.293996240848685 ], [ -85.559240270275382, 38.293744455469586 ] ], [ [ -85.567393836637009, 38.312627310542702 ], [ -85.569992878895164, 38.310992943455879 ], [ -85.570035526123533, 38.310970619099592 ], [ -85.570080642626181, 38.310953836246476 ], [ -85.570127511777343, 38.310942861473599 ], [ -85.57017538911235, 38.3109378691031 ], [ -85.570223514152644, 38.31093893843326 ], [ -85.570271122485153, 38.310946052478954 ], [ -85.570317457904139, 38.31095909824144 ], [ -85.570361784422659, 38.310977868503187 ], [ -85.570403397962977, 38.311002065119332 ], [ -85.570441637539986, 38.311031303753374 ], [ -85.571500133195428, 38.312060394231985 ], [ -85.571871798377813, 38.312265189829525 ], [ -85.572566009573961, 38.312571953401374 ], [ -85.573081386798336, 38.312781054482578 ], [ -85.573693836957162, 38.313046310410421 ], [ -85.573706466419111, 38.313051962024346 ], [ -85.57426269908899, 38.313320364447058 ], [ -85.574858280490162, 38.313625310559161 ], [ -85.575185118543345, 38.313794442316031 ], [ -85.575233064166483, 38.313825952891904 ], [ -85.575277888006767, 38.313861765215378 ], [ -85.575319205369667, 38.31390157193205 ], [ -85.575356661654567, 38.313945031406192 ], [ -85.575389935397965, 38.313991770652763 ], [ -85.57542085582179, 38.314036429453957 ], [ -85.575447768601705, 38.31408361190207 ], [ -85.575470469142715, 38.314132959309013 ], [ -85.575488784871865, 38.314184096528329 ], [ -85.575502576550207, 38.314236634807152 ], [ -85.575509349582617, 38.314317610748944 ], [ -85.575505536458508, 38.314378076369003 ], [ -85.57549500946719, 38.314437740542324 ], [ -85.57547789972412, 38.314495860141569 ], [ -85.575454420334026, 38.314551711277332 ], [ -85.575424863736686, 38.31460459831429 ], [ -85.575389598064504, 38.314653862535479 ], [ -85.575331517628015, 38.314710343701947 ], [ -85.575269768863251, 38.314762789381653 ], [ -85.57520463157978, 38.314810961921232 ], [ -85.575136400941915, 38.314854643030714 ], [ -85.575069502934241, 38.314887402828667 ], [ -85.57500020799327, 38.314914729719213 ], [ -85.574928956497715, 38.314936450036278 ], [ -85.574856201260474, 38.314952425744302 ], [ -85.574782404650932, 38.314962555315496 ], [ -85.574708035656528, 38.314966774375065 ], [ -85.574421629682575, 38.314982535797959 ], [ -85.573839634663315, 38.315008201127014 ], [ -85.573666686757576, 38.315010537228922 ], [ -85.573556233231471, 38.314995084206423 ], [ -85.573446528123, 38.314974995241535 ], [ -85.573337765922915, 38.314950305948997 ], [ -85.573230139450317, 38.314921060099223 ], [ -85.573123839510828, 38.31488730954073 ], [ -85.573042018455197, 38.314849295149429 ], [ -85.572962894701391, 38.314805945285833 ], [ -85.572886815690879, 38.31475745030415 ], [ -85.572826452160754, 38.314716351015676 ], [ -85.572769368890704, 38.314670805351078 ], [ -85.572715892676811, 38.314621074054799 ], [ -85.572666329665111, 38.314567441833574 ], [ -85.572620963598922, 38.314510215726578 ], [ -85.572580054194518, 38.314449723347607 ], [ -85.572543835654173, 38.31438631100955 ], [ -85.572374539617883, 38.31403140695609 ], [ -85.571143835850805, 38.314356310305939 ], [ -85.569193837307154, 38.314867312637645 ], [ -85.568374834959457, 38.315076312400883 ], [ -85.567993835959442, 38.313897310821183 ], [ -85.567893834193711, 38.313566311578313 ], [ -85.567713834493802, 38.313116312028008 ], [ -85.567503834483048, 38.312797310890069 ], [ -85.567393836637009, 38.312627310542702 ], [ -85.567254835859615, 38.312416312467867 ], [ -85.567133835239318, 38.312146310383085 ], [ -85.566013835645833, 38.309246312543593 ], [ -85.565634836164989, 38.308266309627598 ], [ -85.565584836414885, 38.308207309273591 ], [ -85.56543383648075, 38.308137310530718 ], [ -85.565323835961152, 38.308127309328079 ], [ -85.565243834163695, 38.308146310911077 ], [ -85.564073835121704, 38.308377311207934 ], [ -85.562834833427587, 38.308657309492823 ], [ -85.56183483360654, 38.308857311883408 ], [ -85.560393830982434, 38.309156310080184 ], [ -85.560103833834916, 38.309207311508132 ], [ -85.560004831653814, 38.309027311752651 ], [ -85.559353834967737, 38.308117312050804 ], [ -85.558763833056588, 38.307176310512219 ], [ -85.558413831142502, 38.306716309195785 ], [ -85.557823833182169, 38.306247310545693 ], [ -85.556804831945712, 38.305576309046828 ], [ -85.554993833187623, 38.304456311052505 ], [ -85.553304828866104, 38.303406310893131 ], [ -85.552963829329684, 38.303196309312774 ], [ -85.552633831331534, 38.302977310271331 ], [ -85.551843831885222, 38.302457308897523 ], [ -85.55086483029234, 38.301846311165768 ], [ -85.550504831131349, 38.301647310255213 ], [ -85.550184830160063, 38.301477310112617 ], [ -85.549614831340094, 38.301277309196855 ], [ -85.549334828881342, 38.301207310012906 ], [ -85.549074830045328, 38.301126308736499 ], [ -85.548664828895056, 38.301046311223509 ], [ -85.548583828431376, 38.301027311133126 ], [ -85.548133830758545, 38.301007308885168 ], [ -85.547423830667881, 38.301007311016164 ], [ -85.54646482723804, 38.301087309894044 ], [ -85.546134827393885, 38.301117310152613 ], [ -85.544683827653671, 38.301236308904819 ], [ -85.544313827793545, 38.301246311481798 ], [ -85.543913828473649, 38.301197308599562 ], [ -85.543534828471451, 38.301097310730668 ], [ -85.543044827417091, 38.300907308965002 ], [ -85.542823826742691, 38.300796309199477 ], [ -85.542643828540932, 38.300676311228557 ], [ -85.54248382703328, 38.300536311900203 ], [ -85.542343825869295, 38.300397309855093 ], [ -85.542253828183348, 38.300287311407821 ], [ -85.542063828141622, 38.300046309599693 ], [ -85.541883828301309, 38.299716310772816 ], [ -85.541734825347618, 38.299366309283123 ], [ -85.541672838611731, 38.299252811704996 ], [ -85.541718944150944, 38.299240822760062 ], [ -85.542674695800798, 38.298992817040755 ], [ -85.54458065463453, 38.298492555730839 ], [ -85.545959004092452, 38.298126845961917 ], [ -85.54695255354855, 38.29786265309928 ], [ -85.54786302465763, 38.297622257593048 ], [ -85.549183580801284, 38.297274315351117 ], [ -85.550722796242084, 38.296873860151607 ], [ -85.55212201516855, 38.296506413174527 ], [ -85.553269049257395, 38.2961753761764 ], [ -85.553706285157872, 38.296578241117651 ], [ -85.553970179229154, 38.296638811246176 ], [ -85.554324516233876, 38.296662470823946 ], [ -85.554588319293032, 38.29672956296649 ], [ -85.554891842308976, 38.29685706145272 ], [ -85.555132962669603, 38.29671109959326 ], [ -85.555559134499802, 38.296500537570033 ], [ -85.556093549037584, 38.296332769808913 ], [ -85.556598965606014, 38.296249328705926 ], [ -85.557089689606386, 38.296215784661243 ], [ -85.557722380422362, 38.296213038848471 ], [ -85.558182713900067, 38.296285208052794 ], [ -85.558472870556926, 38.296398556016918 ], [ -85.558991690813571, 38.296552915288416 ], [ -85.559509607869813, 38.296610009528266 ], [ -85.559984999195848, 38.296588725896427 ], [ -85.559986423412511, 38.29612846598426 ], [ -85.560100891045636, 38.29545982887155 ], [ -85.560034889717826, 38.295038679840289 ], [ -85.559884781740436, 38.294716024473772 ], [ -85.559525825481373, 38.294195217911081 ], [ -85.559240270275382, 38.293744455469586 ] ] ] } },
{ "type": "Feature", "properties": { "OBJECTID": 11, "ROUTE_NAME": "Hill Street", "ROUTE_TYPE": "Local Route", "ROUTE_NUMBER": 27, "TARC_WEB": "https://www.ridetarc.org/bus_routes/hill-street/", "SHAPELEN": 72668.002001710905 }, "geometry": { "type": "MultiLineString", "coordinates": [ [ [ -85.756893883414691, 38.22573628753603 ], [ -85.75670488262773, 38.226796285883424 ] ], [ [ -85.756903884074845, 38.225706284699257 ], [ -85.756893883414691, 38.22573628753603 ] ], [ [ -85.756964885334824, 38.22548728707217 ], [ -85.756903884074845, 38.225706284699257 ] ], [ [ -85.756964885334824, 38.22548728707217 ], [ -85.757784882773336, 38.225566286821937 ] ], [ [ -85.757784882773336, 38.225566286821937 ], [ -85.758634887058165, 38.225677286661089 ] ], [ [ -85.758634887058165, 38.225677286661089 ], [ -85.760263883291998, 38.225847284315229 ] ], [ [ -85.804503903227399, 38.273966294011075 ], [ -85.804584900230637, 38.274696291617126 ] ], [ [ -85.804444900708404, 38.273436291062076 ], [ -85.804503903227399, 38.273966294011075 ] ], [ [ -85.804434903697768, 38.273336294110578 ], [ -85.804444900708404, 38.273436291062076 ] ], [ [ -85.804413902545278, 38.273127291709699 ], [ -85.804434903697768, 38.273336294110578 ] ], [ [ -85.804394901099784, 38.272976293930626 ], [ -85.804413902545278, 38.273127291709699 ] ], [ [ -85.804324902777807, 38.272403291386809 ], [ -85.804394901099784, 38.272976293930626 ] ], [ [ -85.804363900106893, 38.272186291698638 ], [ -85.804324902777807, 38.272403291386809 ] ], [ [ -85.804404903212742, 38.272057293998543 ], [ -85.804363900106893, 38.272186291698638 ] ], [ [ -85.804543899042329, 38.27178629130303 ], [ -85.804404903212742, 38.272057293998543 ] ], [ [ -85.804614901747712, 38.27166729283622 ], [ -85.804543899042329, 38.27178629130303 ] ], [ [ -85.804743901621109, 38.271446293925266 ], [ -85.804614901747712, 38.27166729283622 ] ], [ [ -85.804804902543239, 38.271286290928749 ], [ -85.804743901621109, 38.271446293925266 ] ], [ [ -85.804833900481739, 38.271176293071562 ], [ -85.804804902543239, 38.271286290928749 ] ], [ [ -85.804884900408425, 38.270986291781703 ], [ -85.804833900481739, 38.271176293071562 ] ], [ [ -85.804953899038239, 38.270597291092812 ], [ -85.804884900408425, 38.270986291781703 ] ], [ [ -85.804993901717353, 38.270337293266273 ], [ -85.804953899038239, 38.270597291092812 ] ], [ [ -85.805034899706243, 38.269726293273145 ], [ -85.804993901717353, 38.270337293266273 ] ], [ [ -85.805074902953251, 38.269597291412786 ], [ -85.805034899706243, 38.269726293273145 ] ], [ [ -85.80516490226529, 38.269476292270291 ], [ -85.805074902953251, 38.269597291412786 ] ], [ [ -85.805223901177683, 38.269417293613408 ], [ -85.80516490226529, 38.269476292270291 ] ], [ [ -85.805384901667665, 38.26930629339904 ], [ -85.805223901177683, 38.269417293613408 ] ], [ [ -85.805643904097195, 38.269147292394102 ], [ -85.805384901667665, 38.26930629339904 ] ], [ [ -85.805773899130713, 38.269036292552478 ], [ -85.805643904097195, 38.269147292394102 ] ], [ [ -85.805874900113309, 38.268916292930314 ], [ -85.805773899130713, 38.269036292552478 ] ], [ [ -85.776004888020879, 38.227536285128068 ], [ -85.776774891811442, 38.227616286115605 ] ], [ [ -85.775163890674477, 38.227446286186044 ], [ -85.776004888020879, 38.227536285128068 ] ], [ [ -85.755084882065489, 38.226606286730267 ], [ -85.75670488262773, 38.226796285883424 ] ], [ [ -85.755333883853126, 38.225307286352866 ], [ -85.755264886155288, 38.225536286870003 ] ], [ [ -85.755264886155288, 38.225536286870003 ], [ -85.755084882065489, 38.226606286730267 ] ], [ [ -85.743123881701706, 38.214597283957396 ], [ -85.74265487865614, 38.214836284688097 ] ], [ [ -85.826544908561686, 38.263076289057224 ], [ -85.825663909174821, 38.26514629050137 ] ], [ [ -85.824414904196928, 38.262556289822804 ], [ -85.825243905868618, 38.262767290289638 ] ], [ [ -85.825243905868618, 38.262767290289638 ], [ -85.825843907011219, 38.262876290257857 ] ], [ [ -85.825843907011219, 38.262876290257857 ], [ -85.826544908561686, 38.263076289057224 ] ], [ [ -85.824514907716548, 38.264837289171467 ], [ -85.825663909174821, 38.26514629050137 ] ], [ [ -85.824313905171223, 38.26478628898262 ], [ -85.824514907716548, 38.264837289171467 ] ], [ [ -85.823593908879289, 38.26458628883487 ], [ -85.824313905171223, 38.26478628898262 ] ], [ [ -85.823244905775624, 38.264496290422869 ], [ -85.823593908879289, 38.26458628883487 ] ], [ [ -85.822444908198563, 38.264277291385362 ], [ -85.823244905775624, 38.264496290422869 ] ], [ [ -85.82211390415209, 38.264187291078237 ], [ -85.822444908198563, 38.264277291385362 ] ], [ [ -85.820824904610575, 38.263857291311673 ], [ -85.82211390415209, 38.264187291078237 ] ], [ [ -85.820544907221205, 38.263786288941041 ], [ -85.820824904610575, 38.263857291311673 ] ], [ [ -85.801233895845257, 38.230547285638984 ], [ -85.80249589798494, 38.23067428590673 ] ], [ [ -85.792863895640238, 38.228876286084557 ], [ -85.795224895428035, 38.229486284664823 ] ], [ [ -85.795224895428035, 38.229486284664823 ], [ -85.797064896233735, 38.229956283778698 ] ], [ [ -85.797064896233735, 38.229956283778698 ], [ -85.79861389444919, 38.230336283550734 ] ], [ [ -85.819964905266303, 38.250306286054787 ], [ -85.820594905571966, 38.250337288070476 ] ], [ [ -85.805874900113309, 38.268916292930314 ], [ -85.805236902684811, 38.268852290616998 ] ], [ [ -85.805236902684811, 38.268852290616998 ], [ -85.80516490226529, 38.269476292270291 ] ], [ [ -85.805533901969653, 38.274627293510576 ], [ -85.804584900230637, 38.274696291617126 ] ], [ [ -85.806334900375788, 38.274576291470197 ], [ -85.805533901969653, 38.274627293510576 ] ], [ [ -85.80817490426216, 38.274447292361636 ], [ -85.806334900375788, 38.274576291470197 ] ], [ [ -85.808553903696733, 38.27441629376748 ], [ -85.80817490426216, 38.274447292361636 ] ], [ [ -85.808703900928634, 38.274406293741222 ], [ -85.808553903696733, 38.27441629376748 ] ], [ [ -85.808844900993833, 38.2743962934181 ], [ -85.808703900928634, 38.274406293741222 ] ], [ [ -85.808994902175797, 38.274387291964757 ], [ -85.808844900993833, 38.2743962934181 ] ], [ [ -85.809294905137918, 38.274367293903069 ], [ -85.808994902175797, 38.274387291964757 ] ], [ [ -85.809723901734458, 38.274336293610943 ], [ -85.809294905137918, 38.274367293903069 ] ], [ [ -85.809993903717228, 38.27431629261897 ], [ -85.809723901734458, 38.274336293610943 ] ], [ [ -85.81176390645895, 38.274197292979288 ], [ -85.809993903717228, 38.27431629261897 ] ], [ [ -85.812873903633076, 38.274126292155792 ], [ -85.81176390645895, 38.274197292979288 ] ], [ [ -85.813463904792684, 38.274076292140734 ], [ -85.812873903633076, 38.274126292155792 ] ], [ [ -85.813743903702161, 38.274056292854368 ], [ -85.813463904792684, 38.274076292140734 ] ], [ [ -85.814083903355694, 38.274017291314294 ], [ -85.813743903702161, 38.274056292854368 ] ], [ [ -85.814394904563869, 38.273956293971388 ], [ -85.814083903355694, 38.274017291314294 ] ], [ [ -85.814704905678411, 38.273866293518076 ], [ -85.814394904563869, 38.273956293971388 ] ], [ [ -85.814961906567717, 38.273782292459913 ], [ -85.814704905678411, 38.273866293518076 ] ], [ [ -85.815353906153618, 38.273596293529806 ], [ -85.814961906567717, 38.273782292459913 ] ], [ [ -85.815594904471681, 38.273477293239715 ], [ -85.815353906153618, 38.273596293529806 ] ], [ [ -85.816263904413844, 38.273097291231302 ], [ -85.815594904471681, 38.273477293239715 ] ], [ [ -85.817743905242594, 38.272237292571631 ], [ -85.816263904413844, 38.273097291231302 ] ], [ [ -85.818152904129263, 38.271997291710079 ], [ -85.817743905242594, 38.272237292571631 ] ], [ [ -85.81804390393647, 38.271957291058087 ], [ -85.818152904129263, 38.271997291710079 ] ], [ [ -85.817714906083182, 38.271857291913889 ], [ -85.81804390393647, 38.271957291058087 ] ], [ [ -85.817153907125501, 38.271716290318523 ], [ -85.817714906083182, 38.271857291913889 ] ], [ [ -85.816684903301194, 38.271597290318823 ], [ -85.817153907125501, 38.271716290318523 ] ], [ [ -85.816494905467152, 38.271567293379164 ], [ -85.816684903301194, 38.271597290318823 ] ], [ [ -85.816494905467152, 38.271567293379164 ], [ -85.816284902944659, 38.271577290979415 ] ], [ [ -85.816284902944659, 38.271577290979415 ], [ -85.815993905564838, 38.271597292880116 ] ], [ [ -85.815993905564838, 38.271597292880116 ], [ -85.814853904402568, 38.271677291157722 ] ], [ [ -85.814853904402568, 38.271677291157722 ], [ -85.814713903176752, 38.271687292304925 ] ], [ [ -85.814713903176752, 38.271687292304925 ], [ -85.813323906738702, 38.271796292255459 ] ], [ [ -85.813323906738702, 38.271796292255459 ], [ -85.811504905659234, 38.271927293329647 ] ], [ [ -85.811504905659234, 38.271927293329647 ], [ -85.810644903027153, 38.271976290734678 ] ], [ [ -85.810644903027153, 38.271976290734678 ], [ -85.809733902302497, 38.272037291564651 ] ], [ [ -85.809733902302497, 38.272037291564651 ], [ -85.809503901007673, 38.272047293342752 ] ], [ [ -85.809503901007673, 38.272047293342752 ], [ -85.80896390076029, 38.272086293617697 ] ], [ [ -85.80896390076029, 38.272086293617697 ], [ -85.808769900528233, 38.272093293706291 ] ], [ [ -85.808769900528233, 38.272093293706291 ], [ -85.808653904090988, 38.272107292841845 ] ], [ [ -85.808653904090988, 38.272107292841845 ], [ -85.808394901275449, 38.272127291740127 ] ], [ [ -85.808394901275449, 38.272127291740127 ], [ -85.808224903125947, 38.272137290440412 ] ], [ [ -85.808224903125947, 38.272137290440412 ], [ -85.807914903623498, 38.27216629347042 ] ], [ [ -85.807914903623498, 38.27216629347042 ], [ -85.80663390225547, 38.272246292647523 ] ], [ [ -85.80663390225547, 38.272246292647523 ], [ -85.806054902037019, 38.272287292439735 ] ], [ [ -85.806054902037019, 38.272287292439735 ], [ -85.805124904056441, 38.272346292550495 ] ], [ [ -85.805124904056441, 38.272346292550495 ], [ -85.804324902777807, 38.272403291386809 ] ], [ [ -85.817534903121725, 38.270746290183872 ], [ -85.817153907125501, 38.271716290318523 ] ], [ [ -85.817793906269998, 38.270176290936178 ], [ -85.817534903121725, 38.270746290183872 ] ], [ [ -85.817994905594716, 38.269736291073883 ], [ -85.817793906269998, 38.270176290936178 ] ], [ [ -85.818204905997192, 38.269356292081959 ], [ -85.817994905594716, 38.269736291073883 ] ], [ [ -85.818553903732635, 38.268496292032324 ], [ -85.818204905997192, 38.269356292081959 ] ], [ [ -85.819115905759858, 38.267142291109039 ], [ -85.818553903732635, 38.268496292032324 ] ], [ [ -85.819834905014886, 38.26552628877343 ], [ -85.819115905759858, 38.267142291109039 ] ], [ [ -85.820544907221205, 38.263786288941041 ], [ -85.819834905014886, 38.26552628877343 ] ], [ [ -85.82060490764313, 38.261536288798141 ], [ -85.82164790771894, 38.261849287633908 ] ], [ [ -85.819683905629844, 38.261217288317191 ], [ -85.82060490764313, 38.261536288798141 ] ], [ [ -85.818543907260121, 38.260797291016132 ], [ -85.819683905629844, 38.261217288317191 ] ], [ [ -85.817603903487623, 38.260466290876892 ], [ -85.818543907260121, 38.260797291016132 ] ], [ [ -85.817984904515399, 38.259617290158594 ], [ -85.817603903487623, 38.260466290876892 ] ], [ [ -85.818223905379654, 38.259226289596981 ], [ -85.817984904515399, 38.259617290158594 ] ], [ [ -85.818354904553757, 38.258987289626468 ], [ -85.818223905379654, 38.259226289596981 ] ], [ [ -85.81857490515732, 38.257926287341334 ], [ -85.818354904553757, 38.258987289626468 ] ], [ [ -85.818794904657636, 38.256807287287515 ], [ -85.81857490515732, 38.257926287341334 ] ], [ [ -85.819024902657333, 38.255766287449987 ], [ -85.818794904657636, 38.256807287287515 ] ], [ [ -85.819443902441662, 38.253297288186445 ], [ -85.819024902657333, 38.255766287449987 ] ], [ [ -85.819964905266303, 38.250306286054787 ], [ -85.819443902441662, 38.253297288186445 ] ], [ [ -85.820865903057623, 38.246902286747762 ], [ -85.820594905571966, 38.250337288070476 ] ], [ [ -85.81948390258988, 38.24678628736892 ], [ -85.820865903057623, 38.246902286747762 ] ], [ [ -85.81821490608813, 38.246676286288469 ], [ -85.81948390258988, 38.24678628736892 ] ], [ [ -85.81694490119699, 38.246557287091676 ], [ -85.81821490608813, 38.246676286288469 ] ], [ [ -85.816603904556501, 38.246526285738682 ], [ -85.81694490119699, 38.246557287091676 ] ], [ [ -85.815684904718594, 38.246457285828512 ], [ -85.816603904556501, 38.246526285738682 ] ], [ [ -85.815253900632271, 38.246416285339166 ], [ -85.815684904718594, 38.246457285828512 ] ], [ [ -85.814053902558271, 38.246307288370886 ], [ -85.815253900632271, 38.246416285339166 ] ], [ [ -85.813503905001653, 38.24623628799317 ], [ -85.814053902558271, 38.246307288370886 ] ], [ [ -85.812984903939991, 38.246197288045401 ], [ -85.813503905001653, 38.24623628799317 ] ], [ [ -85.812404900586088, 38.246166287232583 ], [ -85.812984903939991, 38.246197288045401 ] ], [ [ -85.811874902921829, 38.246117288397251 ], [ -85.812404900586088, 38.246166287232583 ] ], [ [ -85.811244899821901, 38.246056286961846 ], [ -85.811874902921829, 38.246117288397251 ] ], [ [ -85.810993900506858, 38.246027286242715 ], [ -85.811244899821901, 38.246056286961846 ] ], [ [ -85.810763900007842, 38.245986287505502 ], [ -85.810993900506858, 38.246027286242715 ] ], [ [ -85.810704900158768, 38.245976286088457 ], [ -85.810763900007842, 38.245986287505502 ] ], [ [ -85.809974902785683, 38.24591728701585 ], [ -85.810704900158768, 38.245976286088457 ] ], [ [ -85.809093900839741, 38.24585728531585 ], [ -85.809974902785683, 38.24591728701585 ] ], [ [ -85.808823902083958, 38.245827287425747 ], [ -85.809093900839741, 38.24585728531585 ] ], [ [ -85.809133901506613, 38.245596286024195 ], [ -85.809093900839741, 38.24585728531585 ] ], [ [ -85.809143900805424, 38.24537728837619 ], [ -85.809133901506613, 38.245596286024195 ] ], [ [ -85.809193902039553, 38.245197287654641 ], [ -85.809143900805424, 38.24537728837619 ] ], [ [ -85.80929790125623, 38.244495288603453 ], [ -85.809193902039553, 38.245197287654641 ] ], [ [ -85.80941389965426, 38.243926288441855 ], [ -85.80929790125623, 38.244495288603453 ] ], [ [ -85.809553900626128, 38.243157286960383 ], [ -85.80941389965426, 38.243926288441855 ] ], [ [ -85.809804901286071, 38.24171728802839 ], [ -85.809553900626128, 38.243157286960383 ] ], [ [ -85.809934901600201, 38.240987287854715 ], [ -85.809804901286071, 38.24171728802839 ] ], [ [ -85.810039902036308, 38.240345286629363 ], [ -85.809934901600201, 38.240987287854715 ] ], [ [ -85.808953903194222, 38.245657286936748 ], [ -85.808823902083958, 38.245827287425747 ] ], [ [ -85.809143900805424, 38.24537728837619 ], [ -85.808953903194222, 38.245657286936748 ] ], [ [ -85.810284901461785, 38.239017285550787 ], [ -85.810039902036308, 38.240345286629363 ] ], [ [ -85.810403902156779, 38.2383162859092 ], [ -85.810284901461785, 38.239017285550787 ] ], [ [ -85.810434899062514, 38.238156285021333 ], [ -85.810403902156779, 38.2383162859092 ] ], [ [ -85.81053390223606, 38.237637285382242 ], [ -85.810434899062514, 38.238156285021333 ] ], [ [ -85.810623902627398, 38.237056285705016 ], [ -85.81053390223606, 38.237637285382242 ] ], [ [ -85.810663900167341, 38.236816285252637 ], [ -85.810623902627398, 38.237056285705016 ] ], [ [ -85.810744900332523, 38.236366285613578 ], [ -85.810663900167341, 38.236816285252637 ] ], [ [ -85.810853899476996, 38.235726286091712 ], [ -85.810744900332523, 38.236366285613578 ] ], [ [ -85.810983900285848, 38.234996284015594 ], [ -85.810853899476996, 38.235726286091712 ] ], [ [ -85.811043900888421, 38.234687283709782 ], [ -85.810983900285848, 38.234996284015594 ] ], [ [ -85.811213901757782, 38.23369728323356 ], [ -85.811043900888421, 38.234687283709782 ] ], [ [ -85.811263901099096, 38.233427284980337 ], [ -85.811213901757782, 38.23369728323356 ] ], [ [ -85.811433901299239, 38.232906284303056 ], [ -85.811263901099096, 38.233427284980337 ] ], [ [ -85.811533901163529, 38.23236628404657 ], [ -85.811433901299239, 38.232906284303056 ] ], [ [ -85.810723898982175, 38.232296284029509 ], [ -85.811533901163529, 38.23236628404657 ] ], [ [ -85.81023390008518, 38.232237286439258 ], [ -85.810723898982175, 38.232296284029509 ] ], [ [ -85.809744900679519, 38.232186286088613 ], [ -85.81023390008518, 38.232237286439258 ] ], [ [ -85.8092439004526, 38.232157284749242 ], [ -85.809744900679519, 38.232186286088613 ] ], [ [ -85.808304902115097, 38.232096285744134 ], [ -85.8092439004526, 38.232157284749242 ] ], [ [ -85.80710489999467, 38.232067285109437 ], [ -85.808304902115097, 38.232096285744134 ] ], [ [ -85.806450900752026, 38.232051284002523 ], [ -85.80710489999467, 38.232067285109437 ] ], [ [ -85.805913899435538, 38.232026284306492 ], [ -85.806450900752026, 38.232051284002523 ] ], [ [ -85.805114896604152, 38.232006286006282 ], [ -85.805913899435538, 38.232026284306492 ] ], [ [ -85.803623897130151, 38.231969284655293 ], [ -85.805114896604152, 38.232006286006282 ] ], [ [ -85.802313897171729, 38.231936284604743 ], [ -85.803623897130151, 38.231969284655293 ] ], [ [ -85.802353895837726, 38.231656285848622 ], [ -85.802313897171729, 38.231936284604743 ] ], [ [ -85.80249589798494, 38.23067428590673 ], [ -85.802353895837726, 38.231656285848622 ] ], [ [ -85.800614897311021, 38.230516286017483 ], [ -85.801233895845257, 38.230547285638984 ] ], [ [ -85.79990389500685, 38.230451285322729 ], [ -85.800614897311021, 38.230516286017483 ] ], [ [ -85.79861389444919, 38.230336283550734 ], [ -85.79990389500685, 38.230451285322729 ] ], [ [ -85.791164894337584, 38.228467283690705 ], [ -85.792863895640238, 38.228876286084557 ] ], [ [ -85.790844893698846, 38.228397285951289 ], [ -85.791164894337584, 38.228467283690705 ] ], [ [ -85.79064389638468, 38.228367283777779 ], [ -85.790844893698846, 38.228397285951289 ] ], [ [ -85.79047389315042, 38.228387285862112 ], [ -85.79064389638468, 38.228367283777779 ] ], [ [ -85.790283893154026, 38.228397283419902 ], [ -85.79047389315042, 38.228387285862112 ] ], [ [ -85.790053892675971, 38.228377285545768 ], [ -85.790283893154026, 38.228397283419902 ] ], [ [ -85.789364892086311, 38.228326284198118 ], [ -85.790053892675971, 38.228377285545768 ] ], [ [ -85.78739189215527, 38.228181283714832 ], [ -85.789364892086311, 38.228326284198118 ] ], [ [ -85.784763893971473, 38.228017284846757 ], [ -85.78739189215527, 38.228181283714832 ] ], [ [ -85.784763893971473, 38.228017284846757 ], [ -85.784563891038232, 38.228017284131262 ] ], [ [ -85.784563891038232, 38.228017284131262 ], [ -85.78396489299196, 38.228056286034494 ] ], [ [ -85.78396489299196, 38.228056286034494 ], [ -85.783003891015952, 38.228127286308855 ] ], [ [ -85.783003891015952, 38.228127286308855 ], [ -85.782744891845027, 38.228146286282325 ] ], [ [ -85.782744891845027, 38.228146286282325 ], [ -85.782373890654128, 38.228187285038594 ] ], [ [ -85.782373890654128, 38.228187285038594 ], [ -85.782114890830158, 38.228187285447966 ] ], [ [ -85.782114890830158, 38.228187285447966 ], [ -85.78184489011565, 38.228166285831229 ] ], [ [ -85.78014489107936, 38.227976285504454 ], [ -85.78184489011565, 38.228166285831229 ] ], [ [ -85.778823892303137, 38.227837286910237 ], [ -85.78014489107936, 38.227976285504454 ] ], [ [ -85.77858389101975, 38.227806284878305 ], [ -85.778823892303137, 38.227837286910237 ] ], [ [ -85.778403892255312, 38.227786285760104 ], [ -85.77858389101975, 38.227806284878305 ] ], [ [ -85.776774891811442, 38.227616286115605 ], [ -85.778403892255312, 38.227786285760104 ] ], [ [ -85.7739638900361, 38.227317286539162 ], [ -85.775163890674477, 38.227446286186044 ] ], [ [ -85.773354888700396, 38.227256286195654 ], [ -85.7739638900361, 38.227317286539162 ] ], [ [ -85.773074891132509, 38.227227284668373 ], [ -85.773354888700396, 38.227256286195654 ] ], [ [ -85.772934891035618, 38.227217284314861 ], [ -85.773074891132509, 38.227227284668373 ] ], [ [ -85.772383887487052, 38.22717628506858 ], [ -85.772934891035618, 38.227217284314861 ] ], [ [ -85.771833888289024, 38.227137285300465 ], [ -85.772383887487052, 38.22717628506858 ] ], [ [ -85.77025388897296, 38.226966285119538 ], [ -85.771833888289024, 38.227137285300465 ] ], [ [ -85.769003889516043, 38.226826285700149 ], [ -85.77025388897296, 38.226966285119538 ] ], [ [ -85.768704890119622, 38.226767286681401 ], [ -85.769003889516043, 38.226826285700149 ] ], [ [ -85.767054887880491, 38.22656728705001 ], [ -85.768704890119622, 38.226767286681401 ] ], [ [ -85.766843889026219, 38.22653628580067 ], [ -85.767054887880491, 38.22656728705001 ] ], [ [ -85.766573884925862, 38.226507286532332 ], [ -85.766843889026219, 38.22653628580067 ] ], [ [ -85.766094885400378, 38.226456286767949 ], [ -85.766573884925862, 38.226507286532332 ] ], [ [ -85.765194888939135, 38.226366285576972 ], [ -85.766094885400378, 38.226456286767949 ] ], [ [ -85.764403888570854, 38.226286285227779 ], [ -85.765194888939135, 38.226366285576972 ] ], [ [ -85.763544887962269, 38.226186285166008 ], [ -85.764403888570854, 38.226286285227779 ] ], [ [ -85.761893886003548, 38.226006284802438 ], [ -85.763544887962269, 38.226186285166008 ] ], [ [ -85.760263883291998, 38.225847284315229 ], [ -85.761893886003548, 38.226006284802438 ] ], [ [ -85.755333883853126, 38.225307286352866 ], [ -85.756964885334824, 38.22548728707217 ] ], [ [ -85.754814885686514, 38.225256285922526 ], [ -85.755333883853126, 38.225307286352866 ] ], [ [ -85.754323884212468, 38.225217284596738 ], [ -85.754814885686514, 38.225256285922526 ] ], [ [ -85.754243884361316, 38.225196285984147 ], [ -85.754323884212468, 38.225217284596738 ] ], [ [ -85.753764881187024, 38.22497728450076 ], [ -85.754243884361316, 38.225196285984147 ] ], [ [ -85.753663881202968, 38.224926287450771 ], [ -85.753764881187024, 38.22497728450076 ] ], [ [ -85.753573882637752, 38.224916285960262 ], [ -85.753663881202968, 38.224926287450771 ] ], [ [ -85.753314882354886, 38.22489628736264 ], [ -85.753573882637752, 38.224916285960262 ] ], [ [ -85.753314882354886, 38.22489628736264 ], [ -85.75315388400557, 38.224906287098328 ] ], [ [ -85.75315388400557, 38.224906287098328 ], [ -85.752993883796307, 38.224947287247225 ] ], [ [ -85.752993883796307, 38.224947287247225 ], [ -85.752843882278057, 38.225026285072509 ] ], [ [ -85.752843882278057, 38.225026285072509 ], [ -85.752583884257305, 38.225217284815031 ] ], [ [ -85.752583884257305, 38.225217284815031 ], [ -85.752273884320758, 38.225446284986674 ] ], [ [ -85.752273884320758, 38.225446284986674 ], [ -85.75202488255762, 38.225587284875431 ] ], [ [ -85.75202488255762, 38.225587284875431 ], [ -85.751773883444741, 38.225687285885684 ] ], [ [ -85.751773883444741, 38.225687285885684 ], [ -85.751533885211074, 38.225787285614672 ] ], [ [ -85.751533885211074, 38.225787285614672 ], [ -85.751394884420165, 38.225836286917108 ] ], [ [ -85.751394884420165, 38.225836286917108 ], [ -85.75097488256398, 38.225967286098829 ] ], [ [ -85.750754883187057, 38.225116286013645 ], [ -85.75097488256398, 38.225967286098829 ] ], [ [ -85.750434880414346, 38.22390728618857 ], [ -85.750754883187057, 38.225116286013645 ] ], [ [ -85.750304880860043, 38.223427286791505 ], [ -85.750434880414346, 38.22390728618857 ] ], [ [ -85.750193882400922, 38.223006285894584 ], [ -85.750304880860043, 38.223427286791505 ] ], [ [ -85.749984879738307, 38.222226284532418 ], [ -85.750193882400922, 38.223006285894584 ] ], [ [ -85.74990488120639, 38.221997286019565 ], [ -85.749984879738307, 38.222226284532418 ] ], [ [ -85.74981488059683, 38.221817284322135 ], [ -85.74990488120639, 38.221997286019565 ] ], [ [ -85.749544882254625, 38.221467286970288 ], [ -85.74981488059683, 38.221817284322135 ] ], [ [ -85.749174882812142, 38.221066285643474 ], [ -85.749544882254625, 38.221467286970288 ] ], [ [ -85.749044881210608, 38.220936283356366 ], [ -85.749174882812142, 38.221066285643474 ] ], [ [ -85.748853880849467, 38.220747285760218 ], [ -85.749044881210608, 38.220936283356366 ] ], [ [ -85.748665880370524, 38.220542286026962 ], [ -85.748853880849467, 38.220747285760218 ] ], [ [ -85.748364879334915, 38.220226285967087 ], [ -85.748665880370524, 38.220542286026962 ] ], [ [ -85.747943879106572, 38.219776284363263 ], [ -85.748364879334915, 38.220226285967087 ] ], [ [ -85.747794881241802, 38.219606286605249 ], [ -85.747943879106572, 38.219776284363263 ] ], [ [ -85.747493882602328, 38.219287283921204 ], [ -85.747794881241802, 38.219606286605249 ] ], [ [ -85.747033881796142, 38.218796285083876 ], [ -85.747493882602328, 38.219287283921204 ] ], [ [ -85.745934882603592, 38.217616286183535 ], [ -85.747033881796142, 38.218796285083876 ] ], [ [ -85.745854881594028, 38.217516285843331 ], [ -85.745934882603592, 38.217616286183535 ] ], [ [ -85.745323881889149, 38.216957283624637 ], [ -85.745854881594028, 38.217516285843331 ] ], [ [ -85.744483878492602, 38.216067283875581 ], [ -85.745323881889149, 38.216957283624637 ] ], [ [ -85.743933881939824, 38.215456282642144 ], [ -85.744483878492602, 38.216067283875581 ] ], [ [ -85.743874880965933, 38.215396284419974 ], [ -85.743933881939824, 38.215456282642144 ] ], [ [ -85.743564878648812, 38.215067283911324 ], [ -85.743874880965933, 38.215396284419974 ] ], [ [ -85.743123881701706, 38.214597283957396 ], [ -85.743564878648812, 38.215067283911324 ] ], [ [ -85.74265487865614, 38.214836284688097 ], [ -85.742283879652192, 38.215036285152237 ] ], [ [ -85.742283879652192, 38.215036285152237 ], [ -85.741593879141774, 38.215417285988877 ] ], [ [ -85.741593879141774, 38.215417285988877 ], [ -85.740464880592185, 38.216038284916948 ] ], [ [ -85.740464880592185, 38.216038284916948 ], [ -85.738474878907084, 38.217106285922711 ] ], [ [ -85.738474878907084, 38.217106285922711 ], [ -85.73749387975073, 38.217646286327302 ] ], [ [ -85.745854881594028, 38.217516285843331 ], [ -85.745473880260363, 38.217677285190554 ] ], [ [ -85.745473880260363, 38.217677285190554 ], [ -85.745274879100535, 38.217757285635884 ] ], [ [ -85.745274879100535, 38.217757285635884 ], [ -85.743983880477145, 38.218297284534678 ] ], [ [ -85.743943880777493, 38.217916283546458 ], [ -85.743983880477145, 38.218297284534678 ] ], [ [ -85.743914879571847, 38.217606283238183 ], [ -85.743943880777493, 38.217916283546458 ] ], [ [ -85.743843880184315, 38.217237285786489 ], [ -85.743914879571847, 38.217606283238183 ] ], [ [ -85.743774879817479, 38.216947286265118 ], [ -85.743843880184315, 38.217237285786489 ] ], [ [ -85.743694878655432, 38.216716285751332 ], [ -85.743774879817479, 38.216947286265118 ] ], [ [ -85.743583878072343, 38.216417283304111 ], [ -85.743694878655432, 38.216716285751332 ] ], [ [ -85.743493880696406, 38.216217283262935 ], [ -85.743583878072343, 38.216417283304111 ] ], [ [ -85.743433878043319, 38.216096283441679 ], [ -85.743493880696406, 38.216217283262935 ] ], [ [ -85.743273877547395, 38.215806284029881 ], [ -85.743433878043319, 38.216096283441679 ] ], [ [ -85.743244878960809, 38.215746286187247 ], [ -85.743273877547395, 38.215806284029881 ] ], [ [ -85.742733880841897, 38.214957285676306 ], [ -85.743244878960809, 38.215746286187247 ] ], [ [ -85.74265487865614, 38.214836284688097 ], [ -85.742733880841897, 38.214957285676306 ] ], [ [ -85.73749387975073, 38.217646286327302 ], [ -85.736953878595997, 38.217937285125977 ] ], [ [ -85.736953878595997, 38.217937285125977 ], [ -85.735764875275507, 38.218587285949525 ] ], [ [ -85.735764875275507, 38.218587285949525 ], [ -85.735253878532177, 38.218886287398121 ] ], [ [ -85.735253878532177, 38.218886287398121 ], [ -85.73479387484926, 38.219236286936635 ] ], [ [ -85.73479387484926, 38.219236286936635 ], [ -85.734403877494358, 38.219557285336542 ] ], [ [ -85.734403877494358, 38.219557285336542 ], [ -85.734043874792704, 38.219866287362962 ] ], [ [ -85.734043874792704, 38.219866287362962 ], [ -85.733694875780571, 38.220216285586737 ] ], [ [ -85.733694875780571, 38.220216285586737 ], [ -85.733173878171939, 38.220747284240112 ] ], [ [ -85.733173878171939, 38.220747284240112 ], [ -85.731343876921059, 38.222576285043189 ] ], [ [ -85.731343876921059, 38.222576285043189 ], [ -85.730893876861685, 38.223026287964672 ] ], [ [ -85.730893876861685, 38.223026287964672 ], [ -85.730594875238495, 38.22337628761008 ] ], [ [ -85.730594875238495, 38.22337628761008 ], [ -85.730493875502262, 38.223496287115964 ] ], [ [ -85.730493875502262, 38.223496287115964 ], [ -85.73040387789996, 38.223656285192178 ] ], [ [ -85.73040387789996, 38.223656285192178 ], [ -85.730194877438436, 38.224026286040399 ] ], [ [ -85.729893874318378, 38.22369728677495 ], [ -85.730194877438436, 38.224026286040399 ] ], [ [ -85.730023876084772, 38.223727287241779 ], [ -85.729893874318378, 38.22369728677495 ] ], [ [ -85.730163876335681, 38.223727287178335 ], [ -85.730023876084772, 38.223727287241779 ] ], [ [ -85.730293874238527, 38.223697286111168 ], [ -85.730163876335681, 38.223727287178335 ] ], [ [ -85.73040387789996, 38.223656285192178 ], [ -85.730293874238527, 38.223697286111168 ] ], [ [ -85.729744875894269, 38.223546285089256 ], [ -85.729893874318378, 38.22369728677495 ] ], [ [ -85.729543877192341, 38.223306287051919 ], [ -85.729744875894269, 38.223546285089256 ] ], [ [ -85.729493874293198, 38.223226287369592 ], [ -85.729543877192341, 38.223306287051919 ] ], [ [ -85.729384875656351, 38.223046288185841 ], [ -85.729493874293198, 38.223226287369592 ] ], [ [ -85.729273876469492, 38.222797287721647 ], [ -85.729384875656351, 38.223046288185841 ] ], [ [ -85.729213876807052, 38.222547287380671 ], [ -85.729273876469492, 38.222797287721647 ] ], [ [ -85.729173876279347, 38.222267287014674 ], [ -85.729213876807052, 38.222547287380671 ] ], [ [ -85.729154875669039, 38.221447287074163 ], [ -85.729173876279347, 38.222267287014674 ] ], [ [ -85.729154877885875, 38.221007287907192 ], [ -85.729154875669039, 38.221447287074163 ] ], [ [ -85.729123874888842, 38.22067628671531 ], [ -85.729154877885875, 38.221007287907192 ] ], [ [ -85.729064876392997, 38.220387285453405 ], [ -85.729123874888842, 38.22067628671531 ] ], [ [ -85.728974876992609, 38.220136284998794 ], [ -85.729064876392997, 38.220387285453405 ] ], [ [ -85.728874876086337, 38.219927286434817 ], [ -85.728974876992609, 38.220136284998794 ] ], [ [ -85.728683876645945, 38.219647286482939 ], [ -85.728874876086337, 38.219927286434817 ] ], [ [ -85.72843487680251, 38.219346286710049 ], [ -85.728683876645945, 38.219647286482939 ] ], [ [ -85.728223874450023, 38.219117285382509 ], [ -85.72843487680251, 38.219346286710049 ] ], [ [ -85.727450876324895, 38.218360284973102 ], [ -85.728223874450023, 38.219117285382509 ] ], [ [ -85.726824873490372, 38.21772628713115 ], [ -85.727450876324895, 38.218360284973102 ] ], [ [ -85.726713874786512, 38.217616284881977 ], [ -85.726824873490372, 38.21772628713115 ] ], [ [ -85.726554877250891, 38.217466284604726 ], [ -85.726713874786512, 38.217616284881977 ] ], [ [ -85.726284875643216, 38.217196284759417 ], [ -85.726554877250891, 38.217466284604726 ] ], [ [ -85.725443874046476, 38.216366285019681 ], [ -85.726284875643216, 38.217196284759417 ] ], [ [ -85.724173875396929, 38.215106285239564 ], [ -85.725443874046476, 38.216366285019681 ] ], [ [ -85.723894874734199, 38.21481628339744 ], [ -85.724173875396929, 38.215106285239564 ] ], [ [ -85.723044873916066, 38.213977286600041 ], [ -85.723894874734199, 38.21481628339744 ] ], [ [ -85.72245487167487, 38.213386283280627 ], [ -85.723044873916066, 38.213977286600041 ] ], [ [ -85.7221938717814, 38.213137287133826 ], [ -85.72245487167487, 38.213386283280627 ] ], [ [ -85.721964875487657, 38.212897286297562 ], [ -85.7221938717814, 38.213137287133826 ] ], [ [ -85.721853873296169, 38.21277628383941 ], [ -85.721964875487657, 38.212897286297562 ] ], [ [ -85.721443874449577, 38.212406285389172 ], [ -85.721853873296169, 38.21277628383941 ] ], [ [ -85.721343872203974, 38.21230628395891 ], [ -85.721443874449577, 38.212406285389172 ] ], [ [ -85.72115487294198, 38.212146283735386 ], [ -85.721343872203974, 38.21230628395891 ] ], [ [ -85.720953870811883, 38.211997286052856 ], [ -85.72115487294198, 38.212146283735386 ] ], [ [ -85.720914871387791, 38.211966283537912 ], [ -85.720953870811883, 38.211997286052856 ] ], [ [ -85.720644872914448, 38.21179628337714 ], [ -85.720914871387791, 38.211966283537912 ] ], [ [ -85.720313872949973, 38.211647284864966 ], [ -85.720644872914448, 38.21179628337714 ] ], [ [ -85.719974873629894, 38.211526285820646 ], [ -85.720313872949973, 38.211647284864966 ] ], [ [ -85.719646874255474, 38.211448285863149 ], [ -85.719974873629894, 38.211526285820646 ] ], [ [ -85.719646874255474, 38.211448285863149 ], [ -85.717764870840469, 38.213277285940322 ] ], [ [ -85.717764870840469, 38.213277285940322 ], [ -85.718084873543305, 38.213566285214974 ] ], [ [ -85.718084873543305, 38.213566285214974 ], [ -85.718214872187232, 38.21365628609378 ] ], [ [ -85.718214872187232, 38.21365628609378 ], [ -85.718373871527078, 38.21374628592271 ] ], [ [ -85.718373871527078, 38.21374628592271 ], [ -85.718574871805515, 38.213817284396512 ] ], [ [ -85.718574871805515, 38.213817284396512 ], [ -85.71876487429796, 38.213856284999586 ] ], [ [ -85.71876487429796, 38.213856284999586 ], [ -85.71915387172443, 38.213907285187965 ] ], [ [ -85.71915387172443, 38.213907285187965 ], [ -85.720123872973957, 38.213997285745627 ] ], [ [ -85.720123872973957, 38.213997285745627 ], [ -85.720583873197043, 38.214046284969669 ] ], [ [ -85.720583873197043, 38.214046284969669 ], [ -85.721263874729431, 38.214126286598692 ] ], [ [ -85.721263874729431, 38.214126286598692 ], [ -85.72148387118655, 38.214157287024506 ] ], [ [ -85.72148387118655, 38.214157287024506 ], [ -85.721914874783224, 38.214196285879289 ] ], [ [ -85.721914874783224, 38.214196285879289 ], [ -85.722054874388377, 38.214216285434588 ] ], [ [ -85.722414873454099, 38.214216286860008 ], [ -85.722054874388377, 38.214216285434588 ] ], [ [ -85.72257387100187, 38.214186285417014 ], [ -85.722414873454099, 38.214216286860008 ] ], [ [ -85.722733874667924, 38.214126284163626 ], [ -85.72257387100187, 38.214186285417014 ] ], [ [ -85.72277487506669, 38.214106284831892 ], [ -85.722733874667924, 38.214126284163626 ] ], [ [ -85.723044873916066, 38.213977286600041 ], [ -85.72277487506669, 38.214106284831892 ] ], [ [ -85.822934907884957, 38.262176290708382 ], [ -85.824414904196928, 38.262556289822804 ] ], [ [ -85.82164790771894, 38.261849287633908 ], [ -85.822934907884957, 38.262176290708382 ] ] ] } },
{ "type": "Feature", "properties": { "OBJECTID": 12, "ROUTE_NAME": "Preston", "ROUTE_TYPE": "High Frequency", "ROUTE_NUMBER": 28, "TARC_WEB": "https://www.ridetarc.org/bus_routes/preston/", "SHAPELEN": 130197.833405809 }, "geometry": { "type": "MultiLineString", "coordinates": [ [ [ -85.744803882378221, 38.249756290102262 ], [ -85.744681882029923, 38.250452291310445 ] ], [ [ -85.758293887778834, 38.255426291223451 ], [ -85.758404886566169, 38.255446293199633 ] ], [ [ -85.758013885479855, 38.255387289932258 ], [ -85.758293887778834, 38.255426291223451 ] ], [ [ -85.756805884126919, 38.255226292341206 ], [ -85.758013885479855, 38.255387289932258 ] ], [ [ -85.755643884709443, 38.255107292409178 ], [ -85.756805884126919, 38.255226292341206 ] ], [ [ -85.755164883614185, 38.255056290271767 ], [ -85.755643884709443, 38.255107292409178 ] ], [ [ -85.754214884331418, 38.25494729053478 ], [ -85.755164883614185, 38.255056290271767 ] ], [ [ -85.753833883991533, 38.254906291198211 ], [ -85.754214884331418, 38.25494729053478 ] ], [ [ -85.753544884544667, 38.254886290125064 ], [ -85.753833883991533, 38.254906291198211 ] ], [ [ -85.752154885988119, 38.254737292397095 ], [ -85.753544884544667, 38.254886290125064 ] ], [ [ -85.751823887255654, 38.254706292484727 ], [ -85.752154885988119, 38.254737292397095 ] ], [ [ -85.756893883414691, 38.22573628753603 ], [ -85.75670488262773, 38.226796285883424 ] ], [ [ -85.756903884074845, 38.225706284699257 ], [ -85.756893883414691, 38.22573628753603 ] ], [ [ -85.756964885334824, 38.22548728707217 ], [ -85.756903884074845, 38.225706284699257 ] ], [ [ -85.75632388354289, 38.219946286403996 ], [ -85.756683884872487, 38.220076285479458 ] ], [ [ -85.756083883120397, 38.219806286146472 ], [ -85.75632388354289, 38.219946286403996 ] ], [ [ -85.755603880888714, 38.219467285052609 ], [ -85.756083883120397, 38.219806286146472 ] ], [ [ -85.755394884684321, 38.219326286201053 ], [ -85.755603880888714, 38.219467285052609 ] ], [ [ -85.755164884296974, 38.219156284806822 ], [ -85.755394884684321, 38.219326286201053 ] ], [ [ -85.75488388286378, 38.218947286123708 ], [ -85.755164884296974, 38.219156284806822 ] ], [ [ -85.754584884827992, 38.218726283603267 ], [ -85.75488388286378, 38.218947286123708 ] ], [ [ -85.75432388197666, 38.218587285153561 ], [ -85.754584884827992, 38.218726283603267 ] ], [ [ -85.754304881553352, 38.218217283449945 ], [ -85.75432388197666, 38.218587285153561 ] ], [ [ -85.754333883852553, 38.218027285802215 ], [ -85.754304881553352, 38.218217283449945 ] ], [ [ -85.754364883150998, 38.217957286148966 ], [ -85.754333883852553, 38.218027285802215 ] ], [ [ -85.75444488366918, 38.21776728351319 ], [ -85.754364883150998, 38.217957286148966 ] ], [ [ -85.754664883034607, 38.21725628501995 ], [ -85.75444488366918, 38.21776728351319 ] ], [ [ -85.754693883937946, 38.217066283833312 ], [ -85.754664883034607, 38.21725628501995 ] ], [ [ -85.754703885085561, 38.217027283315936 ], [ -85.754693883937946, 38.217066283833312 ] ], [ [ -85.754754882355201, 38.21668728298711 ], [ -85.754703885085561, 38.217027283315936 ] ], [ [ -85.75479388328371, 38.21641728462729 ], [ -85.754754882355201, 38.21668728298711 ] ], [ [ -85.754833884833403, 38.21617628544054 ], [ -85.75479388328371, 38.21641728462729 ] ], [ [ -85.754873882447768, 38.215926285013694 ], [ -85.754833884833403, 38.21617628544054 ] ], [ [ -85.754974883050281, 38.215486282645301 ], [ -85.754873882447768, 38.215926285013694 ] ], [ [ -85.755003881502347, 38.215347285119485 ], [ -85.754974883050281, 38.215486282645301 ] ], [ [ -85.755064882403772, 38.215067284208317 ], [ -85.755003881502347, 38.215347285119485 ] ], [ [ -85.755154881064996, 38.214656284520977 ], [ -85.755064882403772, 38.215067284208317 ] ], [ [ -85.744343883776423, 38.252487290971132 ], [ -85.745224882602827, 38.252597291568009 ] ], [ [ -85.745224882602827, 38.252597291568009 ], [ -85.745674880737226, 38.252646292234061 ] ], [ [ -85.745674880737226, 38.252646292234061 ], [ -85.746344883908534, 38.252706290354503 ] ], [ [ -85.746344883908534, 38.252706290354503 ], [ -85.748383882806721, 38.252916292132497 ] ], [ [ -85.748383882806721, 38.252916292132497 ], [ -85.748514881796694, 38.252926290360158 ] ], [ [ -85.748514881796694, 38.252926290360158 ], [ -85.748684884673509, 38.252947291806343 ] ], [ [ -85.748684884673509, 38.252947291806343 ], [ -85.748933881900356, 38.252976290738843 ] ], [ [ -85.748933881900356, 38.252976290738843 ], [ -85.749793882259752, 38.253076289433544 ] ], [ [ -85.749793882259752, 38.253076289433544 ], [ -85.750404886458824, 38.253147289961966 ] ], [ [ -85.750404886458824, 38.253147289961966 ], [ -85.751003885986776, 38.253217291548125 ] ], [ [ -85.751003885986776, 38.253217291548125 ], [ -85.751394886636646, 38.25325629017037 ] ], [ [ -85.751394886636646, 38.25325629017037 ], [ -85.752054884515957, 38.253327290809345 ] ], [ [ -85.752054884515957, 38.253327290809345 ], [ -85.753833887117182, 38.253507293053943 ] ], [ [ -85.753833887117182, 38.253507293053943 ], [ -85.754974886260058, 38.25359729119112 ] ], [ [ -85.754974886260058, 38.25359729119112 ], [ -85.75536388609649, 38.253626291834543 ] ], [ [ -85.75536388609649, 38.253626291834543 ], [ -85.756993887060275, 38.25385729227488 ] ], [ [ -85.756993887060275, 38.25385729227488 ], [ -85.757284884317258, 38.25389629135902 ] ], [ [ -85.757284884317258, 38.25389629135902 ], [ -85.757464889100959, 38.253916292765361 ] ], [ [ -85.757464889100959, 38.253916292765361 ], [ -85.758674886954935, 38.254076289415003 ] ], [ [ -85.758674886954935, 38.254076289415003 ], [ -85.758894884726232, 38.254096290398586 ] ], [ [ -85.758894884726232, 38.254096290398586 ], [ -85.759413888760335, 38.254137292097738 ] ], [ [ -85.759413888760335, 38.254137292097738 ], [ -85.759603888362122, 38.254146292277483 ] ], [ [ -85.759603888362122, 38.254146292277483 ], [ -85.759984886015559, 38.254176290757755 ] ], [ [ -85.759984886015559, 38.254176290757755 ], [ -85.7601248880611, 38.254186290069683 ] ], [ [ -85.7601248880611, 38.254186290069683 ], [ -85.760283888303277, 38.254197289716792 ] ], [ [ -85.760283888303277, 38.254197289716792 ], [ -85.760313888974864, 38.25419728969846 ] ], [ [ -85.760313888974864, 38.25419728969846 ], [ -85.761973888378762, 38.25440729019062 ] ], [ [ -85.761973888378762, 38.25440729019062 ], [ -85.761864889063304, 38.255097292939006 ] ], [ [ -85.761864889063304, 38.255097292939006 ], [ -85.761703887935454, 38.255786289853148 ] ], [ [ -85.761703887935454, 38.255786289853148 ], [ -85.761734886277551, 38.255786290297443 ] ], [ [ -85.760074887844155, 38.25560629016347 ], [ -85.761703887935454, 38.255786289853148 ] ], [ [ -85.758404886566169, 38.255446293199633 ], [ -85.760074887844155, 38.25560629016347 ] ], [ [ -85.750164883105583, 38.254497292167009 ], [ -85.751823887255654, 38.254706292484727 ] ], [ [ -85.748144882764123, 38.254297293675364 ], [ -85.750164883105583, 38.254497292167009 ] ], [ [ -85.746124880913911, 38.254086292102812 ], [ -85.748144882764123, 38.254297293675364 ] ], [ [ -85.746223884496743, 38.253407292379784 ], [ -85.746124880913911, 38.254086292102812 ] ], [ [ -85.746344883908534, 38.252706290354503 ], [ -85.746223884496743, 38.253407292379784 ] ], [ [ -85.746413884518716, 38.252386292052648 ], [ -85.746344883908534, 38.252706290354503 ] ], [ [ -85.746434881638322, 38.252176293178202 ], [ -85.746413884518716, 38.252386292052648 ] ], [ [ -85.74654388104814, 38.251687292559133 ], [ -85.746434881638322, 38.252176293178202 ] ], [ [ -85.746614882301969, 38.251337291830978 ], [ -85.74654388104814, 38.251687292559133 ] ], [ [ -85.746763884084672, 38.250527290794501 ], [ -85.746614882301969, 38.251337291830978 ] ], [ [ -85.746863884204913, 38.2499672912707 ], [ -85.746763884084672, 38.250527290794501 ] ], [ [ -85.746943882014961, 38.249416291746272 ], [ -85.746863884204913, 38.2499672912707 ] ], [ [ -85.746974880585171, 38.249206291502084 ], [ -85.746943882014961, 38.249416291746272 ] ], [ [ -85.747024884491907, 38.248827290084812 ], [ -85.746974880585171, 38.249206291502084 ] ], [ [ -85.747223881596227, 38.247817291684775 ], [ -85.747024884491907, 38.248827290084812 ] ], [ [ -85.74729488220909, 38.247416290226589 ], [ -85.747223881596227, 38.247817291684775 ] ], [ [ -85.747443883078773, 38.246506289022172 ], [ -85.74729488220909, 38.247416290226589 ] ], [ [ -85.745444884059111, 38.246297291928855 ], [ -85.745323882511414, 38.246946291044523 ] ], [ [ -85.745323882511414, 38.246946291044523 ], [ -85.745214883728963, 38.247596289765504 ] ], [ [ -85.745214883728963, 38.247596289765504 ], [ -85.745163880963915, 38.247807290583445 ] ], [ [ -85.745163880963915, 38.247807290583445 ], [ -85.745113882186118, 38.248056291695121 ] ], [ [ -85.745113882186118, 38.248056291695121 ], [ -85.745044883183169, 38.248377291758047 ] ], [ [ -85.745044883183169, 38.248377291758047 ], [ -85.745004883627644, 38.248596291167544 ] ], [ [ -85.745004883627644, 38.248596291167544 ], [ -85.744923882654092, 38.24905629085783 ] ], [ [ -85.744923882654092, 38.24905629085783 ], [ -85.744803882378221, 38.249756290102262 ] ], [ [ -85.744681882029923, 38.250452291310445 ], [ -85.744573884261001, 38.251137292430734 ] ], [ [ -85.744573884261001, 38.251137292430734 ], [ -85.74446488443246, 38.251777293235612 ] ], [ [ -85.74446488443246, 38.251777293235612 ], [ -85.744343883776423, 38.252487290971132 ] ], [ [ -85.747543884675835, 38.245886290624327 ], [ -85.747443883078773, 38.246506289022172 ] ], [ [ -85.747573885177843, 38.245716290058446 ], [ -85.747543884675835, 38.245886290624327 ] ], [ [ -85.747593883094481, 38.245587290615426 ], [ -85.747573885177843, 38.245716290058446 ] ], [ [ -85.747604884968936, 38.245407289705682 ], [ -85.747593883094481, 38.245587290615426 ] ], [ [ -85.747573884620621, 38.245276290572498 ], [ -85.747604884968936, 38.245407289705682 ] ], [ [ -85.74773488445517, 38.24426629049475 ], [ -85.747573884620621, 38.245276290572498 ] ], [ [ -85.747813881635523, 38.243787288542499 ], [ -85.74773488445517, 38.24426629049475 ] ], [ [ -85.747843881801785, 38.243616288862825 ], [ -85.747813881635523, 38.243787288542499 ] ], [ [ -85.747964880366879, 38.242926290127997 ], [ -85.747843881801785, 38.243616288862825 ] ], [ [ -85.748033880617029, 38.242527290951209 ], [ -85.747964880366879, 38.242926290127997 ] ], [ [ -85.748094884703789, 38.242196288036951 ], [ -85.748033880617029, 38.242527290951209 ] ], [ [ -85.748343881846267, 38.240736290562005 ], [ -85.748094884703789, 38.242196288036951 ] ], [ [ -85.748583881423087, 38.239306288218749 ], [ -85.748343881846267, 38.240736290562005 ] ], [ [ -85.748835883716524, 38.237769286758208 ], [ -85.748583881423087, 38.239306288218749 ] ], [ [ -85.749004881635159, 38.236827287690517 ], [ -85.748835883716524, 38.237769286758208 ] ], [ [ -85.749113881527478, 38.236236286472973 ], [ -85.749004881635159, 38.236827287690517 ] ], [ [ -85.749234882611546, 38.235526288520227 ], [ -85.749113881527478, 38.236236286472973 ] ], [ [ -85.74950488338699, 38.234026287559757 ], [ -85.749234882611546, 38.235526288520227 ] ], [ [ -85.747503881517702, 38.234206286673043 ], [ -85.747313879919957, 38.23533628821292 ] ], [ [ -85.747313879919957, 38.23533628821292 ], [ -85.746934882016859, 38.237577289130449 ] ], [ [ -85.746934882016859, 38.237577289130449 ], [ -85.746844883794196, 38.238066287869891 ] ], [ [ -85.746844883794196, 38.238066287869891 ], [ -85.746794881884639, 38.238336289600838 ] ], [ [ -85.746794881884639, 38.238336289600838 ], [ -85.746664881865129, 38.239087289846317 ] ], [ [ -85.746664881865129, 38.239087289846317 ], [ -85.746413883479349, 38.240537288449218 ] ], [ [ -85.746413883479349, 38.240537288449218 ], [ -85.746344880831259, 38.240977290016922 ] ], [ [ -85.746344880831259, 38.240977290016922 ], [ -85.746174883288091, 38.241977290137172 ] ], [ [ -85.746174883288091, 38.241977290137172 ], [ -85.74611488443476, 38.242327290820221 ] ], [ [ -85.74611488443476, 38.242327290820221 ], [ -85.746034881190539, 38.242787289276031 ] ], [ [ -85.746034881190539, 38.242787289276031 ], [ -85.745923881240074, 38.24341729026267 ] ], [ [ -85.745923881240074, 38.24341729026267 ], [ -85.745804880766102, 38.244086289025553 ] ], [ [ -85.745804880766102, 38.244086289025553 ], [ -85.745634883528936, 38.245166289603482 ] ], [ [ -85.745634883528936, 38.245166289603482 ], [ -85.745444884059111, 38.246297291928855 ] ], [ [ -85.745804880766102, 38.244086289025553 ], [ -85.74773488445517, 38.24426629049475 ] ], [ [ -85.749584882995777, 38.233576286197199 ], [ -85.74950488338699, 38.234026287559757 ] ], [ [ -85.74969388213492, 38.232946289035453 ], [ -85.749584882995777, 38.233576286197199 ] ], [ [ -85.749724882626523, 38.232717289438831 ], [ -85.74969388213492, 38.232946289035453 ] ], [ [ -85.749833882167493, 38.232096286435208 ], [ -85.749724882626523, 38.232717289438831 ] ], [ [ -85.749864880835375, 38.231946286291212 ], [ -85.749833882167493, 38.232096286435208 ] ], [ [ -85.749984883811337, 38.231236286160069 ], [ -85.749864880835375, 38.231946286291212 ] ], [ [ -85.749994883801548, 38.231206287419319 ], [ -85.749984883811337, 38.231236286160069 ] ], [ [ -85.75002388442654, 38.23099728639378 ], [ -85.749994883801548, 38.231206287419319 ] ], [ [ -85.750183884674072, 38.230056285884132 ], [ -85.75002388442654, 38.23099728639378 ] ], [ [ -85.750203882623111, 38.229966287651607 ], [ -85.750183884674072, 38.230056285884132 ] ], [ [ -85.750363883475245, 38.229036285971013 ], [ -85.750203882623111, 38.229966287651607 ] ], [ [ -85.750484883402336, 38.228317288099959 ], [ -85.750363883475245, 38.229036285971013 ] ], [ [ -85.750534881599933, 38.227827285766352 ], [ -85.750484883402336, 38.228317288099959 ] ], [ [ -85.750624884171785, 38.227446287864595 ], [ -85.750534881599933, 38.227827285766352 ] ], [ [ -85.750674880099496, 38.227146286691507 ], [ -85.750624884171785, 38.227446287864595 ] ], [ [ -85.750704880620503, 38.226986285052796 ], [ -85.750674880099496, 38.227146286691507 ] ], [ [ -85.750804882508319, 38.226407285352813 ], [ -85.750704880620503, 38.226986285052796 ] ], [ [ -85.750854882875785, 38.226327286014175 ], [ -85.750804882508319, 38.226407285352813 ] ], [ [ -85.750923884496217, 38.226266287617982 ], [ -85.750854882875785, 38.226327286014175 ] ], [ [ -85.751043881612389, 38.226217287481823 ], [ -85.750923884496217, 38.226266287617982 ] ], [ [ -85.750534881599933, 38.227827285766352 ], [ -85.749113883548048, 38.228307288395577 ] ], [ [ -85.749113883548048, 38.228307288395577 ], [ -85.748814881372283, 38.228426286182369 ] ], [ [ -85.748814881372283, 38.228426286182369 ], [ -85.748594882589046, 38.228586285286987 ] ], [ [ -85.748594882589046, 38.228586285286987 ], [ -85.748464884453426, 38.228776286530426 ] ], [ [ -85.748464884453426, 38.228776286530426 ], [ -85.748393881463386, 38.228917286982039 ] ], [ [ -85.748393881463386, 38.228917286982039 ], [ -85.748263881733308, 38.229766287684185 ] ], [ [ -85.748263881733308, 38.229766287684185 ], [ -85.748104881449891, 38.230786285660905 ] ], [ [ -85.748104881449891, 38.230786285660905 ], [ -85.747924880325755, 38.231727288877579 ] ], [ [ -85.747924880325755, 38.231727288877579 ], [ -85.747843881812756, 38.23212628798592 ] ], [ [ -85.747843881812756, 38.23212628798592 ], [ -85.747773882743616, 38.232527288085137 ] ], [ [ -85.747773882743616, 38.232527288085137 ], [ -85.747644881810018, 38.233366288302562 ] ], [ [ -85.747644881810018, 38.233366288302562 ], [ -85.747583880213455, 38.233726286159161 ] ], [ [ -85.747583880213455, 38.233726286159161 ], [ -85.747503881517702, 38.234206286673043 ] ], [ [ -85.751493880792722, 38.226227285827399 ], [ -85.751043881612389, 38.226217287481823 ] ], [ [ -85.751643884911047, 38.226237286144809 ], [ -85.751493880792722, 38.226227285827399 ] ], [ [ -85.751643884911047, 38.226237286144809 ], [ -85.752554883217059, 38.226336285544917 ] ], [ [ -85.752554883217059, 38.226336285544917 ], [ -85.753023883588, 38.226387284070519 ] ], [ [ -85.753023883588, 38.226387284070519 ], [ -85.755084882065489, 38.226606286730267 ] ], [ [ -85.755084882065489, 38.226606286730267 ], [ -85.75670488262773, 38.226796285883424 ] ], [ [ -85.756983885258379, 38.225376283716102 ], [ -85.756964885334824, 38.22548728707217 ] ], [ [ -85.757064886719746, 38.224896286443816 ], [ -85.756983885258379, 38.225376283716102 ] ], [ [ -85.757043884801632, 38.224656286966962 ], [ -85.757064886719746, 38.224896286443816 ] ], [ [ -85.756933883917483, 38.224446283587547 ], [ -85.757043884801632, 38.224656286966962 ] ], [ [ -85.75668388222752, 38.224176286542644 ], [ -85.756933883917483, 38.224446283587547 ] ], [ [ -85.756064883226216, 38.223676285678195 ], [ -85.75668388222752, 38.224176286542644 ] ], [ [ -85.755884881616353, 38.223456284663769 ], [ -85.756064883226216, 38.223676285678195 ] ], [ [ -85.75575488210373, 38.223026285292121 ], [ -85.755884881616353, 38.223456284663769 ] ], [ [ -85.755813883137108, 38.222697283700612 ], [ -85.75575488210373, 38.223026285292121 ] ], [ [ -85.756033884718732, 38.221386286039731 ], [ -85.755813883137108, 38.222697283700612 ] ], [ [ -85.756133882081087, 38.220987285593971 ], [ -85.756033884718732, 38.221386286039731 ] ], [ [ -85.756233882686331, 38.220766284860673 ], [ -85.756133882081087, 38.220987285593971 ] ], [ [ -85.756263883428815, 38.220727283649282 ], [ -85.756233882686331, 38.220766284860673 ] ], [ [ -85.756403883054546, 38.220506285034922 ], [ -85.756263883428815, 38.220727283649282 ] ], [ [ -85.756633882101795, 38.220156284098863 ], [ -85.756403883054546, 38.220506285034922 ] ], [ [ -85.756683884872487, 38.220076285479458 ], [ -85.756633882101795, 38.220156284098863 ] ], [ [ -85.75575488210373, 38.223026285292121 ], [ -85.755643882435891, 38.223476286705505 ] ], [ [ -85.755643882435891, 38.223476286705505 ], [ -85.75555388493656, 38.223836286014816 ] ], [ [ -85.75555388493656, 38.223836286014816 ], [ -85.755543882681494, 38.223926286875177 ] ], [ [ -85.755543882681494, 38.223926286875177 ], [ -85.755333883853126, 38.225307286352866 ] ], [ [ -85.755333883853126, 38.225307286352866 ], [ -85.755264886155288, 38.225536286870003 ] ], [ [ -85.755264886155288, 38.225536286870003 ], [ -85.755084882065489, 38.226606286730267 ] ], [ [ -85.754934882065584, 38.214636284848659 ], [ -85.755154881064996, 38.214656284520977 ] ], [ [ -85.754653884054719, 38.214607283629299 ], [ -85.754934882065584, 38.214636284848659 ] ], [ [ -85.754044882150581, 38.214537282373804 ], [ -85.754653884054719, 38.214607283629299 ] ], [ [ -85.753544882975163, 38.214476282793846 ], [ -85.754044882150581, 38.214537282373804 ] ], [ [ -85.753194882325232, 38.214437284301873 ], [ -85.753544882975163, 38.214476282793846 ] ], [ [ -85.752904880862758, 38.214394285295462 ], [ -85.753194882325232, 38.214437284301873 ] ], [ [ -85.752554883105603, 38.214357282849285 ], [ -85.752904880862758, 38.214394285295462 ] ], [ [ -85.752393881796522, 38.214347284793583 ], [ -85.752554883105603, 38.214357282849285 ] ], [ [ -85.751863881671909, 38.214276282852204 ], [ -85.752393881796522, 38.214347284793583 ] ], [ [ -85.751654883584891, 38.214257282099808 ], [ -85.751863881671909, 38.214276282852204 ] ], [ [ -85.751384881909416, 38.214226284645001 ], [ -85.751654883584891, 38.214257282099808 ] ], [ [ -85.751204882234347, 38.214126283228957 ], [ -85.751384881909416, 38.214226284645001 ] ], [ [ -85.751143880246232, 38.214057285616086 ], [ -85.751204882234347, 38.214126283228957 ] ], [ [ -85.751093881471121, 38.213977284540043 ], [ -85.751143880246232, 38.214057285616086 ] ], [ [ -85.751034881258946, 38.213797283305617 ], [ -85.751093881471121, 38.213977284540043 ] ], [ [ -85.751093882834297, 38.213496283337442 ], [ -85.751034881258946, 38.213797283305617 ] ], [ [ -85.751254880098799, 38.212606283745203 ], [ -85.751093882834297, 38.213496283337442 ] ], [ [ -85.751313882908974, 38.21232628311229 ], [ -85.751254880098799, 38.212606283745203 ] ], [ [ -85.751304880162408, 38.211897283640809 ], [ -85.751313882908974, 38.21232628311229 ] ], [ [ -85.751273879874901, 38.211606284389049 ], [ -85.751304880162408, 38.211897283640809 ] ], [ [ -85.751273879874901, 38.211606284389049 ], [ -85.750704882866714, 38.211616282296688 ] ], [ [ -85.750704882866714, 38.211616282296688 ], [ -85.75050388298115, 38.211627283956851 ] ], [ [ -85.75050388298115, 38.211627283956851 ], [ -85.750174882684334, 38.211647283843831 ] ], [ [ -85.750174882684334, 38.211647283843831 ], [ -85.74917488171171, 38.211717283802962 ] ], [ [ -85.74917488171171, 38.211717283802962 ], [ -85.74866388009255, 38.211776284418605 ] ], [ [ -85.74866388009255, 38.211776284418605 ], [ -85.748110879829412, 38.211863282186755 ] ], [ [ -85.748110879829412, 38.211863282186755 ], [ -85.747713878181543, 38.211987284711526 ] ], [ [ -85.747713878181543, 38.211987284711526 ], [ -85.747554878101965, 38.212066285146129 ] ], [ [ -85.747554878101965, 38.212066285146129 ], [ -85.747344882608658, 38.212206284352206 ] ], [ [ -85.747344882608658, 38.212206284352206 ], [ -85.747083879667358, 38.212496282056037 ] ], [ [ -85.747083879667358, 38.212496282056037 ], [ -85.746654881736973, 38.212907282800273 ] ], [ [ -85.746654881736973, 38.212907282800273 ], [ -85.746444880688117, 38.213067284332347 ] ], [ [ -85.746444880688117, 38.213067284332347 ], [ -85.746013880668642, 38.213316285663232 ] ], [ [ -85.746013880668642, 38.213316285663232 ], [ -85.745484880337926, 38.21354728538784 ] ], [ [ -85.745484880337926, 38.21354728538784 ], [ -85.744724878864446, 38.213887285379052 ] ], [ [ -85.744724878864446, 38.213887285379052 ], [ -85.743123881701706, 38.214597283957396 ] ], [ [ -85.750704882866714, 38.211616282296688 ], [ -85.751003879563385, 38.211666284077729 ] ], [ [ -85.751003879563385, 38.211666284077729 ], [ -85.751083881845148, 38.211706282797365 ] ], [ [ -85.751083881845148, 38.211706282797365 ], [ -85.751304880162408, 38.211897283640809 ] ], [ [ -85.742953879834275, 38.21441728429712 ], [ -85.743123881701706, 38.214597283957396 ] ], [ [ -85.742893879717599, 38.214357284641288 ], [ -85.742953879834275, 38.21441728429712 ] ], [ [ -85.742384878525854, 38.213826282675015 ], [ -85.742893879717599, 38.214357284641288 ] ], [ [ -85.742254879316178, 38.213697285754904 ], [ -85.742384878525854, 38.213826282675015 ] ], [ [ -85.742093879851282, 38.213517283083704 ], [ -85.742254879316178, 38.213697285754904 ] ], [ [ -85.741813880651577, 38.213196284733932 ], [ -85.742093879851282, 38.213517283083704 ] ], [ [ -85.741723877082009, 38.213097284897287 ], [ -85.741813880651577, 38.213196284733932 ] ], [ [ -85.741534880058737, 38.212946283976507 ], [ -85.741723877082009, 38.213097284897287 ] ], [ [ -85.740994879414771, 38.21223628578425 ], [ -85.741534880058737, 38.212946283976507 ] ], [ [ -85.740804878595853, 38.211936285013152 ], [ -85.740994879414771, 38.21223628578425 ] ], [ [ -85.740634878618422, 38.211666283300076 ], [ -85.740804878595853, 38.211936285013152 ] ], [ [ -85.740494878372104, 38.211457283230558 ], [ -85.740634878618422, 38.211666283300076 ] ], [ [ -85.740103877993931, 38.210847282671217 ], [ -85.740494878372104, 38.211457283230558 ] ], [ [ -85.739994876340106, 38.210677283066708 ], [ -85.740103877993931, 38.210847282671217 ] ], [ [ -85.739653877695844, 38.210146284260233 ], [ -85.739994876340106, 38.210677283066708 ] ], [ [ -85.739473878640482, 38.209866284699181 ], [ -85.739653877695844, 38.210146284260233 ] ], [ [ -85.739353878114002, 38.20966728238389 ], [ -85.739473878640482, 38.209866284699181 ] ], [ [ -85.739203880448017, 38.209446283135208 ], [ -85.739353878114002, 38.20966728238389 ] ], [ [ -85.738974877903175, 38.209096281528261 ], [ -85.739203880448017, 38.209446283135208 ] ], [ [ -85.738633878456241, 38.208526284752494 ], [ -85.738974877903175, 38.209096281528261 ] ], [ [ -85.738499878389547, 38.208326282629052 ], [ -85.738633878456241, 38.208526284752494 ] ], [ [ -85.738344876709775, 38.208096283089809 ], [ -85.738499878389547, 38.208326282629052 ] ], [ [ -85.73794387840617, 38.207487281894061 ], [ -85.738344876709775, 38.208096283089809 ] ], [ [ -85.737834878215409, 38.207317283762755 ], [ -85.73794387840617, 38.207487281894061 ] ], [ [ -85.737574875151694, 38.206887284806868 ], [ -85.737834878215409, 38.207317283762755 ] ], [ [ -85.736733874893659, 38.205597282230322 ], [ -85.737574875151694, 38.206887284806868 ] ], [ [ -85.736304875317515, 38.204946283169804 ], [ -85.736733874893659, 38.205597282230322 ] ], [ [ -85.735724878280394, 38.204036281922043 ], [ -85.736304875317515, 38.204946283169804 ] ], [ [ -85.735483876270948, 38.203656281560619 ], [ -85.735724878280394, 38.204036281922043 ] ], [ [ -85.735333874153497, 38.203437282436241 ], [ -85.735483876270948, 38.203656281560619 ] ], [ [ -85.734924877302802, 38.202796281646812 ], [ -85.735333874153497, 38.203437282436241 ] ], [ [ -85.734464877139942, 38.202097282780144 ], [ -85.734924877302802, 38.202796281646812 ] ], [ [ -85.734033876760847, 38.201457283206842 ], [ -85.734464877139942, 38.202097282780144 ] ], [ [ -85.733924877361503, 38.201287281552318 ], [ -85.734033876760847, 38.201457283206842 ] ], [ [ -85.733803876039289, 38.201107281096476 ], [ -85.733924877361503, 38.201287281552318 ] ], [ [ -85.732693877008188, 38.199376282506805 ], [ -85.733803876039289, 38.201107281096476 ] ], [ [ -85.732394873394924, 38.198916283155285 ], [ -85.732693877008188, 38.199376282506805 ] ], [ [ -85.732084875600961, 38.198466282175559 ], [ -85.732394873394924, 38.198916283155285 ] ], [ [ -85.731994874852631, 38.198337281212929 ], [ -85.732084875600961, 38.198466282175559 ] ], [ [ -85.731733873088771, 38.197926280480431 ], [ -85.731994874852631, 38.198337281212929 ] ], [ [ -85.731563876444554, 38.197677282655043 ], [ -85.731733873088771, 38.197926280480431 ] ], [ [ -85.731324876999963, 38.19728628027238 ], [ -85.731563876444554, 38.197677282655043 ] ], [ [ -85.730763872673094, 38.196406282726706 ], [ -85.731324876999963, 38.19728628027238 ] ], [ [ -85.730213876481628, 38.195556281002077 ], [ -85.730763872673094, 38.196406282726706 ] ], [ [ -85.729663872343792, 38.194696280078752 ], [ -85.730213876481628, 38.195556281002077 ] ], [ [ -85.729043875323825, 38.193766279831806 ], [ -85.729663872343792, 38.194696280078752 ] ], [ [ -85.728953871852298, 38.193647280319773 ], [ -85.729043875323825, 38.193766279831806 ] ], [ [ -85.728564872236348, 38.193017281964465 ], [ -85.728953871852298, 38.193647280319773 ] ], [ [ -85.728384873230326, 38.192776281646651 ], [ -85.728564872236348, 38.193017281964465 ] ], [ [ -85.728063871499259, 38.192266281339514 ], [ -85.728384873230326, 38.192776281646651 ] ], [ [ -85.72804387405472, 38.192236279867934 ], [ -85.728063871499259, 38.192266281339514 ] ], [ [ -85.727793873265639, 38.191847280843028 ], [ -85.72804387405472, 38.192236279867934 ] ], [ [ -85.727553874455836, 38.191477279731927 ], [ -85.727793873265639, 38.191847280843028 ] ], [ [ -85.727404872680495, 38.191256280745456 ], [ -85.727553874455836, 38.191477279731927 ] ], [ [ -85.727194873636847, 38.190932281953415 ], [ -85.727404872680495, 38.191256280745456 ] ], [ [ -85.727084874932416, 38.190747281297661 ], [ -85.727194873636847, 38.190932281953415 ] ], [ [ -85.726973872327903, 38.190577281591487 ], [ -85.727084874932416, 38.190747281297661 ] ], [ [ -85.726854872257121, 38.190397279771787 ], [ -85.726973872327903, 38.190577281591487 ] ], [ [ -85.72674387072496, 38.190227279841686 ], [ -85.726854872257121, 38.190397279771787 ] ], [ [ -85.726153872672299, 38.189317280455803 ], [ -85.72674387072496, 38.190227279841686 ] ], [ [ -85.726063873297093, 38.189157278798895 ], [ -85.726153872672299, 38.189317280455803 ] ], [ [ -85.725673871844791, 38.18855627870969 ], [ -85.726063873297093, 38.189157278798895 ] ], [ [ -85.725083873301642, 38.187656281233799 ], [ -85.725673871844791, 38.18855627870969 ] ], [ [ -85.724924872764404, 38.187427279761721 ], [ -85.725083873301642, 38.187656281233799 ] ], [ [ -85.724784872007177, 38.187216280744487 ], [ -85.724924872764404, 38.187427279761721 ] ], [ [ -85.724524873079815, 38.186826278770091 ], [ -85.724784872007177, 38.187216280744487 ] ], [ [ -85.724493873169493, 38.186776281385555 ], [ -85.724524873079815, 38.186826278770091 ] ], [ [ -85.724173873084396, 38.186296279447241 ], [ -85.724493873169493, 38.186776281385555 ] ], [ [ -85.723494873892875, 38.185396279468598 ], [ -85.724173873084396, 38.186296279447241 ] ], [ [ -85.72319386981772, 38.185026277976192 ], [ -85.723494873892875, 38.185396279468598 ] ], [ [ -85.722594870563611, 38.184287278391608 ], [ -85.72319386981772, 38.185026277976192 ] ], [ [ -85.72212386980857, 38.183747280231138 ], [ -85.722594870563611, 38.184287278391608 ] ], [ [ -85.721523870918915, 38.1830972773474 ], [ -85.72212386980857, 38.183747280231138 ] ], [ [ -85.720874869970658, 38.182416278445274 ], [ -85.721523870918915, 38.1830972773474 ] ], [ [ -85.719913871721147, 38.181487278682155 ], [ -85.720874869970658, 38.182416278445274 ] ], [ [ -85.719153871161566, 38.180746280501872 ], [ -85.719913871721147, 38.181487278682155 ] ], [ [ -85.718460868338084, 38.180097278911859 ], [ -85.719153871161566, 38.180746280501872 ] ], [ [ -85.718134870142464, 38.17979727890102 ], [ -85.718460868338084, 38.180097278911859 ] ], [ [ -85.718034869542862, 38.179697278380964 ], [ -85.718134870142464, 38.17979727890102 ] ], [ [ -85.717864869559165, 38.179536279218866 ], [ -85.718034869542862, 38.179697278380964 ] ], [ [ -85.717544870397191, 38.179227279854537 ], [ -85.717864869559165, 38.179536279218866 ] ], [ [ -85.717144868093442, 38.178846276783581 ], [ -85.717544870397191, 38.179227279854537 ] ], [ [ -85.716924866990112, 38.178646278299524 ], [ -85.717144868093442, 38.178846276783581 ] ], [ [ -85.716543867845658, 38.178276277268424 ], [ -85.716924866990112, 38.178646278299524 ] ], [ [ -85.716363866967399, 38.17809628006907 ], [ -85.716543867845658, 38.178276277268424 ] ], [ [ -85.715263870809395, 38.177046278637683 ], [ -85.716363866967399, 38.17809628006907 ] ], [ [ -85.714473867265113, 38.176296279719729 ], [ -85.715263870809395, 38.177046278637683 ] ], [ [ -85.714013865972134, 38.175866279101847 ], [ -85.714473867265113, 38.176296279719729 ] ], [ [ -85.713693865971592, 38.175567276595523 ], [ -85.714013865972134, 38.175866279101847 ] ], [ [ -85.713563868159341, 38.175436278253621 ], [ -85.713693865971592, 38.175567276595523 ] ], [ [ -85.713184868873626, 38.175066279256924 ], [ -85.713563868159341, 38.175436278253621 ] ], [ [ -85.71275386849932, 38.174657276877277 ], [ -85.713184868873626, 38.175066279256924 ] ], [ [ -85.712203865594148, 38.174146277763882 ], [ -85.71275386849932, 38.174657276877277 ] ], [ [ -85.712094867691903, 38.174037277414996 ], [ -85.712203865594148, 38.174146277763882 ] ], [ [ -85.711573868528319, 38.173557278932876 ], [ -85.712094867691903, 38.174037277414996 ] ], [ [ -85.711493866629326, 38.173487277151082 ], [ -85.711573868528319, 38.173557278932876 ] ], [ [ -85.70999486564898, 38.17205727663827 ], [ -85.711493866629326, 38.173487277151082 ] ], [ [ -85.709764867609266, 38.171847276641543 ], [ -85.70999486564898, 38.17205727663827 ] ], [ [ -85.709163867471915, 38.171266278779783 ], [ -85.709764867609266, 38.171847276641543 ] ], [ [ -85.708703867751552, 38.170816277972548 ], [ -85.709163867471915, 38.171266278779783 ] ], [ [ -85.708063866383299, 38.170206276543404 ], [ -85.708703867751552, 38.170816277972548 ] ], [ [ -85.707564865557146, 38.169697279297544 ], [ -85.708063866383299, 38.170206276543404 ] ], [ [ -85.707234864140034, 38.169376276273134 ], [ -85.707564865557146, 38.169697279297544 ] ], [ [ -85.706623865521877, 38.168807275533489 ], [ -85.707234864140034, 38.169376276273134 ] ], [ [ -85.706164864902007, 38.168376278023167 ], [ -85.706623865521877, 38.168807275533489 ] ], [ [ -85.70609386677036, 38.168316277198343 ], [ -85.706164864902007, 38.168376278023167 ] ], [ [ -85.705953864871546, 38.168187276766382 ], [ -85.70609386677036, 38.168316277198343 ] ], [ [ -85.70558486332844, 38.167836278108553 ], [ -85.705953864871546, 38.168187276766382 ] ], [ [ -85.704563863244658, 38.166866276235538 ], [ -85.70558486332844, 38.167836278108553 ] ], [ [ -85.704131862291305, 38.166456277029241 ], [ -85.704563863244658, 38.166866276235538 ] ], [ [ -85.702673864362893, 38.165066275769362 ], [ -85.704131862291305, 38.166456277029241 ] ], [ [ -85.701643863949542, 38.164086275138018 ], [ -85.702673864362893, 38.165066275769362 ] ], [ [ -85.701593864226325, 38.164047277534863 ], [ -85.701643863949542, 38.164086275138018 ] ], [ [ -85.701114864669165, 38.163546278080531 ], [ -85.701593864226325, 38.164047277534863 ] ], [ [ -85.700814860821296, 38.163196277401077 ], [ -85.701114864669165, 38.163546278080531 ] ], [ [ -85.700553863931916, 38.162896276049011 ], [ -85.700814860821296, 38.163196277401077 ] ], [ [ -85.700323864841465, 38.162597275646966 ], [ -85.700553863931916, 38.162896276049011 ] ], [ [ -85.699684861869699, 38.161677275763758 ], [ -85.700323864841465, 38.162597275646966 ] ], [ [ -85.699393862963703, 38.161157276136947 ], [ -85.699684861869699, 38.161677275763758 ] ], [ [ -85.699263862441171, 38.160936277612635 ], [ -85.699393862963703, 38.161157276136947 ] ], [ [ -85.698864861038047, 38.160237274813682 ], [ -85.699263862441171, 38.160936277612635 ] ], [ [ -85.698604864468408, 38.159787277641762 ], [ -85.698864861038047, 38.160237274813682 ] ], [ [ -85.698303860679673, 38.159247275644361 ], [ -85.698604864468408, 38.159787277641762 ] ], [ [ -85.698043860723828, 38.158786274677041 ], [ -85.698303860679673, 38.159247275644361 ] ], [ [ -85.697713860397485, 38.15818727530074 ], [ -85.698043860723828, 38.158786274677041 ] ], [ [ -85.697524862824125, 38.157847275785016 ], [ -85.697713860397485, 38.15818727530074 ] ], [ [ -85.696984860469328, 38.156866275511931 ], [ -85.697524862824125, 38.157847275785016 ] ], [ [ -85.696714863151826, 38.15638727656502 ], [ -85.696984860469328, 38.156866275511931 ] ], [ [ -85.696524859414254, 38.156046275254646 ], [ -85.696714863151826, 38.15638727656502 ] ], [ [ -85.69647386112635, 38.155966274337992 ], [ -85.696524859414254, 38.156046275254646 ] ], [ [ -85.696183860338337, 38.155446275262165 ], [ -85.69647386112635, 38.155966274337992 ] ], [ [ -85.696143859388187, 38.155377274374445 ], [ -85.696183860338337, 38.155446275262165 ] ], [ [ -85.695933862287404, 38.154996275435394 ], [ -85.696143859388187, 38.155377274374445 ] ], [ [ -85.695023861389217, 38.153386275866005 ], [ -85.695933862287404, 38.154996275435394 ] ], [ [ -85.694604861361825, 38.152636273380907 ], [ -85.695023861389217, 38.153386275866005 ] ], [ [ -85.694414859536465, 38.152286274400232 ], [ -85.694604861361825, 38.152636273380907 ] ], [ [ -85.697713860397485, 38.15818727530074 ], [ -85.701733861935381, 38.158226276107243 ] ], [ [ -85.701733861935381, 38.158226276107243 ], [ -85.705164864132712, 38.158287277249578 ] ], [ [ -85.705164864132712, 38.158287277249578 ], [ -85.707914867012917, 38.158306274907346 ] ], [ [ -85.707964862656638, 38.157197275406176 ], [ -85.707914867012917, 38.158306274907346 ] ], [ [ -85.708004866073665, 38.157017275810162 ], [ -85.707964862656638, 38.157197275406176 ] ], [ [ -85.704624864957395, 38.156997275490014 ], [ -85.708004866073665, 38.157017275810162 ] ], [ [ -85.703353861574072, 38.156976276905667 ], [ -85.704624864957395, 38.156997275490014 ] ], [ [ -85.702573864424821, 38.156966274341784 ], [ -85.703353861574072, 38.156976276905667 ] ], [ [ -85.700994861493669, 38.156976274433099 ], [ -85.702573864424821, 38.156966274341784 ] ], [ [ -85.700653860330178, 38.156966276079871 ], [ -85.700994861493669, 38.156976274433099 ] ], [ [ -85.700473864055539, 38.156966276287918 ], [ -85.700653860330178, 38.156966276079871 ] ], [ [ -85.699893859888377, 38.156946274449382 ], [ -85.700473864055539, 38.156966276287918 ] ], [ [ -85.699653860131605, 38.156927276291874 ], [ -85.699893859888377, 38.156946274449382 ] ], [ [ -85.699494864169452, 38.156917274670931 ], [ -85.699653860131605, 38.156927276291874 ] ], [ [ -85.699134859954981, 38.15686627472968 ], [ -85.699494864169452, 38.156917274670931 ] ], [ [ -85.698633860608496, 38.156757274206967 ], [ -85.699134859954981, 38.15686627472968 ] ], [ [ -85.698474862493441, 38.156727274226952 ], [ -85.698633860608496, 38.156757274206967 ] ], [ [ -85.698313862070407, 38.156696275872065 ], [ -85.698474862493441, 38.156727274226952 ] ], [ [ -85.698263863298465, 38.156696275336088 ], [ -85.698313862070407, 38.156696275872065 ] ], [ [ -85.69810486461175, 38.156676275078993 ], [ -85.698263863298465, 38.156696275336088 ] ], [ [ -85.697964862826794, 38.156667274860339 ], [ -85.69810486461175, 38.156676275078993 ] ], [ [ -85.697853861306754, 38.1566672761776 ], [ -85.697964862826794, 38.156667274860339 ] ], [ [ -85.697853861306754, 38.1566672761776 ], [ -85.69778486301395, 38.156667274405187 ] ], [ [ -85.69778486301395, 38.156667274405187 ], [ -85.697614863864558, 38.156676274363932 ] ], [ [ -85.697614863864558, 38.156676274363932 ], [ -85.697434861180383, 38.156706274050869 ] ], [ [ -85.697434861180383, 38.156706274050869 ], [ -85.697294863269207, 38.156747274057025 ] ], [ [ -85.697294863269207, 38.156747274057025 ], [ -85.696984860469328, 38.156866275511931 ] ], [ [ -85.708004866073665, 38.157017275810162 ], [ -85.709473865542677, 38.15702727386865 ] ], [ [ -85.709473865542677, 38.15702727386865 ], [ -85.71061486466472, 38.157036273631974 ] ], [ [ -85.71061486466472, 38.157036273631974 ], [ -85.712443865417754, 38.157117274976542 ] ], [ [ -85.712443865417754, 38.157117274976542 ], [ -85.712983864826541, 38.157136274406028 ] ], [ [ -85.712983864826541, 38.157136274406028 ], [ -85.713753867033134, 38.157216272742168 ] ], [ [ -85.713753867033134, 38.157216272742168 ], [ -85.714444866254709, 38.157297275117159 ] ], [ [ -85.714444866254709, 38.157297275117159 ], [ -85.714633864856964, 38.15736727591797 ] ], [ [ -85.714633864856964, 38.15736727591797 ], [ -85.714813865496382, 38.157406272967634 ] ], [ [ -85.714813865496382, 38.157406272967634 ], [ -85.715053866996456, 38.157436273550339 ] ], [ [ -85.715053866996456, 38.157436273550339 ], [ -85.71537386771999, 38.157477273717994 ] ], [ [ -85.71537386771999, 38.157477273717994 ], [ -85.715623866864163, 38.157506275555349 ] ], [ [ -85.715623866864163, 38.157506275555349 ], [ -85.715974866341384, 38.157537275677917 ] ], [ [ -85.715974866341384, 38.157537275677917 ], [ -85.716864867513351, 38.157647273730738 ] ], [ [ -85.716864867513351, 38.157647273730738 ], [ -85.717234866891658, 38.157676273450193 ] ], [ [ -85.717234866891658, 38.157676273450193 ], [ -85.718373867946596, 38.157796275841022 ] ], [ [ -85.718373867946596, 38.157796275841022 ], [ -85.718703867884116, 38.157837274921988 ] ], [ [ -85.718703867884116, 38.157837274921988 ], [ -85.718994869493457, 38.157866275077808 ] ], [ [ -85.718994869493457, 38.157866275077808 ], [ -85.719294865892891, 38.157907272736075 ] ], [ [ -85.719294865892891, 38.157907272736075 ], [ -85.719863868995319, 38.157966274291297 ] ], [ [ -85.719863868995319, 38.157966274291297 ], [ -85.720524869675998, 38.158007274534043 ] ], [ [ -85.720524869675998, 38.158007274534043 ], [ -85.721144868145387, 38.158027273742022 ] ], [ [ -85.721144868145387, 38.158027273742022 ], [ -85.721743868603681, 38.158046274707623 ] ], [ [ -85.722693870975192, 38.158046275285088 ], [ -85.721743868603681, 38.158046274707623 ] ], [ [ -85.722954870456448, 38.158046275285393 ], [ -85.722693870975192, 38.158046275285088 ] ], [ [ -85.723243867283614, 38.158036274417697 ], [ -85.722954870456448, 38.158046275285393 ] ], [ [ -85.723584868517221, 38.158017273710392 ], [ -85.723243867283614, 38.158036274417697 ] ], [ [ -85.724064868031988, 38.157987273894619 ], [ -85.723584868517221, 38.158017273710392 ] ], [ [ -85.724683868676351, 38.157917274857965 ], [ -85.724064868031988, 38.157987273894619 ] ], [ [ -85.72545386897059, 38.157837274432609 ], [ -85.724683868676351, 38.157917274857965 ] ], [ [ -85.725744871679524, 38.157747274201462 ], [ -85.72545386897059, 38.157837274432609 ] ], [ [ -85.725893869256652, 38.157727273142669 ], [ -85.725744871679524, 38.157747274201462 ] ], [ [ -85.72643386980161, 38.157676273767592 ], [ -85.725893869256652, 38.157727273142669 ] ], [ [ -85.727134868775252, 38.157637273976057 ], [ -85.72643386980161, 38.157676273767592 ] ], [ [ -85.727243872367509, 38.157637273550662 ], [ -85.727134868775252, 38.157637273976057 ] ], [ [ -85.727593871176225, 38.157627275421738 ], [ -85.727243872367509, 38.157637273550662 ] ], [ [ -85.727944868732422, 38.157627274152766 ], [ -85.727593871176225, 38.157627275421738 ] ], [ [ -85.729104872038164, 38.157647273922201 ], [ -85.727944868732422, 38.157627274152766 ] ], [ [ -85.729263871070899, 38.157647276141461 ], [ -85.729104872038164, 38.157647273922201 ] ], [ [ -85.729573869963346, 38.157637274706872 ], [ -85.729263871070899, 38.157647276141461 ] ], [ [ -85.729723872103619, 38.157616274164468 ], [ -85.729573869963346, 38.157637274706872 ] ], [ [ -85.730023873381171, 38.157576273963137 ], [ -85.729723872103619, 38.157616274164468 ] ], [ [ -85.730154869134736, 38.157547274878858 ], [ -85.730023873381171, 38.157576273963137 ] ], [ [ -85.730414873129604, 38.157486273602089 ], [ -85.730154869134736, 38.157547274878858 ] ], [ [ -85.730793872051095, 38.157396273223668 ], [ -85.730414873129604, 38.157486273602089 ] ], [ [ -85.73102386960781, 38.15733627288823 ], [ -85.730793872051095, 38.157396273223668 ] ], [ [ -85.731423872904799, 38.157267274487886 ], [ -85.73102386960781, 38.15733627288823 ] ], [ [ -85.731923870640117, 38.157207272343015 ], [ -85.731423872904799, 38.157267274487886 ] ], [ [ -85.725744871679524, 38.157747274201462 ], [ -85.725433867645577, 38.157706274417592 ] ], [ [ -85.725433867645577, 38.157706274417592 ], [ -85.725073868299248, 38.157737275328174 ] ], [ [ -85.725073868299248, 38.157737275328174 ], [ -85.724744871352712, 38.157766273080533 ] ], [ [ -85.724744871352712, 38.157766273080533 ], [ -85.724654870327058, 38.157776274927095 ] ], [ [ -85.724654870327058, 38.157776274927095 ], [ -85.724034871056773, 38.157837274882255 ] ], [ [ -85.724034871056773, 38.157837274882255 ], [ -85.723103869145959, 38.157897273425505 ] ], [ [ -85.723103869145959, 38.157897273425505 ], [ -85.722603869334236, 38.157907274108659 ] ], [ [ -85.722603869334236, 38.157907274108659 ], [ -85.721673866767475, 38.157917274777454 ] ], [ [ -85.720974869379702, 38.15789727569544 ], [ -85.721673866767475, 38.157917274777454 ] ], [ [ -85.720483870724038, 38.1578662739132 ], [ -85.720974869379702, 38.15789727569544 ] ], [ [ -85.719844868219752, 38.157827275739798 ], [ -85.720483870724038, 38.1578662739132 ] ], [ [ -85.71891386645666, 38.157727274534167 ], [ -85.719844868219752, 38.157827275739798 ] ], [ [ -85.718613868561079, 38.157696272744616 ], [ -85.71891386645666, 38.157727274534167 ] ], [ [ -85.71827486632111, 38.157657274874907 ], [ -85.718613868561079, 38.157696272744616 ] ], [ [ -85.717774867096779, 38.157606274968387 ], [ -85.71827486632111, 38.157657274874907 ] ], [ [ -85.716914866260936, 38.157506274128814 ], [ -85.717774867096779, 38.157606274968387 ] ], [ [ -85.716284865751874, 38.157436274018799 ], [ -85.716914866260936, 38.157506274128814 ] ], [ [ -85.715654867781083, 38.157357276103575 ], [ -85.716284865751874, 38.157436274018799 ] ], [ [ -85.715384868212325, 38.157326273584246 ], [ -85.715654867781083, 38.157357276103575 ] ], [ [ -85.715143865386963, 38.157297274958843 ], [ -85.715384868212325, 38.157326273584246 ] ], [ [ -85.714794866003999, 38.157256274455129 ], [ -85.715143865386963, 38.157297274958843 ] ], [ [ -85.714794866003999, 38.157256274455129 ], [ -85.71464386676351, 38.157246275413399 ] ], [ [ -85.71464386676351, 38.157246275413399 ], [ -85.714444866254709, 38.157297275117159 ] ], [ [ -85.731923870640117, 38.157207272343015 ], [ -85.731653872702182, 38.157737273664104 ] ], [ [ -85.731653872702182, 38.157737273664104 ], [ -85.731643872356287, 38.157766275500109 ] ], [ [ -85.731643872356287, 38.157766275500109 ], [ -85.731573871467944, 38.157907274935646 ] ], [ [ -85.731573871467944, 38.157907274935646 ], [ -85.73148387352245, 38.158087272937109 ] ], [ [ -85.73148387352245, 38.158087272937109 ], [ -85.731314872732312, 38.158437272984699 ] ], [ [ -85.731314872732312, 38.158437272984699 ], [ -85.731144869974202, 38.158727273548436 ] ], [ [ -85.731144869974202, 38.158727273548436 ], [ -85.730983872884011, 38.158936275047367 ] ], [ [ -85.730983872884011, 38.158936275047367 ], [ -85.730763871135863, 38.159106274907501 ] ], [ [ -85.730763871135863, 38.159106274907501 ], [ -85.730523872540061, 38.159257276004652 ] ], [ [ -85.730523872540061, 38.159257276004652 ], [ -85.730454870507074, 38.159286274789892 ] ], [ [ -85.730454870507074, 38.159286274789892 ], [ -85.730253869027436, 38.159357275967011 ] ], [ [ -85.730253869027436, 38.159357275967011 ], [ -85.729933870654904, 38.159427273718634 ] ], [ [ -85.729723873815203, 38.159447274469883 ], [ -85.729933870654904, 38.159427273718634 ] ], [ [ -85.729403869739969, 38.159427275276379 ], [ -85.729723873815203, 38.159447274469883 ] ], [ [ -85.729334871718578, 38.15940627543047 ], [ -85.729403869739969, 38.159427275276379 ] ], [ [ -85.72907487137158, 38.159347274361991 ], [ -85.729334871718578, 38.15940627543047 ] ], [ [ -85.728174872014975, 38.158997273010677 ], [ -85.72907487137158, 38.159347274361991 ] ], [ [ -85.727863869667445, 38.158907273835027 ], [ -85.728174872014975, 38.158997273010677 ] ], [ [ -85.727693870144591, 38.158887274616376 ], [ -85.727863869667445, 38.158907273835027 ] ], [ [ -85.72760387180324, 38.158876275729362 ], [ -85.727693870144591, 38.158887274616376 ] ], [ [ -85.727354869237786, 38.158876274895881 ], [ -85.72760387180324, 38.158876275729362 ] ], [ [ -85.726973869671752, 38.158876273156878 ], [ -85.727354869237786, 38.158876274895881 ] ], [ [ -85.726383869433292, 38.158866275550146 ], [ -85.726973869671752, 38.158876273156878 ] ], [ [ -85.725834869745825, 38.15885627457908 ], [ -85.726383869433292, 38.158866275550146 ] ], [ [ -85.725154869017516, 38.158846273162531 ], [ -85.725834869745825, 38.15885627457908 ] ], [ [ -85.725154869017516, 38.158846273162531 ], [ -85.725083868387998, 38.158846275072136 ] ], [ [ -85.725083868387998, 38.158846275072136 ], [ -85.724574867951304, 38.158846274100227 ] ], [ [ -85.724574867951304, 38.158846274100227 ], [ -85.724093870696123, 38.158847273037445 ] ], [ [ -85.724093870696123, 38.158847273037445 ], [ -85.723913868841649, 38.158856272927451 ] ], [ [ -85.723913868841649, 38.158856272927451 ], [ -85.723603870774582, 38.15889727617138 ] ], [ [ -85.723603870774582, 38.15889727617138 ], [ -85.723383870061866, 38.158946273517486 ] ], [ [ -85.723383870061866, 38.158946273517486 ], [ -85.723183868708659, 38.159016274840432 ] ], [ [ -85.723183868708659, 38.159016274840432 ], [ -85.722944867990932, 38.159126274984452 ] ], [ [ -85.722944867990932, 38.159126274984452 ], [ -85.722814867388877, 38.159216274468541 ] ], [ [ -85.722814867388877, 38.159216274468541 ], [ -85.722567868465717, 38.159394275630966 ] ], [ [ -85.722567868465717, 38.159394275630966 ], [ -85.722483871613534, 38.15949627579775 ] ], [ [ -85.722483871613534, 38.15949627579775 ], [ -85.722393868673947, 38.159596274765931 ] ], [ [ -85.722393868673947, 38.159596274765931 ], [ -85.722274868157442, 38.159787273644994 ] ], [ [ -85.722274868157442, 38.159787273644994 ], [ -85.722193870430971, 38.159956274866595 ] ], [ [ -85.722193870430971, 38.159956274866595 ], [ -85.722113868609455, 38.160206274793737 ] ], [ [ -85.722113868609455, 38.160206274793737 ], [ -85.722054867706518, 38.160656275629449 ] ], [ [ -85.722054867706518, 38.160656275629449 ], [ -85.721994871732534, 38.161047276137353 ] ], [ [ -85.721994871732534, 38.161047276137353 ], [ -85.721943867768189, 38.16141727347663 ] ], [ [ -85.721943867768189, 38.16141727347663 ], [ -85.72186486901856, 38.162026274084667 ] ], [ [ -85.72186486901856, 38.162026274084667 ], [ -85.721713868008379, 38.163076276554882 ] ], [ [ -85.722203867951706, 38.163066275894984 ], [ -85.721713868008379, 38.163076276554882 ] ], [ [ -85.724214868167095, 38.162636274393357 ], [ -85.722203867951706, 38.163066275894984 ] ], [ [ -85.721994871732534, 38.161047276137353 ], [ -85.724304870639159, 38.161086274430929 ] ], [ [ -85.724214868167095, 38.162636274393357 ], [ -85.724304870639159, 38.161086274430929 ] ], [ [ -85.721713868008379, 38.163076276554882 ], [ -85.721644870831312, 38.16384727630755 ] ], [ [ -85.721644870831312, 38.16384727630755 ], [ -85.721504868095451, 38.165406276880198 ] ], [ [ -85.721504868095451, 38.165406276880198 ], [ -85.72127487071792, 38.168067277023454 ] ], [ [ -85.72127487071792, 38.168067277023454 ], [ -85.721263869615015, 38.168136277756005 ] ], [ [ -85.721263869615015, 38.168136277756005 ], [ -85.721554868216742, 38.168146277437273 ] ], [ [ -85.721554868216742, 38.168146277437273 ], [ -85.721753868615721, 38.168216274803036 ] ], [ [ -85.721753868615721, 38.168216274803036 ], [ -85.721883869115203, 38.168306277828577 ] ], [ [ -85.721883869115203, 38.168306277828577 ], [ -85.721973870521794, 38.16844727758469 ] ], [ [ -85.721973870521794, 38.16844727758469 ], [ -85.722004870658665, 38.168627275389831 ] ], [ [ -85.722004870658665, 38.168627275389831 ], [ -85.721983870725012, 38.168776277328476 ] ], [ [ -85.721983870725012, 38.168776277328476 ], [ -85.721923869660273, 38.168887277443723 ] ], [ [ -85.721923869660273, 38.168887277443723 ], [ -85.721833869310487, 38.168977275468677 ] ], [ [ -85.721833869310487, 38.168977275468677 ], [ -85.721724870304769, 38.169067276228709 ] ], [ [ -85.721724870304769, 38.169067276228709 ], [ -85.721604870454058, 38.169136275413912 ] ], [ [ -85.721604870454058, 38.169136275413912 ], [ -85.721443871034325, 38.169186275173374 ] ], [ [ -85.721443871034325, 38.169186275173374 ], [ -85.721343869340899, 38.169206277072995 ] ], [ [ -85.721343869340899, 38.169206277072995 ], [ -85.721213871688732, 38.169226276118245 ] ], [ [ -85.721213871688732, 38.169226276118245 ], [ -85.720813869737754, 38.169216276696211 ] ], [ [ -85.720813869737754, 38.169216276696211 ], [ -85.720503870709138, 38.169216277991332 ] ], [ [ -85.717208869314419, 38.169188275475896 ], [ -85.720503870709138, 38.169216277991332 ] ], [ [ -85.717203866261585, 38.16873627811956 ], [ -85.717208869314419, 38.169188275475896 ] ], [ [ -85.717224869638073, 38.16669627720173 ], [ -85.717203866261585, 38.16873627811956 ] ], [ [ -85.71725386833721, 38.166596277374893 ], [ -85.717224869638073, 38.16669627720173 ] ], [ [ -85.71725386833721, 38.166596277374893 ], [ -85.717266867752841, 38.165314277095142 ] ], [ [ -85.717266867752841, 38.165314277095142 ], [ -85.718165868516579, 38.165367275715589 ] ], [ [ -85.718165868516579, 38.165367275715589 ], [ -85.718442866786546, 38.16545627680572 ] ], [ [ -85.718442866786546, 38.16545627680572 ], [ -85.718603867965712, 38.165474274500518 ] ], [ [ -85.718603867965712, 38.165474274500518 ], [ -85.71870786948972, 38.165429277126364 ] ], [ [ -85.71870786948972, 38.165429277126364 ], [ -85.718776870786954, 38.165331275855635 ] ], [ [ -85.718776870786954, 38.165331275855635 ], [ -85.71876486746622, 38.165197276767877 ] ], [ [ -85.71876486746622, 38.165197276767877 ], [ -85.718591867517375, 38.165144276735504 ] ], [ [ -85.718591867517375, 38.165144276735504 ], [ -85.718407866588663, 38.165153277070814 ] ], [ [ -85.718407866588663, 38.165153277070814 ], [ -85.718199868943287, 38.165251276817415 ] ], [ [ -85.718199868943287, 38.165251276817415 ], [ -85.718165868516579, 38.165367275715589 ] ], [ [ -85.694154859610606, 38.151826274423676 ], [ -85.694414859536465, 38.152286274400232 ] ], [ [ -85.693533861769708, 38.150727275332898 ], [ -85.694154859610606, 38.151826274423676 ] ], [ [ -85.692754861139548, 38.149297275271529 ], [ -85.693533861769708, 38.150727275332898 ] ], [ [ -85.69248785923368, 38.148804274920479 ], [ -85.692754861139548, 38.149297275271529 ] ], [ [ -85.69190486167561, 38.147806272388564 ], [ -85.69248785923368, 38.148804274920479 ] ], [ [ -85.691804859776283, 38.147626272474753 ], [ -85.69190486167561, 38.147806272388564 ] ], [ [ -85.691714857586589, 38.147457275085529 ], [ -85.691804859776283, 38.147626272474753 ] ], [ [ -85.691643860878187, 38.147336272351204 ], [ -85.691714857586589, 38.147457275085529 ] ], [ [ -85.691153858156, 38.146467273882365 ], [ -85.691643860878187, 38.147336272351204 ] ], [ [ -85.691094859561758, 38.146356273824118 ], [ -85.691153858156, 38.146467273882365 ] ], [ [ -85.690234859755108, 38.144787272731399 ], [ -85.691094859561758, 38.146356273824118 ] ], [ [ -85.689803856702483, 38.14402627232441 ], [ -85.690234859755108, 38.144787272731399 ] ], [ [ -85.6894148570738, 38.143317272801013 ], [ -85.689803856702483, 38.14402627232441 ] ], [ [ -85.689154859727537, 38.142826272800797 ], [ -85.6894148570738, 38.143317272801013 ] ], [ [ -85.688863858003259, 38.14232727151186 ], [ -85.689154859727537, 38.142826272800797 ] ], [ [ -85.68849385877914, 38.141656274351433 ], [ -85.688863858003259, 38.14232727151186 ] ], [ [ -85.688204857029845, 38.141126271223889 ], [ -85.68849385877914, 38.141656274351433 ] ], [ [ -85.687863858119755, 38.140506271562465 ], [ -85.688204857029845, 38.141126271223889 ] ], [ [ -85.687593856228148, 38.14000727264542 ], [ -85.687863858119755, 38.140506271562465 ] ], [ [ -85.687224856200359, 38.139346273261658 ], [ -85.687593856228148, 38.14000727264542 ] ], [ [ -85.687153857998027, 38.139216273577112 ], [ -85.687224856200359, 38.139346273261658 ] ], [ [ -85.68712485585128, 38.139166272924662 ], [ -85.687153857998027, 38.139216273577112 ] ], [ [ -85.687074855862349, 38.139076272723095 ], [ -85.68712485585128, 38.139166272924662 ] ], [ [ -85.686933856139007, 38.138827273790476 ], [ -85.687074855862349, 38.139076272723095 ] ], [ [ -85.686733857819547, 38.138496270736603 ], [ -85.686933856139007, 38.138827273790476 ] ], [ [ -85.686653855678756, 38.138346271421085 ], [ -85.686733857819547, 38.138496270736603 ] ], [ [ -85.686473854774135, 38.138017273587131 ], [ -85.686653855678756, 38.138346271421085 ] ], [ [ -85.686144857521313, 38.13740727253635 ], [ -85.686473854774135, 38.138017273587131 ] ], [ [ -85.685994859088737, 38.137127273868991 ], [ -85.686144857521313, 38.13740727253635 ] ], [ [ -85.685753858672641, 38.136677272819625 ], [ -85.685994859088737, 38.137127273868991 ] ], [ [ -85.685533856870677, 38.136276272315158 ], [ -85.685753858672641, 38.136677272819625 ] ], [ [ -85.684524855748336, 38.134417270569635 ], [ -85.685533856870677, 38.136276272315158 ] ], [ [ -85.684143853867852, 38.133746271995548 ], [ -85.684524855748336, 38.134417270569635 ] ], [ [ -85.683863858401054, 38.133247271023087 ], [ -85.684143853867852, 38.133746271995548 ] ], [ [ -85.683714856783411, 38.132977271238225 ], [ -85.683863858401054, 38.133247271023087 ] ], [ [ -85.683294857990504, 38.132216270443948 ], [ -85.683714856783411, 38.132977271238225 ] ], [ [ -85.682984853856041, 38.131647270972998 ], [ -85.683294857990504, 38.132216270443948 ] ], [ [ -85.68201385698525, 38.129876272783335 ], [ -85.682984853856041, 38.131647270972998 ] ], [ [ -85.681793853256423, 38.129477270411101 ], [ -85.68201385698525, 38.129876272783335 ] ], [ [ -85.681203856282139, 38.128416270126195 ], [ -85.681793853256423, 38.129477270411101 ] ], [ [ -85.681203856282139, 38.128416270126195 ], [ -85.681063853074093, 38.128467272162673 ] ], [ [ -85.681063853074093, 38.128467272162673 ], [ -85.680573855458249, 38.128636271917834 ] ], [ [ -85.680573855458249, 38.128636271917834 ], [ -85.679533853096444, 38.128986271310552 ] ], [ [ -85.679533853096444, 38.128986271310552 ], [ -85.67880485464687, 38.129236269366409 ] ], [ [ -85.67880485464687, 38.129236269366409 ], [ -85.678574855989694, 38.129336271231558 ] ], [ [ -85.678574855989694, 38.129336271231558 ], [ -85.678193854834518, 38.129586271637578 ] ], [ [ -85.678193854834518, 38.129586271637578 ], [ -85.677944853831093, 38.129696271756266 ] ], [ [ -85.677944853831093, 38.129696271756266 ], [ -85.677382852634977, 38.129873269952874 ] ], [ [ -85.677382852634977, 38.129873269952874 ], [ -85.675960852145067, 38.130361272892365 ] ], [ [ -85.675960852145067, 38.130361272892365 ], [ -85.674643852515118, 38.130817270990278 ] ], [ [ -85.674643852515118, 38.130817270990278 ], [ -85.672653852015202, 38.131527270344186 ] ], [ [ -85.671933852906122, 38.130357273233898 ], [ -85.672653852015202, 38.131527270344186 ] ], [ [ -85.671933852906122, 38.130357273233898 ], [ -85.670803852722855, 38.130807270302817 ] ], [ [ -85.670803852722855, 38.130807270302817 ], [ -85.672454855207562, 38.133566273312354 ] ], [ [ -85.672454855207562, 38.133566273312354 ], [ -85.672454852783744, 38.133627273472619 ] ], [ [ -85.672454852783744, 38.133627273472619 ], [ -85.672423854514861, 38.133687271708041 ] ], [ [ -85.672423854514861, 38.133687271708041 ], [ -85.672383850813645, 38.133717272797163 ] ], [ [ -85.672383850813645, 38.133717272797163 ], [ -85.671523853559776, 38.134137270376733 ] ], [ [ -85.671523853559776, 38.134137270376733 ], [ -85.670413851727119, 38.13462627135906 ] ], [ [ -85.670413851727119, 38.13462627135906 ], [ -85.669373849520355, 38.135157273337654 ] ], [ [ -85.669373849520355, 38.135157273337654 ], [ -85.669553850288636, 38.135436271649354 ] ], [ [ -85.669553850288636, 38.135436271649354 ], [ -85.669593854365061, 38.135597274042887 ] ], [ [ -85.669593854365061, 38.135597274042887 ], [ -85.669593851758037, 38.135806272083983 ] ], [ [ -85.669593851758037, 38.135806272083983 ], [ -85.669503854336028, 38.137066271667464 ] ], [ [ -85.669503854336028, 38.137066271667464 ], [ -85.669453849890701, 38.137686273768487 ] ], [ [ -85.669453849890701, 38.137686273768487 ], [ -85.669453849520551, 38.137837272062875 ] ], [ [ -85.669453849520551, 38.137837272062875 ], [ -85.670754852541165, 38.137896273107529 ] ], [ [ -85.670754852541165, 38.137896273107529 ], [ -85.672144851934462, 38.137956271841198 ] ], [ [ -85.672144851934462, 38.137956271841198 ], [ -85.673073855282112, 38.137996274482127 ] ], [ [ -85.673073855282112, 38.137996274482127 ], [ -85.673703851501145, 38.13802727377297 ] ], [ [ -85.673703851501145, 38.13802727377297 ], [ -85.675104855522008, 38.138086272152087 ] ], [ [ -85.675104855522008, 38.138086272152087 ], [ -85.676793853475388, 38.138127274100022 ] ], [ [ -85.676793853475388, 38.138127274100022 ], [ -85.677774853963172, 38.138166273551363 ] ], [ [ -85.677894854779538, 38.13816627348767 ], [ -85.677774853963172, 38.138166273551363 ] ], [ [ -85.677894854779538, 38.13816627348767 ], [ -85.678903853163263, 38.138207272187366 ] ], [ [ -85.678903853163263, 38.138207272187366 ], [ -85.679803852943834, 38.138246272177106 ] ], [ [ -85.679803852943834, 38.138246272177106 ], [ -85.680173855174587, 38.138266273565307 ] ], [ [ -85.68042485415954, 38.138266274230233 ], [ -85.680173855174587, 38.138266273565307 ] ], [ [ -85.68042485415954, 38.138266274230233 ], [ -85.680384853911548, 38.138986271226308 ] ], [ [ -85.680384853911548, 38.138986271226308 ], [ -85.680353854249162, 38.139616272688315 ] ], [ [ -85.680353854249162, 38.139616272688315 ], [ -85.680303857207505, 38.140377271819858 ] ], [ [ -85.680303857207505, 38.140377271819858 ], [ -85.680284854362185, 38.140576273004022 ] ], [ [ -85.678273853967141, 38.140486274159578 ], [ -85.680284854362185, 38.140576273004022 ] ], [ [ -85.678003853710706, 38.140477273676737 ], [ -85.678273853967141, 38.140486274159578 ] ], [ [ -85.676833855766887, 38.14042627302603 ], [ -85.678003853710706, 38.140477273676737 ] ], [ [ -85.676544854199548, 38.140416272665512 ], [ -85.676833855766887, 38.14042627302603 ] ], [ [ -85.676350856491496, 38.140395274174303 ], [ -85.676544854199548, 38.140416272665512 ] ], [ [ -85.675784855940222, 38.140236274394113 ], [ -85.676350856491496, 38.140395274174303 ] ], [ [ -85.67558385522814, 38.140187271840986 ], [ -85.675784855940222, 38.140236274394113 ] ], [ [ -85.674974854632381, 38.140122273126146 ], [ -85.67558385522814, 38.140187271840986 ] ], [ [ -85.675024854245478, 38.139406272622097 ], [ -85.674974854632381, 38.140122273126146 ] ], [ [ -85.675104855522008, 38.138086272152087 ], [ -85.675024854245478, 38.139406272622097 ] ], [ [ -85.675114854057952, 38.137927272899709 ], [ -85.675104855522008, 38.138086272152087 ] ], [ [ -85.673714852712209, 38.137866271323148 ], [ -85.675114854057952, 38.137927272899709 ] ], [ [ -85.672163852178926, 38.137796274000387 ], [ -85.673714852712209, 38.137866271323148 ] ], [ [ -85.670773853607329, 38.137737274508169 ], [ -85.672163852178926, 38.137796274000387 ] ], [ [ -85.669453849890701, 38.137686273768487 ], [ -85.670773853607329, 38.137737274508169 ] ], [ [ -85.674974854632381, 38.140122273126146 ], [ -85.67485385409519, 38.141817271494951 ] ], [ [ -85.67485385409519, 38.141817271494951 ], [ -85.674804854538877, 38.142507272098875 ] ], [ [ -85.674804854538877, 38.142507272098875 ], [ -85.674754852862151, 38.14377727513228 ] ], [ [ -85.674754852862151, 38.14377727513228 ], [ -85.674693855317486, 38.143887274011369 ] ], [ [ -85.674693855317486, 38.143887274011369 ], [ -85.674063855226876, 38.143836272266789 ] ], [ [ -85.674063855226876, 38.143836272266789 ], [ -85.673844853984704, 38.143936273945933 ] ], [ [ -85.673844853984704, 38.143936273945933 ], [ -85.673754855978146, 38.144006275488962 ] ], [ [ -85.673754855978146, 38.144006275488962 ], [ -85.673653855619435, 38.144076273956955 ] ], [ [ -85.673653855619435, 38.144076273956955 ], [ -85.673413853696402, 38.144256275182137 ] ], [ [ -85.673413853696402, 38.144256275182137 ], [ -85.673184854848358, 38.144427274308555 ] ], [ [ -85.673184854848358, 38.144427274308555 ], [ -85.672944854598668, 38.144487272316098 ] ], [ [ -85.67276485315945, 38.144476275664118 ], [ -85.672944854598668, 38.144487272316098 ] ], [ [ -85.672544853063854, 38.144466274730689 ], [ -85.67276485315945, 38.144476275664118 ] ], [ [ -85.672094855064842, 38.144446273385128 ], [ -85.672544853063854, 38.144466274730689 ] ], [ [ -85.67216385234957, 38.143636272023251 ], [ -85.672094855064842, 38.144446273385128 ] ], [ [ -85.672184852523628, 38.143337273765034 ], [ -85.67216385234957, 38.143636272023251 ] ], [ [ -85.672073854525664, 38.143327274603344 ], [ -85.672184852523628, 38.143337273765034 ] ], [ [ -85.671893851790685, 38.143306273043201 ], [ -85.672073854525664, 38.143327274603344 ] ], [ [ -85.671703853535604, 38.143286275332379 ], [ -85.671893851790685, 38.143306273043201 ] ], [ [ -85.671523853046367, 38.14327627577935 ], [ -85.671703853535604, 38.143286275332379 ] ], [ [ -85.67133485250821, 38.143257274594859 ], [ -85.671523853046367, 38.14327627577935 ] ], [ [ -85.671123854659655, 38.143237274413437 ], [ -85.67133485250821, 38.143257274594859 ] ], [ [ -85.67094385437133, 38.143227273965181 ], [ -85.671123854659655, 38.143237274413437 ] ], [ [ -85.670763852006814, 38.143216274276874 ], [ -85.67094385437133, 38.143227273965181 ] ], [ [ -85.670574853749386, 38.143206273029286 ], [ -85.670763852006814, 38.143216274276874 ] ], [ [ -85.670373854141019, 38.143186273287057 ], [ -85.670574853749386, 38.143206273029286 ] ], [ [ -85.670193854149076, 38.143176275113397 ], [ -85.670373854141019, 38.143186273287057 ] ], [ [ -85.669993851936155, 38.143167275471122 ], [ -85.670193854149076, 38.143176275113397 ] ], [ [ -85.669804853911927, 38.143157272975671 ], [ -85.669993851936155, 38.143167275471122 ] ], [ [ -85.669614851846262, 38.143147272098261 ], [ -85.669804853911927, 38.143157272975671 ] ], [ [ -85.669473852371382, 38.143137275223616 ], [ -85.669614851846262, 38.143147272098261 ] ], [ [ -85.669473852371382, 38.143137275223616 ], [ -85.669243854211828, 38.14313727327216 ] ], [ [ -85.668963852317034, 38.143126275945313 ], [ -85.669243854211828, 38.14313727327216 ] ], [ [ -85.669494854931315, 38.142736274346277 ], [ -85.668963852317034, 38.143126275945313 ] ], [ [ -85.669503852924308, 38.142687272767382 ], [ -85.669494854931315, 38.142736274346277 ] ], [ [ -85.669643854838185, 38.142576273736061 ], [ -85.669503852924308, 38.142687272767382 ] ], [ [ -85.669714852262985, 38.142517272431576 ], [ -85.669643854838185, 38.142576273736061 ] ], [ [ -85.669863851893439, 38.142396273260424 ], [ -85.669714852262985, 38.142517272431576 ] ], [ [ -85.669974853312411, 38.142327272012608 ], [ -85.669863851893439, 38.142396273260424 ] ], [ [ -85.670064854009496, 38.142286274916415 ], [ -85.669974853312411, 38.142327272012608 ] ], [ [ -85.670064854009496, 38.142286274916415 ], [ -85.670143853753714, 38.142276273930435 ] ], [ [ -85.670143853753714, 38.142276273930435 ], [ -85.670263851846073, 38.142296275329777 ] ], [ [ -85.670263851846073, 38.142296275329777 ], [ -85.670443853701528, 38.142316273527662 ] ], [ [ -85.670443853701528, 38.142316273527662 ], [ -85.670623853500999, 38.142337273895052 ] ], [ [ -85.670623853500999, 38.142337273895052 ], [ -85.670813850936213, 38.142366274535917 ] ], [ [ -85.670813850936213, 38.142366274535917 ], [ -85.670993853116073, 38.142386271884796 ] ], [ [ -85.670993853116073, 38.142386271884796 ], [ -85.671173851116123, 38.142406272440958 ] ], [ [ -85.671173851116123, 38.142406272440958 ], [ -85.671374851176751, 38.142417273015539 ] ], [ [ -85.671374851176751, 38.142417273015539 ], [ -85.671564851644646, 38.142427274458328 ] ], [ [ -85.671564851644646, 38.142427274458328 ], [ -85.671763854418998, 38.142437272259137 ] ], [ [ -85.671763854418998, 38.142437272259137 ], [ -85.671954854797576, 38.142447274608841 ] ], [ [ -85.671954854797576, 38.142447274608841 ], [ -85.672153851189606, 38.142456272834806 ] ], [ [ -85.672153851189606, 38.142456272834806 ], [ -85.672343851813295, 38.142476273192869 ] ], [ [ -85.672343851813295, 38.142476273192869 ], [ -85.672533852541534, 38.142496273241335 ] ], [ [ -85.672724853181705, 38.142496274145614 ], [ -85.672533852541534, 38.142496273241335 ] ], [ [ -85.672724853181705, 38.142496274145614 ], [ -85.672904854128205, 38.142507274239961 ] ], [ [ -85.672904854128205, 38.142507274239961 ], [ -85.673094855041526, 38.142517273190052 ] ], [ [ -85.673094855041526, 38.142517273190052 ], [ -85.673283851998377, 38.142537273970866 ] ], [ [ -85.673283851998377, 38.142537273970866 ], [ -85.673463853151034, 38.142546275224873 ] ], [ [ -85.673463853151034, 38.142546275224873 ], [ -85.673603852356379, 38.14255627261381 ] ], [ [ -85.673603852356379, 38.14255627261381 ], [ -85.673664852164492, 38.142586273443364 ] ], [ [ -85.673664852164492, 38.142586273443364 ], [ -85.673953855250659, 38.142726273144582 ] ], [ [ -85.674243855161606, 38.142347273270495 ], [ -85.673953855250659, 38.142726273144582 ] ], [ [ -85.674243855161606, 38.142347273270495 ], [ -85.674804854538877, 38.142507272098875 ] ], [ [ -85.741534880058737, 38.212946283976507 ], [ -85.741603877309984, 38.213136282368879 ] ], [ [ -85.741603877309984, 38.213136282368879 ], [ -85.741743880845547, 38.213376284275128 ] ], [ [ -85.741743880845547, 38.213376284275128 ], [ -85.741884880426298, 38.213617282583172 ] ], [ [ -85.741884880426298, 38.213617282583172 ], [ -85.742003879395924, 38.213817283892247 ] ], [ [ -85.742003879395924, 38.213817283892247 ], [ -85.742093879368198, 38.213977284027635 ] ], [ [ -85.742093879368198, 38.213977284027635 ], [ -85.742164880095388, 38.214089283425494 ] ], [ [ -85.742164880095388, 38.214089283425494 ], [ -85.742244878429887, 38.214216283130554 ] ], [ [ -85.742244878429887, 38.214216283130554 ], [ -85.742524880694148, 38.214636283899083 ] ], [ [ -85.742524880694148, 38.214636283899083 ], [ -85.74265487865614, 38.214836284688097 ] ], [ [ -85.743123881701706, 38.214597283957396 ], [ -85.74265487865614, 38.214836284688097 ] ], [ [ -85.750974883844094, 38.214196283472752 ], [ -85.751384881909416, 38.214226284645001 ] ], [ [ -85.751034881258946, 38.213797283305617 ], [ -85.750974883844094, 38.214196283472752 ] ] ] } },
{ "type": "Feature", "properties": { "OBJECTID": 13, "ROUTE_NAME": "Eastern Parkway", "ROUTE_TYPE": "Local Route", "ROUTE_NUMBER": 29, "TARC_WEB": "https://www.ridetarc.org/bus_routes/eastern-parkway/", "SHAPELEN": 161230.631047061 }, "geometry": { "type": "MultiLineString", "coordinates": [ [ [ -85.872165235109406, 38.130896018817914 ], [ -85.872220057260122, 38.130082011818573 ], [ -85.872236994632075, 38.129605872816384 ], [ -85.872251732064768, 38.129231640948589 ], [ -85.872462622900372, 38.129207064318415 ], [ -85.87278171766016, 38.129082767855017 ], [ -85.873024936435513, 38.128880984831184 ], [ -85.873159466441351, 38.128656885487949 ], [ -85.874043161217273, 38.12869947095578 ], [ -85.874385924340402, 38.12871062544265 ], [ -85.874343912494666, 38.129637262921349 ], [ -85.874324910570365, 38.130066260695834 ], [ -85.87430390978858, 38.130496261292151 ], [ -85.874253912245933, 38.131017261299903 ], [ -85.872149083011919, 38.130959700516499 ], [ -85.868521998145781, 38.130841429535295 ], [ -85.868430613012094, 38.131744580218538 ], [ -85.868181120137265, 38.134118398007161 ], [ -85.868018103550369, 38.135707206587227 ], [ -85.862566525869894, 38.13555780636311 ], [ -85.86136199333103, 38.135533536236565 ], [ -85.860210889004421, 38.135491941028818 ], [ -85.859837437182719, 38.139228332722972 ], [ -85.859571137830841, 38.142305189440648 ], [ -85.85936671084923, 38.144347694175032 ], [ -85.866604668076647, 38.14460440814117 ], [ -85.868761248535506, 38.144603446982728 ], [ -85.871863913349742, 38.144757265328195 ], [ -85.871854912138375, 38.145246263457622 ], [ -85.871844913083407, 38.145677263390048 ], [ -85.871823912171905, 38.145886265644954 ], [ -85.871793913227407, 38.146027267142451 ], [ -85.871743911426535, 38.146166267237476 ], [ -85.871683910636577, 38.146297266537672 ], [ -85.871463912481119, 38.146706265718848 ], [ -85.87114691305581, 38.147315264139344 ], [ -85.870923910644464, 38.147766266376443 ], [ -85.870563913539868, 38.14846726615658 ], [ -85.870483910326385, 38.148637264311468 ], [ -85.870454909137393, 38.148717266455058 ], [ -85.870374910882603, 38.14893726712679 ], [ -85.870173910871031, 38.149527265725695 ], [ -85.869933910168058, 38.150326265068024 ], [ -85.869393909341454, 38.152186265744085 ], [ -85.868974913682877, 38.153626267722174 ], [ -85.86841390952813, 38.155557268581298 ], [ -85.868083912092814, 38.156626266167848 ], [ -85.867704912268664, 38.157917268603775 ], [ -85.867524910870515, 38.158457266421692 ], [ -85.867333913006092, 38.159036268386288 ], [ -85.867174910815123, 38.159566269088693 ], [ -85.867013910477866, 38.160096266323364 ], [ -85.866793910629767, 38.160797268427352 ], [ -85.866684911117247, 38.16114726964291 ], [ -85.866333909680421, 38.162217269733652 ], [ -85.866203910947348, 38.162626270210374 ], [ -85.866174909129043, 38.162726268668507 ], [ -85.865774909687687, 38.16399626926831 ], [ -85.865663912034364, 38.164407268189223 ], [ -85.865653911310474, 38.164426267955413 ], [ -85.865554912009543, 38.164806268216211 ], [ -85.867842524831488, 38.165906976528674 ], [ -85.86900843136695, 38.166445175404036 ], [ -85.870345455288358, 38.167055796023405 ], [ -85.870825510604035, 38.167294810836765 ], [ -85.871799557303362, 38.167806679760815 ], [ -85.872845107966228, 38.16842647722823 ], [ -85.874245795588408, 38.169291135403441 ], [ -85.876021934540404, 38.17018699003274 ], [ -85.875106348549849, 38.171864792918896 ], [ -85.874844920539502, 38.172302130321803 ], [ -85.874518947481675, 38.172705163221551 ], [ -85.874009285421238, 38.173163134075303 ], [ -85.87356422238679, 38.173494072768641 ], [ -85.872916037976864, 38.173815919341038 ], [ -85.870744712189222, 38.174842015818733 ], [ -85.8660780545991, 38.177008733304788 ], [ -85.865436280111197, 38.177294071848813 ], [ -85.865140463553132, 38.177426563850872 ], [ -85.864760317325889, 38.177552219815453 ], [ -85.863799229227681, 38.177765431585286 ], [ -85.861893910677139, 38.178067273505185 ] ], [ [ -85.861893910677139, 38.178067273505185 ], [ -85.861644909348499, 38.178147273982738 ], [ -85.861443912856672, 38.178216270527308 ], [ -85.861293910306799, 38.178276271643846 ], [ -85.861163909641448, 38.17833727344749 ], [ -85.861044910947896, 38.178406269826418 ], [ -85.86094390979359, 38.17845627309287 ], [ -85.860673910950013, 38.178627273025363 ], [ -85.860523909517852, 38.178736273121473 ], [ -85.860384911126133, 38.178856271711936 ], [ -85.86024491212963, 38.178987273150319 ], [ -85.859323909507623, 38.179867273355406 ], [ -85.857753912924167, 38.181387271156439 ], [ -85.857624911830428, 38.181516274194088 ], [ -85.856814911087696, 38.182297273428496 ], [ -85.856464910309214, 38.182636273077073 ], [ -85.85627490907369, 38.182816271289958 ], [ -85.855614909716181, 38.183457273775822 ], [ -85.855268041160713, 38.183822211308666 ] ], [ [ -85.861893910677139, 38.178067273505185 ], [ -85.861954910650255, 38.178177270407829 ], [ -85.861563913170116, 38.178296271724122 ], [ -85.861383910013828, 38.178366272439817 ], [ -85.861224908973156, 38.178437273665594 ], [ -85.861083912602396, 38.178507270777217 ], [ -85.860943911400966, 38.178586272612307 ], [ -85.860774909783345, 38.178697272508082 ], [ -85.860654909811473, 38.17878727200204 ], [ -85.860474910689504, 38.178936272709358 ], [ -85.860346912971849, 38.179061272415545 ], [ -85.859434911541143, 38.179936270888454 ], [ -85.857864911516344, 38.18145627366615 ], [ -85.857733910426845, 38.181587271525046 ], [ -85.85657390911993, 38.182706272471265 ], [ -85.856403911783673, 38.18287627305088 ], [ -85.856213909845692, 38.183056274592808 ], [ -85.855344910382769, 38.183886271840059 ], [ -85.854654908862699, 38.184557274263689 ], [ -85.853653908875188, 38.185527274398822 ], [ -85.853203910824746, 38.185977272462651 ], [ -85.852963909247464, 38.186206275578023 ], [ -85.852333907538068, 38.186866274019735 ], [ -85.851774907522866, 38.187466273275916 ], [ -85.850214910584256, 38.189286274325276 ], [ -85.849934908416387, 38.189626274225049 ], [ -85.849624909277338, 38.189957274641202 ], [ -85.849254906748655, 38.190327275448915 ], [ -85.848843907026762, 38.190696274714455 ], [ -85.848494907161438, 38.190996273812608 ], [ -85.847594909256443, 38.191686274897656 ], [ -85.847184908987003, 38.191986274232619 ], [ -85.846933906999382, 38.192176274732681 ], [ -85.846773907313775, 38.192297274946505 ], [ -85.845894909557714, 38.192966277233865 ], [ -85.845603908756573, 38.193187276287119 ], [ -85.844513907950244, 38.193997274247124 ], [ -85.843914906125391, 38.194467276808425 ], [ -85.843443908482797, 38.194817277353408 ], [ -85.842633906098953, 38.195416277003588 ], [ -85.842223906979385, 38.195736276279654 ], [ -85.842024905729332, 38.195887274491533 ], [ -85.841673907121276, 38.196147274398449 ], [ -85.841214907482197, 38.196496274597393 ], [ -85.840884909004728, 38.196746277068996 ], [ -85.840653905852193, 38.196926275409346 ], [ -85.84046390753177, 38.197077275166166 ], [ -85.840203904755938, 38.197266277855114 ], [ -85.839714907171228, 38.197636275467808 ], [ -85.838874906686954, 38.198256275472538 ], [ -85.837453350053963, 38.199372791294032 ], [ -85.837329964417549, 38.199293508287958 ] ], [ [ -85.855268041160713, 38.183822211308666 ], [ -85.854706440377086, 38.183306087168518 ], [ -85.853820964071744, 38.182484353358788 ], [ -85.853593909592163, 38.182186272054508 ], [ -85.853473911153941, 38.182006271668371 ], [ -85.853333909907064, 38.181767274423095 ], [ -85.853013907839227, 38.181027272756111 ], [ -85.852914906740921, 38.180847271713276 ], [ -85.852833908297356, 38.180726274294912 ], [ -85.852724907072812, 38.180597274549285 ], [ -85.852594909305481, 38.180487273231442 ], [ -85.852473910795737, 38.180407273188308 ], [ -85.852263909020962, 38.180296272710223 ], [ -85.851417907839604, 38.179918274221833 ], [ -85.850604908554885, 38.179556271575045 ], [ -85.849513909573389, 38.179077272791716 ], [ -85.848933908345145, 38.178816274399431 ], [ -85.848714905724336, 38.178707272319009 ], [ -85.848523905796782, 38.178607272126619 ], [ -85.848234905946356, 38.178447272426752 ], [ -85.847443906229813, 38.178006271634558 ], [ -85.847133909250076, 38.177826270876594 ], [ -85.84706790804232, 38.177790272539141 ], [ -85.846374908564059, 38.177396270727442 ], [ -85.845403907463407, 38.17684627219186 ], [ -85.845053905259732, 38.17666627408984 ], [ -85.844863904500571, 38.176596272928933 ], [ -85.844674906462132, 38.176537270970044 ], [ -85.844523907047105, 38.176506271130023 ], [ -85.844323907575998, 38.17647627028613 ], [ -85.844113905081372, 38.176467271832983 ], [ -85.843644908228484, 38.176447272105946 ], [ -85.843243903967164, 38.176426273336624 ], [ -85.842384904304211, 38.176396272172852 ], [ -85.840894904115316, 38.176336273049621 ], [ -85.839973905156668, 38.176287273748571 ], [ -85.839624904186095, 38.176267273800399 ], [ -85.837924903461897, 38.176187271630248 ], [ -85.837673904764699, 38.176177271283436 ], [ -85.835444904501784, 38.176056272032319 ], [ -85.834954902943906, 38.176026271825037 ], [ -85.834393905307621, 38.17600727195034 ], [ -85.833784903995621, 38.175987273191616 ], [ -85.832673901049333, 38.175976272599144 ], [ -85.832604904523265, 38.175976271342279 ], [ -85.831863904522535, 38.175987271651472 ], [ -85.831534904540462, 38.175987272485919 ], [ -85.830364900248867, 38.175927274105661 ], [ -85.829994903063536, 38.175907272344269 ], [ -85.82937490162324, 38.175876273094602 ], [ -85.828853900551863, 38.175846272165145 ], [ -85.827564900276997, 38.17579627387542 ], [ -85.826923900884282, 38.175747271512684 ], [ -85.826703902589827, 38.175706274578708 ], [ -85.826314899802739, 38.17559627384189 ], [ -85.825914898815682, 38.175436274049488 ], [ -85.824954898083163, 38.175046271508506 ], [ -85.824604901720249, 38.174896272410244 ], [ -85.824043898961818, 38.174647271540614 ], [ -85.823353898239631, 38.174326273076822 ], [ -85.822984897816923, 38.174637272846461 ], [ -85.822863900806297, 38.174737274289576 ], [ -85.821994901772811, 38.175477273582743 ], [ -85.821544899182882, 38.175856273238111 ], [ -85.820824898653072, 38.176486273706708 ], [ -85.820234898659876, 38.176977274259762 ], [ -85.819543899153388, 38.177566273698538 ], [ -85.819123900197283, 38.177926273548948 ], [ -85.818689897384431, 38.178338274817172 ], [ -85.81776489831195, 38.179237273922794 ], [ -85.816793895710219, 38.180186274064617 ], [ -85.816534900982631, 38.18044627440635 ], [ -85.816393898969324, 38.180577273328026 ], [ -85.816104898584129, 38.180867275053217 ], [ -85.815914897854896, 38.181117274346278 ], [ -85.815864897445152, 38.18118627291939 ], [ -85.815694899217462, 38.181407275814742 ], [ -85.815504897913684, 38.181667274803836 ], [ -85.815303898134161, 38.181957274605359 ], [ -85.814943897738502, 38.182487274212342 ], [ -85.814503899714083, 38.183146273543997 ], [ -85.814183898710809, 38.183616274270385 ], [ -85.813354897777501, 38.184817274249582 ], [ -85.813233899244096, 38.184997275288097 ], [ -85.813134896876534, 38.185136276160783 ], [ -85.812944896032548, 38.185406274470125 ], [ -85.812603899945316, 38.185917274245362 ], [ -85.812463898830075, 38.186097274851136 ], [ -85.81233389561234, 38.186247274113299 ], [ -85.811613896246655, 38.187206276763568 ], [ -85.811533896134861, 38.187327276570564 ], [ -85.811163897161848, 38.187846274361753 ], [ -85.810863896314132, 38.188257275816738 ], [ -85.81071389582246, 38.188466276198525 ], [ -85.81062389718268, 38.188587275172594 ], [ -85.809974898066869, 38.189497275632064 ], [ -85.809884899013454, 38.189626276367648 ], [ -85.809673896894097, 38.189906275411303 ], [ -85.808613896101605, 38.191287277875716 ], [ -85.80802389775063, 38.192046277142857 ], [ -85.806063796228827, 38.190718318207139 ], [ -85.805179879639368, 38.190078147741701 ], [ -85.804381417568067, 38.189514497617203 ], [ -85.804042941097492, 38.189335476768605 ], [ -85.801294188737586, 38.189255318738851 ], [ -85.80106506142441, 38.189857659092525 ], [ -85.800921374096106, 38.190310382076213 ], [ -85.800835474381174, 38.191661851779365 ], [ -85.800762320397141, 38.192896662825753 ], [ -85.800721408960598, 38.193309528570282 ], [ -85.800725802044155, 38.193523384688184 ], [ -85.800728376098846, 38.194205527974688 ], [ -85.800632415447907, 38.194461069211854 ], [ -85.800438353866241, 38.194663709912113 ], [ -85.800309815071316, 38.194750243901218 ], [ -85.799997620280564, 38.194888192573252 ], [ -85.79979765330981, 38.194978860508982 ], [ -85.79956863315229, 38.195076131061256 ], [ -85.799436137447984, 38.195162009402118 ], [ -85.799357935754799, 38.195221800240802 ], [ -85.799292896053615, 38.195276836650294 ], [ -85.799212593264002, 38.195380312893157 ], [ -85.79915207453729, 38.19549603291302 ], [ -85.79911461909893, 38.1956482452023 ], [ -85.799076050473033, 38.196093575912933 ], [ -85.799053894041506, 38.196797276883714 ], [ -85.7959638949729, 38.196707278644183 ], [ -85.793343892335074, 38.196646278833732 ], [ -85.79079489315788, 38.196548277470356 ], [ -85.790214892031173, 38.196527278406656 ], [ -85.788843892756802, 38.196496279556229 ], [ -85.788234889611857, 38.196476277894213 ], [ -85.785663889544054, 38.196406279118179 ], [ -85.7842448900888, 38.196357278512302 ], [ -85.783824891216668, 38.196357279115887 ], [ -85.783654891455754, 38.196357278442918 ], [ -85.782974890544466, 38.196327279166276 ], [ -85.782924888974009, 38.196777278078329 ], [ -85.782924889410552, 38.196816280399567 ], [ -85.782903887371617, 38.197026278309252 ], [ -85.782884891786864, 38.197386278866794 ], [ -85.782873890497513, 38.197537279730128 ], [ -85.782853891455204, 38.197756279498904 ], [ -85.782813888203066, 38.198096280637074 ], [ -85.782763890288763, 38.198616278214061 ], [ -85.78266488990387, 38.199687280719893 ], [ -85.782583891268985, 38.200577278568737 ], [ -85.782583889167768, 38.200626277803174 ], [ -85.782564888840568, 38.200806279178956 ], [ -85.782474889596131, 38.201136280548752 ], [ -85.78242389005473, 38.201246280935962 ], [ -85.782323889887806, 38.201397279565001 ], [ -85.782193888842968, 38.201567278819837 ], [ -85.781923889260213, 38.201827281891696 ], [ -85.781496888858655, 38.202129280679003 ], [ -85.780864888630703, 38.202627279077362 ], [ -85.780644888580568, 38.202807279767867 ], [ -85.780364889767014, 38.203036279784293 ], [ -85.779784887563054, 38.203506280775507 ], [ -85.779163888917381, 38.203997279995427 ], [ -85.779014887035146, 38.204116280115898 ], [ -85.77839488748036, 38.20460728259026 ], [ -85.778013889959709, 38.204916280117459 ], [ -85.777174890458383, 38.205576279137489 ], [ -85.77713488897318, 38.205607280659038 ], [ -85.776883887586592, 38.205807281993728 ], [ -85.776753888431685, 38.205906280498873 ], [ -85.77617488895649, 38.206347282102953 ], [ -85.775293886499014, 38.207067282601578 ], [ -85.774834887765095, 38.207427279882971 ], [ -85.774593885868185, 38.207626280346403 ], [ -85.773704886044641, 38.208346280129881 ], [ -85.773363887448056, 38.208626283627815 ], [ -85.772773888310283, 38.209086282410716 ], [ -85.772404889259207, 38.20938728056413 ], [ -85.771973885963916, 38.209726282455811 ], [ -85.771824889560804, 38.209847281256309 ], [ -85.771414886292192, 38.21016628124201 ], [ -85.771144887413541, 38.210377283213845 ], [ -85.770734886504769, 38.210686283821843 ], [ -85.770583888600754, 38.210776283127593 ], [ -85.770474888253119, 38.210827282262763 ], [ -85.770313886081624, 38.210876280884818 ], [ -85.770173888069237, 38.210907281213252 ], [ -85.769924888475018, 38.210917283360196 ], [ -85.769626884676356, 38.21088428281292 ], [ -85.769164886034588, 38.210837284389498 ], [ -85.767963885389861, 38.210706282792707 ], [ -85.766324883525272, 38.210526282446743 ], [ -85.765744884393257, 38.210457283996732 ], [ -85.765493886448724, 38.21042628190245 ], [ -85.764673886355851, 38.210336284108038 ], [ -85.764114887274872, 38.210287283733393 ], [ -85.763013885523577, 38.210176283967023 ], [ -85.762944883017468, 38.210577282444596 ], [ -85.762833883851968, 38.211136282429706 ], [ -85.762803884677396, 38.211316281540043 ], [ -85.762774882851446, 38.211467283026266 ], [ -85.762713884433111, 38.211807283281622 ], [ -85.762613885307459, 38.212306282885635 ], [ -85.762584883376576, 38.212447284020058 ], [ -85.762473883374469, 38.212987281939192 ], [ -85.762404887082567, 38.213357283431534 ], [ -85.76237488229242, 38.213527282160904 ], [ -85.762364885743395, 38.213566283348207 ], [ -85.76232488472364, 38.213756285110819 ], [ -85.762224886576618, 38.21374628267435 ], [ -85.76218488617377, 38.213746282489232 ], [ -85.761914883818818, 38.213717283327554 ], [ -85.761543884952957, 38.213676285160588 ], [ -85.761024885562804, 38.213617283566251 ], [ -85.760893883308327, 38.213596283826497 ], [ -85.760773883353124, 38.213586285004347 ], [ -85.760614884791423, 38.213566282394339 ], [ -85.760413883608237, 38.213547283086584 ], [ -85.760193886305203, 38.21352728302665 ], [ -85.760133884764713, 38.213517283154481 ], [ -85.759863885014397, 38.213496281517024 ], [ -85.759603884579477, 38.213466282549639 ], [ -85.759513885337654, 38.21345728480614 ], [ -85.759373883472094, 38.213447282301559 ], [ -85.759174884361045, 38.213437283721866 ], [ -85.759093884349127, 38.213427283596481 ], [ -85.758303884168598, 38.213457281867655 ], [ -85.758134885128371, 38.21345728207028 ], [ -85.757374883355425, 38.213386282976899 ], [ -85.756453885521807, 38.213286284908826 ], [ -85.755363881274633, 38.213167284660202 ], [ -85.754653880870407, 38.21308728437829 ], [ -85.75451388232463, 38.213067282619065 ], [ -85.754354883558179, 38.213046282823761 ], [ -85.754203881256558, 38.213026285187333 ], [ -85.753713881237417, 38.212876284661554 ], [ -85.753533881523893, 38.212817283451308 ], [ -85.753173882383223, 38.212606284264254 ], [ -85.752903879928297, 38.212386284368591 ], [ -85.75275388436134, 38.212277282264743 ], [ -85.752604881212633, 38.212156282672126 ], [ -85.752343882427382, 38.211946282598063 ], [ -85.752163882730187, 38.211846282695284 ], [ -85.751744880284946, 38.21168628355727 ], [ -85.751273879874901, 38.211606284389049 ], [ -85.750704882866714, 38.211616282296688 ], [ -85.75050388298115, 38.211627283956851 ], [ -85.750174882684334, 38.211647283843831 ], [ -85.74917488171171, 38.211717283802962 ], [ -85.74866388009255, 38.211776284418605 ], [ -85.748110879829412, 38.211863282186755 ], [ -85.747713878181543, 38.211987284711526 ], [ -85.747554878101965, 38.212066285146129 ], [ -85.747344882608658, 38.212206284352206 ], [ -85.747083879667358, 38.212496282056037 ], [ -85.746654881736973, 38.212907282800273 ], [ -85.746444880688117, 38.213067284332347 ], [ -85.746013880668642, 38.213316285663232 ], [ -85.745484880337926, 38.21354728538784 ], [ -85.744724878864446, 38.213887285379052 ], [ -85.743123881701706, 38.214597283957396 ], [ -85.74265487865614, 38.214836284688097 ], [ -85.742283879652192, 38.215036285152237 ], [ -85.741593879141774, 38.215417285988877 ], [ -85.740464880592185, 38.216038284916948 ], [ -85.738474878907084, 38.217106285922711 ], [ -85.73749387975073, 38.217646286327302 ], [ -85.736953878595997, 38.217937285125977 ], [ -85.735764875275507, 38.218587285949525 ], [ -85.735253878532177, 38.218886287398121 ], [ -85.73479387484926, 38.219236286936635 ], [ -85.734403877494358, 38.219557285336542 ], [ -85.734043874792704, 38.219866287362962 ], [ -85.733694875780571, 38.220216285586737 ], [ -85.733173878171939, 38.220747284240112 ], [ -85.731343876921059, 38.222576285043189 ], [ -85.730893876861685, 38.223026287964672 ], [ -85.730594875238495, 38.22337628761008 ], [ -85.730493875502262, 38.223496287115964 ], [ -85.73040387789996, 38.223656285192178 ], [ -85.730194877438436, 38.224026286040399 ], [ -85.730043877764018, 38.224247288509261 ], [ -85.729893876974927, 38.224356288081019 ], [ -85.729633877765295, 38.224507286651807 ], [ -85.72957387825015, 38.22453628658505 ], [ -85.729284876423904, 38.224697288230566 ], [ -85.728534874178735, 38.225116286013204 ], [ -85.728254876002552, 38.225237286901603 ], [ -85.727934873953927, 38.225337286038851 ], [ -85.727643874140369, 38.225417287565563 ], [ -85.727343877075398, 38.225446288895178 ], [ -85.727044877302106, 38.22545628570996 ], [ -85.726774877795307, 38.225436288507282 ], [ -85.726293876807446, 38.2253662871207 ], [ -85.725093875865269, 38.225196288158202 ], [ -85.724683876509246, 38.225166286745505 ], [ -85.724363872600577, 38.225196288377582 ], [ -85.723823875597446, 38.225296287218768 ], [ -85.723653875472579, 38.225346288562157 ], [ -85.723354874142998, 38.225466288448665 ], [ -85.722684876922528, 38.225787288328419 ], [ -85.721483874679222, 38.226356287339968 ], [ -85.721263872056994, 38.226446287901446 ], [ -85.721123872175525, 38.226477287097332 ], [ -85.720453875590735, 38.226556288421492 ] ], [ [ -85.80802389775063, 38.192046277142857 ], [ -85.810751337024314, 38.193866881103759 ], [ -85.811172945523268, 38.194150583352574 ], [ -85.811453005921862, 38.194310955327218 ], [ -85.811657140056468, 38.194380962593122 ], [ -85.811864069454273, 38.194408153232366 ], [ -85.812369984532026, 38.194426095363951 ], [ -85.812557805929572, 38.194443234670317 ], [ -85.81370951692486, 38.194485534083327 ], [ -85.816740441533781, 38.194613319252547 ], [ -85.822501152324634, 38.19486543406618 ], [ -85.826419587639066, 38.195112363781803 ], [ -85.82688530481407, 38.195124307983299 ], [ -85.827160117815012, 38.195158529240111 ], [ -85.827344925589955, 38.195204708382043 ], [ -85.827713457679863, 38.195347721068522 ], [ -85.834072275081382, 38.197831122918295 ], [ -85.837259535706309, 38.199263407514756 ], [ -85.837329964417549, 38.199293508287958 ], [ -85.838374905575307, 38.19848727612554 ], [ -85.8388439063215, 38.198137275931813 ], [ -85.839624905421431, 38.197537277354115 ], [ -85.840113907072109, 38.197167276623944 ], [ -85.840363908472696, 38.196977277525178 ], [ -85.840624908885943, 38.196777275136867 ], [ -85.840764907167724, 38.196676275687629 ], [ -85.841103905110273, 38.196417276452564 ], [ -85.841574906766965, 38.196067275341825 ], [ -85.841754906507816, 38.19593627706881 ], [ -85.841924907617752, 38.19579727516669 ], [ -85.842114905540512, 38.195656276808442 ], [ -85.84251490544672, 38.19534727650332 ], [ -85.843314906753278, 38.194746275442817 ], [ -85.845823907852775, 38.192856275126054 ], [ -85.846673908185835, 38.192207276230285 ], [ -85.847493909469634, 38.191596276844308 ], [ -85.847933909200194, 38.191266276162942 ], [ -85.848444908818237, 38.190867275444575 ], [ -85.848743909933987, 38.190616274753019 ], [ -85.849063909243242, 38.190327273515713 ], [ -85.849273908349772, 38.190127273589198 ], [ -85.849513907784626, 38.189896273607985 ], [ -85.850114908128205, 38.189217275087998 ], [ -85.851663909769925, 38.187396272799759 ], [ -85.852213911031811, 38.186797273067441 ], [ -85.85285490866508, 38.18613627283267 ], [ -85.85355391039117, 38.185437274661275 ], [ -85.854553908935046, 38.18447727245978 ], [ -85.855268041160713, 38.183822211308666 ] ], [ [ -85.720453875590735, 38.226556288421492 ], [ -85.720164873591642, 38.226736289102249 ], [ -85.719193872640815, 38.227217288749166 ], [ -85.71812487454963, 38.227737288658986 ], [ -85.717623873406581, 38.227986286864429 ], [ -85.716043872073726, 38.228757287408158 ], [ -85.71579487298547, 38.228876289530369 ], [ -85.715633870666935, 38.228927288616219 ], [ -85.715453871267712, 38.228937289326218 ], [ -85.715273873360346, 38.228946287318045 ] ], [ [ -85.720453875590735, 38.226556288421492 ], [ -85.720183874736378, 38.226567289270498 ], [ -85.719903874217422, 38.226677287881017 ], [ -85.718004871262053, 38.227626289461526 ], [ -85.715943870700457, 38.228647287990704 ], [ -85.71546387466276, 38.228856286899529 ], [ -85.715273873360346, 38.228946287318045 ] ], [ [ -85.715273873360346, 38.228946287318045 ], [ -85.715034871623502, 38.228976286692479 ], [ -85.714844872450314, 38.229056289625447 ], [ -85.714524870403935, 38.229216290379284 ], [ -85.713634872388297, 38.229696288504179 ], [ -85.71256387012626, 38.230246289535721 ], [ -85.71207387395846, 38.23050628950061 ], [ -85.711543871195175, 38.230786287296027 ], [ -85.709773871251585, 38.231717288905244 ], [ -85.709323869909838, 38.232016290207177 ], [ -85.709034872028525, 38.232206290206051 ], [ -85.708911294831921, 38.232272113557322 ], [ -85.708790203234585, 38.232342404823825 ], [ -85.708671758702806, 38.232417070277577 ], [ -85.708556119173238, 38.232496010357963 ], [ -85.708443438842252, 38.232579119804484 ], [ -85.708333867960377, 38.232666287797109 ], [ -85.707924871421795, 38.232957290995913 ], [ -85.708691317579422, 38.235900887910155 ], [ -85.708778963979952, 38.236181380159515 ], [ -85.709058007460044, 38.236463150725996 ], [ -85.709323534714372, 38.236604806601882 ], [ -85.709590820823124, 38.236743115119467 ], [ -85.709539839543694, 38.236821662500446 ], [ -85.709491239955213, 38.236901705375899 ], [ -85.709386550207299, 38.23694904242867 ], [ -85.709283309786045, 38.236999462219458 ], [ -85.709181609442695, 38.237052920427857 ], [ -85.708490477674076, 38.237397743146097 ], [ -85.707433644805647, 38.238198781708093 ], [ -85.707330852657265, 38.238317235369514 ], [ -85.707233446777394, 38.238440156442728 ], [ -85.707141621085469, 38.238567300211642 ], [ -85.707055558391644, 38.238698413553472 ], [ -85.706914128531864, 38.238961442228508 ], [ -85.706854744563103, 38.239093784934489 ], [ -85.706781800830967, 38.239280118424197 ], [ -85.706688739596743, 38.239566556778733 ], [ -85.706657253888878, 38.239681239020484 ], [ -85.70649733403036, 38.240229466187259 ], [ -85.706450893526025, 38.240385482113133 ], [ -85.706382617807165, 38.240598509984288 ], [ -85.706296776271145, 38.240832495264378 ], [ -85.706186514782416, 38.241099682856223 ], [ -85.706138423383706, 38.241205327086149 ], [ -85.706065444246732, 38.241355566548101 ], [ -85.705977093372198, 38.241517230196692 ], [ -85.705854684997888, 38.241729023910487 ], [ -85.705803227405781, 38.24181596266672 ], [ -85.705529315245514, 38.242266136429684 ], [ -85.705454475264887, 38.242412907359089 ], [ -85.705433643401008, 38.242459439585765 ], [ -85.705167646991868, 38.243331246873836 ], [ -85.705153871286754, 38.243366290324225 ], [ -85.70512146499577, 38.2433917683136 ], [ -85.70447255881237, 38.243901940055977 ], [ -85.704414872023207, 38.243947293586693 ], [ -85.704253871181919, 38.244076293320518 ], [ -85.703887777218355, 38.244273000102758 ], [ -85.703583869522433, 38.244436291311892 ], [ -85.703363368205657, 38.24455434465731 ], [ -85.702834869318636, 38.244837292799822 ], [ -85.702474872213998, 38.245066291785989 ], [ -85.702273868753991, 38.24517629058272 ], [ -85.70226847483643, 38.245179529693772 ], [ -85.702123869761408, 38.24526629305808 ], [ -85.70164386962179, 38.245526291051313 ], [ -85.701543872143816, 38.245626292716167 ], [ -85.70089486954906, 38.245506292028296 ], [ -85.700184867018564, 38.245366293172772 ], [ -85.699941174228073, 38.24531540482684 ], [ -85.699902055948769, 38.245307236076783 ], [ -85.699753866433539, 38.245276291299447 ], [ -85.6992538687646, 38.245166292473996 ], [ -85.698821076313223, 38.245062282451975 ], [ -85.698633870248301, 38.245017292129923 ], [ -85.698414870526193, 38.24498629369856 ], [ -85.697934866660177, 38.244966293128286 ], [ -85.697784866565527, 38.244966292188579 ], [ -85.697620807549313, 38.244981206349799 ], [ -85.697564868396341, 38.244986293914167 ], [ -85.696993868254125, 38.245066292741697 ], [ -85.696664866292494, 38.245107293449507 ], [ -85.696479539042329, 38.245123355161994 ], [ -85.696214867021723, 38.245146293553489 ], [ -85.695904869393246, 38.245166294382528 ], [ -85.695504869883834, 38.245176292615994 ], [ -85.694529973687537, 38.245176292348269 ], [ -85.694454866800911, 38.24517629103476 ], [ -85.694123868069397, 38.245146292198783 ], [ -85.69359486533331, 38.245127291656523 ], [ -85.693294864752374, 38.245127292164781 ], [ -85.692705424053969, 38.245127294291407 ], [ -85.692124867845209, 38.245127293583458 ], [ -85.69103486629713, 38.245127291749021 ], [ -85.690893937765992, 38.245127293600731 ], [ -85.690513868115602, 38.245127293042344 ], [ -85.689573867130292, 38.245127294714841 ], [ -85.689354527891368, 38.245127293170967 ], [ -85.689273866685568, 38.24512729175855 ], [ -85.688784865444291, 38.245137292762031 ], [ -85.688503867841462, 38.245176292077424 ], [ -85.688304865808433, 38.245227291667327 ], [ -85.687923865161963, 38.245377292500308 ], [ -85.686113865829995, 38.246197294615229 ], [ -85.684564863426289, 38.246927295158756 ], [ -85.683183864925482, 38.24755729237301 ], [ -85.68191486341793, 38.248136294040577 ], [ -85.681324865356117, 38.248406292735162 ], [ -85.680924862971679, 38.248596294194293 ], [ -85.680633865241475, 38.248686293381333 ], [ -85.68040386219333, 38.248737295169434 ], [ -85.680213864840027, 38.248746292255717 ], [ -85.67954386197907, 38.248727292910509 ], [ -85.677584862887826, 38.248676294456253 ], [ -85.677282860880453, 38.248671293519607 ], [ -85.677213860670776, 38.248676294031831 ], [ -85.676094863698211, 38.248666293514347 ], [ -85.675384863992434, 38.248656292967333 ], [ -85.674593862095307, 38.248637293285128 ], [ -85.673634861751452, 38.248606292198083 ], [ -85.673343863296921, 38.248606292894458 ], [ -85.673073862666868, 38.248637293726716 ], [ -85.672973860914325, 38.248647293626632 ], [ -85.672004862275415, 38.24881729532612 ], [ -85.671483859636851, 38.248897294554922 ], [ -85.671384862930068, 38.248907294585763 ], [ -85.670614860369426, 38.249016293592419 ], [ -85.669434861642202, 38.249226293366902 ], [ -85.668283858946936, 38.249416296165542 ], [ -85.66753385918868, 38.24951729402683 ], [ -85.667253860881175, 38.249566295028856 ], [ -85.666974858925045, 38.249617294954206 ], [ -85.66603385859537, 38.249926293671059 ], [ -85.665503859880928, 38.250106293491584 ], [ -85.665193859728021, 38.25021629554103 ], [ -85.665133858249249, 38.250237293940742 ], [ -85.664333859236464, 38.250527295756598 ], [ -85.663314860725706, 38.250877296033266 ], [ -85.662114859872673, 38.25128629401695 ], [ -85.660923856984198, 38.251697295761907 ], [ -85.660444856518424, 38.25186729463897 ], [ -85.660283855934395, 38.251926293807493 ], [ -85.659883857243784, 38.252076294017208 ], [ -85.659523857145686, 38.252196293963983 ], [ -85.659274856107601, 38.252286295556743 ], [ -85.65881485700028, 38.252446295174089 ], [ -85.658544857635661, 38.252536294440389 ], [ -85.658383855698702, 38.25258729572181 ], [ -85.657834857781324, 38.252757297028332 ], [ -85.657263859424461, 38.252947296593348 ], [ -85.657173856466571, 38.253027296689233 ], [ -85.656423856772918, 38.252967294711738 ], [ -85.65621485652008, 38.252947294837313 ], [ -85.655953856897966, 38.252926296796645 ], [ -85.655664857926112, 38.252906294278347 ], [ -85.655383856456112, 38.252886294367819 ], [ -85.654594857528664, 38.252826296807164 ], [ -85.653374855973965, 38.252736296575421 ], [ -85.652574856974439, 38.252677296406134 ], [ -85.651503853859111, 38.25259729647194 ], [ -85.651373854787607, 38.252587294337893 ], [ -85.650393854108685, 38.252507297707098 ], [ -85.649424855560056, 38.252417294887536 ], [ -85.649144856346837, 38.252386296441827 ], [ -85.647853856377509, 38.252286296176443 ], [ -85.647413851929983, 38.252247297731941 ], [ -85.647277712394853, 38.252236437638608 ], [ -85.645104855208913, 38.252067296927876 ], [ -85.639996852752134, 38.251656297283681 ], [ -85.636213850026678, 38.251347296513025 ], [ -85.629974850694936, 38.250836298259095 ], [ -85.628170911425059, 38.250711498692503 ], [ -85.625183845676176, 38.250427295405053 ] ], [ [ -85.606833842999691, 38.248866296813603 ], [ -85.607013841932385, 38.247606298215359 ], [ -85.607143842997672, 38.246526296278439 ], [ -85.607564842148633, 38.246567297335808 ], [ -85.607803841162621, 38.246506297165062 ], [ -85.607974840631698, 38.246387295675078 ], [ -85.608003842582605, 38.246287298423709 ], [ -85.608123840484069, 38.245917297215399 ], [ -85.608263843326299, 38.244966294900181 ], [ -85.608284842400522, 38.244757297036848 ], [ -85.607323841342293, 38.244667296516013 ], [ -85.60716758995747, 38.244650808349306 ], [ -85.606593840515359, 38.248846297419171 ], [ -85.606833842999691, 38.248866296813603 ] ], [ [ -85.606833842999691, 38.248866296813603 ], [ -85.609173841018588, 38.249056296350439 ], [ -85.609483841207307, 38.249087298517324 ], [ -85.609833844757262, 38.249116296160295 ], [ -85.609873841858644, 38.249116297318807 ], [ -85.610163842747511, 38.249146298149348 ], [ -85.610343844183618, 38.249157298101991 ], [ -85.610733845787337, 38.249196297449956 ], [ -85.610934841756432, 38.249216296634899 ], [ -85.611223843647835, 38.249247298587441 ] ], [ [ -85.611223843647835, 38.249247298587441 ], [ -85.611423844163753, 38.249196295911219 ], [ -85.611683843553152, 38.249216295994664 ], [ -85.611873843754779, 38.249236298186332 ], [ -85.612233842409026, 38.249267297058516 ], [ -85.612633844617946, 38.249296297025353 ], [ -85.613263843620544, 38.249347297005428 ], [ -85.613473843219765, 38.249367296587721 ], [ -85.614513843066334, 38.249457295822843 ], [ -85.614674845910429, 38.249466296875383 ], [ -85.614774844223248, 38.249476295536496 ], [ -85.614923846751552, 38.249486298133064 ], [ -85.615363843590714, 38.249527296456407 ], [ -85.615543845517877, 38.249537296305249 ], [ -85.615733842477027, 38.24954729571423 ], [ -85.617483845447708, 38.249686296300389 ], [ -85.621413847975944, 38.249997296240899 ], [ -85.622824847654712, 38.250116297534078 ], [ -85.623094848992409, 38.250136295468572 ], [ -85.623523845615978, 38.250177296356476 ], [ -85.623674849137871, 38.250187298615536 ], [ -85.624113849472479, 38.250216295015676 ], [ -85.62444484879218, 38.250247295462842 ], [ -85.624603845220634, 38.250257298580514 ], [ -85.624854846253456, 38.250286297420132 ], [ -85.62500384678377, 38.25034729653558 ], [ -85.625183845676176, 38.250427295405053 ] ], [ [ -85.611223843647835, 38.249247298587441 ], [ -85.611413843739371, 38.249316299071779 ], [ -85.611693843784408, 38.249347298382915 ], [ -85.612053844557067, 38.249376296419165 ], [ -85.6126238417623, 38.249416296906858 ], [ -85.61306484582137, 38.249466296574688 ], [ -85.613334842194547, 38.249496296465431 ], [ -85.61437384250209, 38.24958629833489 ], [ -85.614653844271501, 38.249607297427644 ], [ -85.615193845504706, 38.249646297075039 ], [ -85.615524846065824, 38.24968629627562 ], [ -85.616173846866644, 38.249736296346548 ], [ -85.617194846266543, 38.24983629495707 ], [ -85.617353844954806, 38.249846297597045 ], [ -85.618594847541473, 38.249946296446787 ], [ -85.619044843292329, 38.249977297668416 ], [ -85.619163844898324, 38.249987296394231 ], [ -85.619354846237499, 38.250007295323051 ], [ -85.619553847570543, 38.250026297278772 ], [ -85.619773846109624, 38.250046295338507 ], [ -85.620474845859704, 38.25009729575541 ], [ -85.621164844508556, 38.250147295146576 ], [ -85.621843848120548, 38.250206297072999 ], [ -85.622573845648404, 38.250267297903626 ], [ -85.622923847828687, 38.250296297655339 ], [ -85.623073845874558, 38.250306298781396 ], [ -85.62328384839455, 38.250327296888706 ], [ -85.623594849776026, 38.25034729560916 ], [ -85.624283847411263, 38.25041729528273 ], [ -85.624563845504255, 38.250437295790007 ], [ -85.6248738487851, 38.250447295986007 ], [ -85.625183845676176, 38.250427295405053 ] ] ] } },
{ "type": "Feature", "properties": { "OBJECTID": 14, "ROUTE_NAME": "Shelbyville Road", "ROUTE_TYPE": "Local Route", "ROUTE_NUMBER": 31, "TARC_WEB": "https://www.ridetarc.org/bus_routes/shelbyville-road/", "SHAPELEN": 142453.03267002199 }, "geometry": { "type": "MultiLineString", "coordinates": [ [ [ -85.751823887255654, 38.254706292484727 ], [ -85.752154885988119, 38.254737292397095 ], [ -85.753544884544667, 38.254886290125064 ], [ -85.753833883991533, 38.254906291198211 ], [ -85.754214884331418, 38.25494729053478 ], [ -85.755164883614185, 38.255056290271767 ], [ -85.755643884709443, 38.255107292409178 ], [ -85.756805884126919, 38.255226292341206 ], [ -85.758013885479855, 38.255387289932258 ], [ -85.758293887778834, 38.255426291223451 ], [ -85.758404886566169, 38.255446293199633 ], [ -85.758553887462753, 38.254706291262451 ], [ -85.758584885531931, 38.254557291479735 ], [ -85.75861388491397, 38.254417291276866 ], [ -85.75864388464835, 38.254256292414325 ], [ -85.758674886954935, 38.254076289415003 ], [ -85.758793888630407, 38.253246291332857 ], [ -85.758984885616854, 38.252196291430465 ], [ -85.759044887325388, 38.25184629063174 ], [ -85.759053887676103, 38.251787292069167 ], [ -85.759093884628598, 38.251556289209091 ], [ -85.759134886271355, 38.251317291692551 ], [ -85.759354885607323, 38.250177291553037 ], [ -85.759543885522845, 38.249136289779997 ], [ -85.75973388692907, 38.247987290501193 ], [ -85.75995388661083, 38.24662629110032 ], [ -85.76001388755806, 38.246236288514183 ], [ -85.758324886736048, 38.246107291243703 ], [ -85.757464884882111, 38.246047288519904 ], [ -85.756773884889014, 38.245996290544184 ], [ -85.756683885901111, 38.24598629113521 ], [ -85.756614886513873, 38.246406288440824 ], [ -85.756196888209061, 38.248797290913728 ], [ -85.756164888143246, 38.249046291653478 ], [ -85.756133884839073, 38.249206290141807 ], [ -85.756104886348837, 38.2494062911613 ], [ -85.756033886161546, 38.249856290359126 ], [ -85.756024884743979, 38.249897289640131 ], [ -85.755823886105745, 38.250926290395746 ], [ -85.754214886672372, 38.250777292146459 ], [ -85.753443884063884, 38.250707290138422 ], [ -85.75264488321875, 38.250636290707398 ], [ -85.752514883492978, 38.250627290157986 ], [ -85.752493885072681, 38.250746292816842 ], [ -85.752474883389795, 38.250846288921196 ], [ -85.752443886776092, 38.251036290308249 ], [ -85.752343887122294, 38.251646289330893 ], [ -85.75228488318082, 38.252026291283315 ], [ -85.752223884225998, 38.252507292606808 ], [ -85.752054884515957, 38.253327290809345 ], [ -85.751934885846055, 38.253986291091692 ], [ -85.751823887255654, 38.254706292484727 ] ], [ [ -85.71947487678672, 38.257737294500679 ], [ -85.719804876922936, 38.257876292579475 ], [ -85.7202238751305, 38.258106292537953 ], [ -85.720843876193385, 38.258447294332832 ], [ -85.721064877134936, 38.258556294641508 ], [ -85.7214938782557, 38.258787293584589 ], [ -85.722343876645212, 38.258457294380968 ], [ -85.722843876768962, 38.258236294297376 ], [ -85.723044878003307, 38.258146295005922 ], [ -85.72369387557643, 38.257856294547473 ], [ -85.724953877135675, 38.257336293086411 ], [ -85.726454878359718, 38.256647293232881 ], [ -85.727563876635926, 38.256166292234532 ], [ -85.727944876057379, 38.256007291229068 ], [ -85.72845387874294, 38.255766293123116 ], [ -85.729014877748625, 38.255547291791672 ], [ -85.729761877821971, 38.255241291969639 ], [ -85.729974877577845, 38.255136294721261 ], [ -85.731123876882975, 38.254647292581495 ], [ -85.732203879688697, 38.254186292021963 ], [ -85.732494878697949, 38.254066290325177 ], [ -85.732764879452702, 38.254017290438334 ], [ -85.733773877783534, 38.254146291677202 ], [ -85.735044880317375, 38.254287291615562 ], [ -85.735803881660459, 38.254366291112987 ], [ -85.737813879180251, 38.254577292791481 ], [ -85.739824880850179, 38.254806290831063 ], [ -85.741873882562118, 38.255027292047707 ], [ -85.742043881935032, 38.255046291525304 ], [ -85.742263881778825, 38.255066292886085 ], [ -85.74388388233595, 38.255217293275315 ], [ -85.745883882346234, 38.255457293041033 ], [ -85.747874883656635, 38.255686292535096 ], [ -85.747924883002227, 38.255696293483282 ], [ -85.749944884830981, 38.25588629257345 ], [ -85.75160488552882, 38.256056291989097 ], [ -85.751614884071785, 38.255946291491185 ], [ -85.751664884609752, 38.255676291568051 ], [ -85.751823887255654, 38.254706292484727 ] ], [ [ -85.751823887255654, 38.254706292484727 ], [ -85.750164883105583, 38.254497292167009 ], [ -85.748144882764123, 38.254297293675364 ], [ -85.746124880913911, 38.254086292102812 ], [ -85.744104883674126, 38.25386729122021 ], [ -85.74311488425802, 38.253757292057422 ], [ -85.74282388180626, 38.253726290963023 ], [ -85.742103882485694, 38.253636292757605 ], [ -85.740063882458074, 38.2534262902374 ], [ -85.738043880800291, 38.253217291665543 ], [ -85.736044877983829, 38.252996291616306 ], [ -85.734734881336848, 38.252867292048116 ], [ -85.734003878203922, 38.252787291527881 ], [ -85.733013877853097, 38.2526562901567 ], [ -85.732563881015821, 38.252597292109932 ], [ -85.732283879166062, 38.253796292490271 ], [ -85.732203881222119, 38.253906293644356 ], [ -85.732113880851387, 38.253947292333081 ], [ -85.732003879036682, 38.253976292546845 ], [ -85.731303878551202, 38.253896293594948 ], [ -85.730043879269402, 38.253777293977627 ], [ -85.72750387946644, 38.253497292178487 ], [ -85.727153879498175, 38.253477293884217 ], [ -85.72689387776164, 38.253477293191224 ], [ -85.726653877972012, 38.253497293426229 ], [ -85.72648387864524, 38.253526291718494 ], [ -85.726275014945017, 38.25355699284102 ], [ -85.725081134239062, 38.253906075564913 ], [ -85.724810293829407, 38.25396218129881 ], [ -85.724479728551941, 38.254028896398154 ], [ -85.724215433598573, 38.254078498497798 ], [ -85.724160788838233, 38.254086066345032 ], [ -85.724107032677409, 38.254098459783478 ], [ -85.724054590384938, 38.254115580767767 ], [ -85.724003876835539, 38.254137293852565 ], [ -85.723813874364538, 38.254246291439024 ], [ -85.721166069358034, 38.256373707396669 ], [ -85.720753876596589, 38.256696294725423 ], [ -85.720183877198764, 38.257177292456987 ], [ -85.719903875190496, 38.25739629204736 ], [ -85.71947487678672, 38.257737294500679 ] ], [ [ -85.625183845676176, 38.250427295405053 ], [ -85.628170911425059, 38.250711498692503 ], [ -85.629974850694936, 38.250836298259095 ], [ -85.636213850026678, 38.251347296513025 ], [ -85.639996852752134, 38.251656297283681 ], [ -85.645104855208913, 38.252067296927876 ], [ -85.647277712394853, 38.252236437638608 ], [ -85.647279774711109, 38.252236601775358 ], [ -85.647413851929983, 38.252247297731941 ], [ -85.647853856377509, 38.252286296176443 ], [ -85.648368390795355, 38.252326154860476 ], [ -85.649144856346837, 38.252386296441827 ], [ -85.649424855560056, 38.252417294887536 ], [ -85.649726486259709, 38.252445311129868 ], [ -85.652041458642614, 38.252637452642709 ], [ -85.652574856974439, 38.252677296406134 ], [ -85.65807633419179, 38.253113179858175 ], [ -85.658350735558557, 38.253135546079385 ], [ -85.664375108476676, 38.253618222794721 ], [ -85.665558858354515, 38.253703295484016 ], [ -85.669911782685077, 38.254017720590625 ], [ -85.670474860050646, 38.254056294697556 ], [ -85.671583862872808, 38.254146293848464 ], [ -85.671973860705819, 38.254176294320814 ], [ -85.673413860905001, 38.254287295837266 ], [ -85.674526274911941, 38.254327084377557 ], [ -85.680774863063093, 38.254507295600128 ], [ -85.681091309044916, 38.254514520736471 ], [ -85.686764867221697, 38.25467729531217 ], [ -85.687553867435057, 38.254696296399722 ], [ -85.687953867467158, 38.254706295383322 ], [ -85.688707453309078, 38.254723819413556 ], [ -85.691811839112631, 38.254776878172315 ], [ -85.691923866821469, 38.254767293920423 ], [ -85.692264869049936, 38.254747295531608 ], [ -85.692412726900727, 38.25472851782483 ], [ -85.694729707329174, 38.25442909474652 ], [ -85.695112538035275, 38.254382267501832 ], [ -85.701179863662617, 38.253585097007431 ], [ -85.701654871958041, 38.253526292557943 ], [ -85.701963871155442, 38.253487294900125 ], [ -85.702654871695387, 38.253407294059471 ], [ -85.703163869194029, 38.253366293004099 ], [ -85.7033938695768, 38.253356294033615 ], [ -85.704224869833197, 38.25339729307241 ], [ -85.704692868987109, 38.253429292531848 ], [ -85.704843871602392, 38.253446292821174 ], [ -85.706143870076062, 38.253606294563454 ], [ -85.706893873898423, 38.253736294648391 ], [ -85.707234871969888, 38.253816295125965 ], [ -85.707474872507461, 38.25388629496328 ], [ -85.708536871517722, 38.254204291982411 ], [ -85.708814872517877, 38.254287292254361 ], [ -85.710304872021013, 38.25475729259815 ], [ -85.710702874318429, 38.254875293856095 ], [ -85.711104873233779, 38.255007294791923 ], [ -85.711453873937245, 38.25511729326562 ], [ -85.711644874930101, 38.255176294404791 ], [ -85.712454874962205, 38.255446293081413 ], [ -85.71271387465697, 38.25553629185189 ], [ -85.712843873265783, 38.255577293986086 ], [ -85.713573876032186, 38.255806295187817 ], [ -85.714394873480032, 38.256066293661164 ], [ -85.715394873883525, 38.256406293997436 ], [ -85.715533874674236, 38.256447293515734 ], [ -85.716684875438588, 38.256827294080175 ], [ -85.717803873491022, 38.25719729409947 ], [ -85.718394873189212, 38.257377293980831 ], [ -85.719063874620801, 38.257596293342324 ], [ -85.71947487678672, 38.257737294500679 ] ], [ [ -85.625183845676176, 38.250427295405053 ], [ -85.62500384678377, 38.25034729653558 ], [ -85.624854846253456, 38.250286297420132 ], [ -85.624735348894617, 38.250272489506514 ], [ -85.615543845517877, 38.249537296305249 ], [ -85.615363843590714, 38.249527296456407 ], [ -85.615193845504706, 38.249646297075039 ] ], [ [ -85.615193845504706, 38.249646297075039 ], [ -85.615412634911962, 38.249672736952256 ], [ -85.624563845504255, 38.250437295790007 ], [ -85.6248738487851, 38.250447295986007 ], [ -85.625183845676176, 38.250427295405053 ] ], [ [ -85.514793813149794, 38.243157299150106 ], [ -85.515094815746394, 38.243176300676637 ], [ -85.516233815442121, 38.243286299025876 ], [ -85.517683813662984, 38.243436298362482 ], [ -85.518443817912171, 38.243507299748785 ], [ -85.5190238175866, 38.243566301350796 ], [ -85.519594816699708, 38.243626300768859 ], [ -85.520073816104329, 38.243687301432018 ], [ -85.520153816958057, 38.243697299703392 ], [ -85.520484816644029, 38.243746300526425 ], [ -85.520894814205462, 38.243826300895151 ], [ -85.52134781455689, 38.243958299174686 ], [ -85.521804815174434, 38.244117299474929 ], [ -85.52224481670963, 38.24428630111364 ], [ -85.523073818769831, 38.244696299682431 ], [ -85.52329381685567, 38.244806299212279 ], [ -85.523824817148679, 38.245066299400207 ], [ -85.524253818957845, 38.245287300897729 ], [ -85.524324818755133, 38.245317301577259 ], [ -85.526263818874739, 38.246297301251886 ], [ -85.528314817151767, 38.247316300273852 ], [ -85.52895481842306, 38.247637301119703 ], [ -85.529703821087736, 38.247997299304409 ], [ -85.530264821710247, 38.248257298917103 ], [ -85.530913819585237, 38.248496300147544 ], [ -85.531543821808938, 38.24866630018473 ], [ -85.531953820222142, 38.248707299371773 ], [ -85.532203822222868, 38.24873730079382 ], [ -85.532424821304218, 38.248756302080224 ], [ -85.532824818885089, 38.248786299360802 ], [ -85.533224822250332, 38.248786299040958 ], [ -85.53354481978046, 38.24878630128832 ], [ -85.534023819904633, 38.248756302345853 ], [ -85.53465382284493, 38.248656299510046 ], [ -85.534974818906349, 38.248586301486739 ], [ -85.535394822878615, 38.248476301646974 ], [ -85.535733822119028, 38.24837730181887 ], [ -85.536104820633213, 38.248236301360322 ], [ -85.536813822130313, 38.247956301315099 ], [ -85.537104822743004, 38.247837301337626 ], [ -85.537423821818123, 38.247706299714125 ], [ -85.538103821963361, 38.247426299018628 ], [ -85.540204822362142, 38.246567301823156 ], [ -85.542033821146589, 38.245816300323767 ], [ -85.543963823555202, 38.245047298769578 ], [ -85.54442482182786, 38.244867300055795 ], [ -85.545384825236965, 38.244497297855546 ], [ -85.54563382315078, 38.244397300161488 ], [ -85.545723822656399, 38.244366298524568 ], [ -85.545993822134633, 38.244276300357754 ], [ -85.546033824904242, 38.244256299471687 ], [ -85.546423822868022, 38.244166300452257 ], [ -85.546783824641778, 38.244106299904345 ], [ -85.547153824574167, 38.244066300257167 ], [ -85.547243823909184, 38.244066299512511 ], [ -85.548214823107187, 38.244127300547973 ], [ -85.548384824043637, 38.244147298451544 ], [ -85.548733827153896, 38.244176297546204 ], [ -85.550471646385674, 38.244317825153495 ], [ -85.560672898700972, 38.245163922144428 ], [ -85.567794828371902, 38.245687299005652 ], [ -85.569184832932365, 38.245806297624206 ], [ -85.569364830627762, 38.245827298747237 ], [ -85.569864833544514, 38.245867299110643 ], [ -85.572123830579415, 38.246037299709847 ], [ -85.572424832209336, 38.246056297963435 ], [ -85.573263834583543, 38.246127298480708 ], [ -85.574433831929483, 38.246236297066382 ], [ -85.575013831873193, 38.246287297394545 ], [ -85.575434834163502, 38.246316299430447 ], [ -85.575643833904209, 38.24633629920865 ], [ -85.57594383318424, 38.24635629875845 ], [ -85.576173832910442, 38.246377298425571 ], [ -85.57627383415435, 38.246387299014579 ], [ -85.5768038323654, 38.246416297524604 ], [ -85.57702383296747, 38.246426296936953 ], [ -85.57782483427691, 38.24648729843306 ], [ -85.578123832816985, 38.246506297945217 ], [ -85.578264831157696, 38.246516297462946 ], [ -85.579036832149384, 38.246569299233997 ], [ -85.580604832833515, 38.246686297911531 ], [ -85.581073834330383, 38.246727297074131 ], [ -85.581263835582661, 38.246737297445229 ], [ -85.582713835255049, 38.246856299520807 ], [ -85.584074833406447, 38.24696629698763 ], [ -85.58489483543805, 38.247027297407101 ], [ -85.585794835039607, 38.247097298097003 ], [ -85.587393838070071, 38.247216298907077 ], [ -85.588854836618268, 38.247326297121631 ], [ -85.591343839142937, 38.247526297006274 ], [ -85.594464836721315, 38.247776299115756 ], [ -85.597323839072985, 38.248026298907973 ], [ -85.598373840962751, 38.248136298503056 ], [ -85.598884838867917, 38.248187297578227 ], [ -85.598813841587585, 38.248527296089705 ], [ -85.598803839569911, 38.248656298959283 ], [ -85.598813838460174, 38.248776296400614 ], [ -85.598893839057425, 38.249116298270366 ], [ -85.59911483854637, 38.249926297124965 ], [ -85.599294838845736, 38.250586299391138 ], [ -85.599474838208792, 38.251276297853799 ], [ -85.599623838094629, 38.251826297685767 ], [ -85.599774840281441, 38.252307297407285 ], [ -85.599983841594067, 38.252826297905436 ], [ -85.600144839224626, 38.253207298665068 ], [ -85.600243840415956, 38.253436297603592 ], [ -85.600423839360332, 38.253806299087096 ], [ -85.600893840772798, 38.254757297414663 ], [ -85.601174841574945, 38.255377299307227 ], [ -85.601593839711498, 38.256267299110817 ], [ -85.601764839490343, 38.256647299692169 ], [ -85.602024840512925, 38.257206300121105 ], [ -85.60220484046377, 38.257576298912625 ], [ -85.602273842393657, 38.257717298415052 ], [ -85.602384839699241, 38.257897300013504 ], [ -85.602534843445156, 38.258067299579309 ], [ -85.602715840083391, 38.258203301285164 ], [ -85.60291384304324, 38.258296301214465 ], [ -85.603164841718637, 38.258376297626938 ], [ -85.603334843480482, 38.258427300750782 ], [ -85.603564842560672, 38.258537299218979 ], [ -85.603803842012368, 38.258697299178124 ], [ -85.604343841161921, 38.258396299287185 ], [ -85.604874841720857, 38.25810630060171 ], [ -85.605613843424933, 38.257707298174466 ], [ -85.605963841415857, 38.257506298272183 ], [ -85.606143840545343, 38.257406299422399 ], [ -85.606524841070836, 38.257197299683412 ], [ -85.607893842860364, 38.256447298610162 ], [ -85.608474841680163, 38.256126296879145 ], [ -85.608803841093206, 38.255946297968563 ], [ -85.609073843266955, 38.255796297971017 ], [ -85.609144843060378, 38.25575729817875 ], [ -85.609674843417693, 38.255467299081836 ], [ -85.610224842818297, 38.255176299084802 ], [ -85.611953845941386, 38.254246299564137 ], [ -85.612413844068257, 38.254006297201975 ], [ -85.613104844735773, 38.25362629909548 ], [ -85.614224843438976, 38.253027297909313 ], [ -85.615314845296467, 38.252446298584246 ], [ -85.615453843290027, 38.252376297435681 ], [ -85.616074844095678, 38.252076296340718 ], [ -85.616183846261151, 38.251947297430085 ], [ -85.616244842684338, 38.25183629904744 ], [ -85.616244846274654, 38.251767298015196 ], [ -85.616223843763976, 38.251666297619877 ], [ -85.616143843129151, 38.251517298735401 ], [ -85.616003846433301, 38.251347298826353 ], [ -85.615804846767091, 38.251106296395889 ], [ -85.615553846417413, 38.250826296455493 ], [ -85.615383844458563, 38.250646296499248 ], [ -85.615233843053247, 38.250476295936792 ], [ -85.615153843739975, 38.250357296361358 ], [ -85.615103843155921, 38.250257297270451 ], [ -85.615084842872733, 38.250126297322673 ], [ -85.615093846518732, 38.250067297508622 ], [ -85.615103845061213, 38.250016298418402 ], [ -85.615134845913687, 38.249866296597432 ], [ -85.615193845504706, 38.249646297075039 ] ], [ [ -85.514793813149794, 38.243157299150106 ], [ -85.514604816102093, 38.24313730027383 ], [ -85.513254813825768, 38.242977300448025 ], [ -85.512153815444705, 38.242846299763436 ], [ -85.511683812406986, 38.242797301178676 ], [ -85.510983812414239, 38.242726301472047 ], [ -85.509623813746359, 38.242587301184166 ], [ -85.50964481225877, 38.242826301861008 ], [ -85.509703814034054, 38.243076299896089 ], [ -85.510022945065728, 38.24394095833479 ], [ -85.509940310907766, 38.24397919189559 ], [ -85.509855166025943, 38.244011449582004 ], [ -85.509767941934825, 38.244037567911974 ], [ -85.509679080686382, 38.244057414517705 ], [ -85.509589032629748, 38.244070888816545 ], [ -85.509498254128772, 38.244077922520688 ], [ -85.509407205249218, 38.244078479983301 ], [ -85.509316347427117, 38.244072558379159 ], [ -85.509226141130213, 38.244060187718979 ], [ -85.509137043524348, 38.244041430697308 ], [ -85.509049506156487, 38.244016382374795 ], [ -85.508761596888618, 38.244322241101294 ], [ -85.508704126606006, 38.24438837523109 ], [ -85.508651081303853, 38.24445810866947 ], [ -85.508602685803552, 38.244531145865885 ], [ -85.508559145219294, 38.24460717726749 ], [ -85.508520644088691, 38.244685880631145 ], [ -85.508487345590723, 38.244766922389154 ], [ -85.508459390854071, 38.244849959063025 ], [ -85.508452514115206, 38.24491481624375 ], [ -85.508451695203803, 38.244980031830949 ], [ -85.508456941209388, 38.245045041236843 ], [ -85.50846820671596, 38.245109281658628 ], [ -85.508485394195191, 38.245172196950783 ], [ -85.508508354850747, 38.245233242439767 ], [ -85.508698857893904, 38.245760415055798 ], [ -85.510452126581185, 38.245412526768419 ], [ -85.510563815091345, 38.245387301740486 ] ], [ [ -85.514533815706443, 38.244667300437122 ], [ -85.51431381353477, 38.244696300619019 ], [ -85.51419183866112, 38.244692019413172 ], [ -85.514070322384867, 38.244680617960221 ], [ -85.513949679991725, 38.244662135224985 ], [ -85.513830323780908, 38.244636634372796 ], [ -85.513712661656029, 38.244604202553631 ], [ -85.513651260820154, 38.244590067879798 ], [ -85.513588703266649, 38.244582557610123 ], [ -85.513525701590908, 38.24458175729437 ], [ -85.513462973447346, 38.244587676048965 ], [ -85.513401233374537, 38.24460024645316 ], [ -85.513363812768134, 38.244606301720594 ], [ -85.511500766013143, 38.244993490093208 ], [ -85.511469843678512, 38.245000535299816 ], [ -85.511447097432381, 38.245006813839694 ], [ -85.511425524869239, 38.245016376072442 ], [ -85.511405597110667, 38.24502901316918 ], [ -85.511387749357482, 38.245044449149297 ], [ -85.511299055658142, 38.245104716735852 ], [ -85.511207226893902, 38.245160090306697 ], [ -85.511112532831149, 38.245210407190264 ], [ -85.511015251653745, 38.24525551957008 ], [ -85.510915669145675, 38.245295294918982 ], [ -85.510814077851649, 38.245329616388481 ], [ -85.51071077621755, 38.245358383152002 ], [ -85.510563815091345, 38.245387301740486 ] ], [ [ -85.514533815706443, 38.244667300437122 ], [ -85.514724814646002, 38.244646300053383 ], [ -85.515393816382854, 38.244487301182822 ], [ -85.515544816087242, 38.244446300624894 ], [ -85.515984816912166, 38.244336301507218 ], [ -85.516084814262285, 38.244317301475576 ], [ -85.516180175324294, 38.24430580671067 ], [ -85.516276015050238, 38.244299434215222 ], [ -85.516372058499144, 38.244298202270379 ], [ -85.516468030145631, 38.244302114410296 ], [ -85.516563654670264, 38.244311159411986 ], [ -85.516658657749446, 38.244325311327529 ], [ -85.516796872512273, 38.24437417867609 ], [ -85.516929985719869, 38.244437258218618 ], [ -85.517013604247666, 38.24448948403677 ], [ -85.517100060094535, 38.244536865265268 ], [ -85.517189072886083, 38.244579248247845 ], [ -85.517280353955812, 38.244616495537421 ], [ -85.517373607281243, 38.244648486341873 ], [ -85.517468530443892, 38.244675116915722 ], [ -85.517564815610072, 38.244696300896614 ], [ -85.518073814341889, 38.244726301515094 ], [ -85.518064816390705, 38.24480630189187 ], [ -85.518054817319552, 38.245166302040559 ], [ -85.517983815557514, 38.245506302292121 ], [ -85.51790381675734, 38.245677302148728 ], [ -85.517773816667074, 38.245876300562344 ], [ -85.517644814680139, 38.246017300543372 ], [ -85.51748481442641, 38.246146302632056 ], [ -85.517043816973427, 38.246397301166432 ], [ -85.515343815533797, 38.247256299583064 ], [ -85.514194812861405, 38.247837302352323 ], [ -85.512773816647808, 38.248557301945176 ], [ -85.512174814556005, 38.248807302089297 ], [ -85.511854813421436, 38.248926302195947 ] ], [ [ -85.510563815091345, 38.245387301740486 ], [ -85.511073814764543, 38.246776301009447 ], [ -85.511523811624443, 38.248017301209146 ], [ -85.511854813421436, 38.248926302195947 ] ], [ [ -85.511854813421436, 38.248926302195947 ], [ -85.512153815465837, 38.249686302781143 ], [ -85.512603813525715, 38.250946302971251 ], [ -85.512754814287049, 38.251437302203534 ], [ -85.513453815902025, 38.253376301519303 ], [ -85.51530381619709, 38.258416303416404 ], [ -85.515743816837499, 38.259586305221781 ], [ -85.515783817244895, 38.259746305012321 ], [ -85.515923818865801, 38.26011630225026 ], [ -85.516023814131756, 38.260446304513344 ], [ -85.516134817733047, 38.260826303228733 ], [ -85.516193817000044, 38.261057304097463 ], [ -85.516302818167361, 38.261370305246366 ], [ -85.516304816654539, 38.26213730441436 ], [ -85.516143818957573, 38.262606305550669 ], [ -85.516320585894803, 38.262676307155445 ], [ -85.516441473965799, 38.262729521391556 ], [ -85.516560282533334, 38.262787229319201 ], [ -85.516676844627696, 38.262849349837509 ], [ -85.516790996436228, 38.262915795644311 ], [ -85.516869086209638, 38.263001490356238 ], [ -85.516975174013467, 38.263138198694286 ], [ -85.517051344733346, 38.263280569495222 ], [ -85.517126938849714, 38.263454253893421 ], [ -85.51759016808613, 38.264822331840215 ], [ -85.517604110202228, 38.264863508363241 ], [ -85.520972406171907, 38.264223005941851 ], [ -85.522734772390592, 38.263883029918667 ], [ -85.523075801075564, 38.263817004463796 ], [ -85.523143827344327, 38.263809178227447 ], [ -85.523212268889651, 38.263807038580381 ], [ -85.523280651175071, 38.263810600357758 ], [ -85.52334850007496, 38.263819838864151 ], [ -85.523415345161922, 38.263834690044774 ], [ -85.523432091273961, 38.263841675241586 ], [ -85.523472442336328, 38.263868668155801 ], [ -85.523509367838756, 38.263900185340361 ], [ -85.523542363234043, 38.263935796146889 ], [ -85.523570977675661, 38.263975013992095 ], [ -85.523594820178104, 38.264017303006376 ], [ -85.523843821106681, 38.26462630472011 ], [ -85.524054817780581, 38.265156305297744 ], [ -85.524234819079865, 38.265576305549708 ], [ -85.524674256696713, 38.266643756063949 ], [ -85.524728090028304, 38.266756506981814 ], [ -85.524782143056612, 38.266812334893757 ], [ -85.524839596513615, 38.266864656838472 ], [ -85.524900223432454, 38.266913266120852 ], [ -85.524963784309648, 38.266957970712468 ], [ -85.525030028051276, 38.266998594010168 ], [ -85.52553481929975, 38.267206303330632 ], [ -85.525063821525649, 38.267887304248717 ], [ -85.524594817633698, 38.268566304055838 ], [ -85.523302190233494, 38.270427656967385 ], [ -85.521946948590511, 38.272375016272917 ], [ -85.520049931019784, 38.275064473745857 ], [ -85.519783818139615, 38.27543730808523 ], [ -85.519698081116459, 38.275554746515034 ], [ -85.518330963722434, 38.277358018009693 ], [ -85.518064819608071, 38.277726306864338 ], [ -85.517773818788243, 38.277586305816953 ], [ -85.51741381863242, 38.277376305521102 ], [ -85.517173818326199, 38.277196306613249 ], [ -85.516963818975341, 38.276866307390165 ], [ -85.516743818687345, 38.276236308558538 ], [ -85.516153819053272, 38.275156304822346 ], [ -85.51533381888386, 38.274236304496 ], [ -85.514883818954914, 38.273837305739953 ], [ -85.514514819123164, 38.273487307518778 ], [ -85.514213819285686, 38.273136304584938 ], [ -85.513924814852345, 38.272346305311522 ], [ -85.5135738174274, 38.271286304603407 ], [ -85.513384814563437, 38.270667306331539 ], [ -85.513150292236503, 38.270213136052917 ], [ -85.513044830364109, 38.270068682936689 ], [ -85.512934881027604, 38.269927615390046 ], [ -85.512820552837582, 38.269790072762902 ], [ -85.512701958730204, 38.269656190923172 ], [ -85.5119273430888, 38.269017926870887 ], [ -85.511613817237233, 38.268707305991214 ], [ -85.511364814838856, 38.268366304000217 ], [ -85.511253817200028, 38.268147303989402 ], [ -85.5111248135876, 38.267787306237778 ], [ -85.510640848877003, 38.267885634859411 ], [ -85.510194817308658, 38.267936306327023 ], [ -85.509931870629273, 38.267958503668957 ], [ -85.509742572615167, 38.267974485819778 ], [ -85.509501898107843, 38.268013777768701 ], [ -85.506744024447158, 38.268930520066576 ], [ -85.506933816924075, 38.269456305238421 ], [ -85.507062815684336, 38.26977530580406 ], [ -85.507164814487624, 38.270217306378804 ], [ -85.507203814609369, 38.270577305353534 ], [ -85.507203815739175, 38.271076306939705 ], [ -85.507174813674879, 38.271387306407163 ], [ -85.507133133068535, 38.271618945043933 ] ], [ [ -85.507133133068535, 38.271618945043933 ], [ -85.506786591527344, 38.271600579920822 ], [ -85.506624359714209, 38.271583616183293 ], [ -85.505879021891872, 38.271515048131612 ], [ -85.505736897627017, 38.271519375894322 ], [ -85.505595055312938, 38.271529315417801 ], [ -85.505453716442659, 38.271544851181048 ], [ -85.505313101723075, 38.271565958924285 ], [ -85.505173430730252, 38.271592605686841 ], [ -85.505034921566619, 38.271624749858617 ], [ -85.504897790520332, 38.271662341245069 ], [ -85.504762251727584, 38.271705321145603 ], [ -85.504475945868492, 38.271814229612396 ], [ -85.504204812549332, 38.271957306097001 ], [ -85.503873814335293, 38.27219730814253 ], [ -85.503686336291096, 38.272371853554944 ], [ -85.503617269352176, 38.272445997444798 ], [ -85.503552504332063, 38.272523927224888 ], [ -85.503492248373405, 38.272605393646813 ], [ -85.503436694197163, 38.272690136150651 ], [ -85.503386019486229, 38.272777883698346 ], [ -85.503340386317205, 38.272868355640625 ], [ -85.503299940641924, 38.272961262614558 ], [ -85.503264811820685, 38.273056307469091 ], [ -85.503228140823524, 38.27314890589308 ], [ -85.503197912656972, 38.273243803143338 ], [ -85.503174269924557, 38.273340551535384 ], [ -85.50315732416253, 38.273438694651844 ], [ -85.503147155313727, 38.27353776949564 ], [ -85.503143811350412, 38.273637308674203 ], [ -85.503197156313021, 38.274129589429364 ], [ -85.503231440440061, 38.274358166522404 ], [ -85.503276201781176, 38.274717654957215 ], [ -85.503326618184261, 38.275432200696059 ], [ -85.503333815927675, 38.27572730792496 ], [ -85.503292150591633, 38.276796184547848 ], [ -85.503242292463412, 38.277225285812229 ], [ -85.503095695508364, 38.278730204719366 ], [ -85.503030573210765, 38.27937264727457 ], [ -85.503011484754623, 38.279528282967007 ], [ -85.503003616751116, 38.279648090752339 ], [ -85.503001015897482, 38.279768128440033 ], [ -85.503003687208533, 38.279888164580434 ], [ -85.503011625533617, 38.280007967726888 ], [ -85.503024815566519, 38.28012730688198 ], [ -85.503035910832594, 38.280219980061098 ], [ -85.503052958429819, 38.280311744991693 ], [ -85.503075887409594, 38.28040221976687 ], [ -85.50310460234617, 38.280491027849131 ], [ -85.503138983733862, 38.280577799637392 ], [ -85.50319100012932, 38.28071312222491 ], [ -85.503249645476814, 38.280845706655768 ], [ -85.503314776244181, 38.280975228434755 ], [ -85.50338623302639, 38.281101370562396 ], [ -85.503470343992149, 38.281243503328596 ], [ -85.503580260642224, 38.28140237906711 ], [ -85.503809459918529, 38.281705066100585 ], [ -85.504057465679651, 38.281975694334363 ], [ -85.504408244773501, 38.282294448738341 ], [ -85.504718207299732, 38.282530607508349 ], [ -85.505047385050929, 38.282742738780364 ], [ -85.505412753556655, 38.282951706589621 ], [ -85.506064905999153, 38.283241917850226 ], [ -85.506252872673983, 38.283308484736942 ], [ -85.506483786398817, 38.283377199873463 ], [ -85.50671632280833, 38.283440205718918 ], [ -85.506950340764675, 38.283497464031946 ], [ -85.507185698230842, 38.283548940059653 ], [ -85.507422252356761, 38.283594602558686 ], [ -85.507640095705185, 38.283619361143181 ], [ -85.507858575525049, 38.283637671802992 ], [ -85.508077501006952, 38.28364951854649 ], [ -85.508250983592021, 38.283648893173087 ], [ -85.508424320090427, 38.283641747773892 ], [ -85.508597265545561, 38.283628092446676 ], [ -85.508769575553401, 38.283607946488949 ], [ -85.508941006607927, 38.283581338370688 ], [ -85.509097661730223, 38.283554268575898 ], [ -85.50925312116847, 38.283521012535878 ], [ -85.509407140729905, 38.283481622488573 ], [ -85.509559478483567, 38.283436160307126 ], [ -85.509709895140219, 38.283384697402653 ], [ -85.50985815442823, 38.283327314612109 ], [ -85.510004023464759, 38.283264102071286 ], [ -85.510353815270449, 38.28306630675489 ], [ -85.510572269771572, 38.282896754828592 ], [ -85.510659817678444, 38.282817555718935 ], [ -85.510743639782703, 38.282734423355762 ], [ -85.51082355955208, 38.2826475328187 ], [ -85.510899408672785, 38.282557067102225 ], [ -85.510971027403954, 38.282463216730271 ], [ -85.511038264914049, 38.282366179354973 ], [ -85.51114374944207, 38.282365136985895 ], [ -85.511572665517647, 38.282465283206299 ], [ -85.51181867016814, 38.282489663697838 ], [ -85.51283844482559, 38.282574343228731 ], [ -85.512955432846312, 38.282575291691174 ], [ -85.513072268623816, 38.282569250361036 ], [ -85.513188534905467, 38.282556240813555 ], [ -85.513303816472458, 38.282536309509403 ], [ -85.513388420046766, 38.282510356487997 ], [ -85.513471029296767, 38.282478622658701 ], [ -85.513551249758038, 38.28244125955257 ], [ -85.513628698372798, 38.282398445580803 ], [ -85.513703005318987, 38.282350385182824 ], [ -85.513773815776233, 38.282297307850087 ], [ -85.513825766558654, 38.282231643786425 ], [ -85.513873364000602, 38.282162758834723 ], [ -85.513916409001084, 38.282090941142023 ], [ -85.513954721502046, 38.28201649112308 ], [ -85.513988141241583, 38.281939720203717 ], [ -85.514043816221246, 38.281657307470532 ], [ -85.51413381730157, 38.281166309083126 ], [ -85.514274817836878, 38.28083730621411 ], [ -85.514364753868605, 38.280704801105834 ], [ -85.514684816949696, 38.280256306387102 ], [ -85.514573817017663, 38.280207306236299 ], [ -85.51236381505403, 38.279206308675732 ], [ -85.512234952586454, 38.27915244277952 ], [ -85.510009781129654, 38.278207324425118 ], [ -85.509843817983054, 38.278126307653636 ], [ -85.509244816547053, 38.2777663082909 ], [ -85.508874815348051, 38.277507307299516 ], [ -85.508263817855294, 38.27699730823533 ], [ -85.507674813104842, 38.2763373057386 ], [ -85.507314814682289, 38.275776306760946 ], [ -85.507130656877294, 38.27539648010422 ], [ -85.507064230391421, 38.275222444121525 ], [ -85.507002809172775, 38.275046579300714 ], [ -85.506946443485049, 38.274869029559667 ], [ -85.506895179454744, 38.274689940195117 ], [ -85.50684905903347, 38.274509457763735 ], [ -85.50680811996358, 38.274327729962188 ], [ -85.506784055619221, 38.274180804219746 ], [ -85.506765754289603, 38.274033049937934 ], [ -85.506753243962876, 38.273884693077001 ], [ -85.506746543771072, 38.273735960518728 ], [ -85.506745663960771, 38.273587079719441 ], [ -85.506750605877471, 38.273438278362192 ], [ -85.506761361963498, 38.273289784008512 ], [ -85.506777915769618, 38.273141823750457 ], [ -85.506819425630042, 38.272750780747941 ], [ -85.507105103150991, 38.271708215050609 ], [ -85.50712108807096, 38.27165714119392 ], [ -85.507133133068535, 38.271618945043933 ] ], [ [ -85.514793813149794, 38.243157299150106 ], [ -85.514724813593418, 38.243587301733506 ], [ -85.51459481298788, 38.24374630065612 ], [ -85.51444381319979, 38.244147301270523 ], [ -85.514443816855916, 38.24437629869491 ], [ -85.514533815706443, 38.244667300437122 ] ] ] } },
{ "type": "Feature", "properties": { "OBJECTID": 15, "ROUTE_NAME": "Taylorsville Road", "ROUTE_TYPE": "Local Route", "ROUTE_NUMBER": 40, "TARC_WEB": "https://www.ridetarc.org/bus_routes/taylorsville-road/", "SHAPELEN": 100458.99972910401 }, "geometry": { "type": "MultiLineString", "coordinates": [ [ [ -85.731643879343082, 38.249656291929611 ], [ -85.731724881072239, 38.249787292182461 ], [ -85.732524877260715, 38.250877291158623 ], [ -85.7327048767051, 38.251067292659933 ], [ -85.732953877622606, 38.251206293224378 ], [ -85.734253877595918, 38.251386291751061 ], [ -85.736283878709045, 38.251617291466623 ], [ -85.738284879657058, 38.251826290805347 ], [ -85.739313881233798, 38.251947292363091 ], [ -85.740283879693209, 38.252047293453337 ], [ -85.742334880667002, 38.252276293282478 ], [ -85.744343883776423, 38.252487290971132 ], [ -85.745224882602827, 38.252597291568009 ], [ -85.745674880737226, 38.252646292234061 ], [ -85.746344883908534, 38.252706290354503 ], [ -85.748383882806721, 38.252916292132497 ], [ -85.748514881796694, 38.252926290360158 ], [ -85.748684884673509, 38.252947291806343 ], [ -85.748933881900356, 38.252976290738843 ], [ -85.749793882259752, 38.253076289433544 ], [ -85.750404886458824, 38.253147289961966 ], [ -85.751003885986776, 38.253217291548125 ], [ -85.751394886636646, 38.25325629017037 ], [ -85.752054884515957, 38.253327290809345 ], [ -85.753833887117182, 38.253507293053943 ], [ -85.754974886260058, 38.25359729119112 ], [ -85.75536388609649, 38.253626291834543 ], [ -85.756993887060275, 38.25385729227488 ], [ -85.757284884317258, 38.25389629135902 ], [ -85.757464889100959, 38.253916292765361 ], [ -85.758674886954935, 38.254076289415003 ], [ -85.758894884726232, 38.254096290398586 ], [ -85.759413888760335, 38.254137292097738 ], [ -85.759603888362122, 38.254146292277483 ], [ -85.759984886015559, 38.254176290757755 ], [ -85.7601248880611, 38.254186290069683 ], [ -85.760283888303277, 38.254197289716792 ], [ -85.760313888974864, 38.25419728969846 ], [ -85.761973888378762, 38.25440729019062 ], [ -85.761864889063304, 38.255097292939006 ], [ -85.761703887935454, 38.255786289853148 ], [ -85.761483886408357, 38.257136292094025 ], [ -85.761514889679304, 38.257136292540409 ], [ -85.761663887392388, 38.257156290623492 ], [ -85.76315388951862, 38.257316290679725 ], [ -85.763394889660759, 38.255956290670781 ], [ -85.763513889253375, 38.255266290683871 ], [ -85.763624888581106, 38.254567289939686 ], [ -85.76381488874874, 38.253497290427312 ], [ -85.762944886551409, 38.253636290712706 ], [ -85.762663886736121, 38.253667291194205 ], [ -85.762544886191648, 38.253667290967549 ], [ -85.762134888195121, 38.25362629260102 ], [ -85.762104887688025, 38.253626289655017 ], [ -85.760453888568321, 38.253446292268315 ], [ -85.760424889470016, 38.253446289672773 ], [ -85.759833885285289, 38.253366291026353 ], [ -85.75976488690246, 38.253356290163509 ], [ -85.75956488603687, 38.253337292283064 ], [ -85.759513885308735, 38.253327292092841 ], [ -85.758793888630407, 38.253246291332857 ], [ -85.757111887022532, 38.253063289977888 ], [ -85.755444886712681, 38.252877290442179 ], [ -85.753873885805746, 38.25268729162714 ], [ -85.75310488536725, 38.252607292029694 ], [ -85.752223884225998, 38.252507292606808 ], [ -85.75154388498926, 38.252436292687335 ], [ -85.750643883010142, 38.2523462924621 ], [ -85.74914488373318, 38.252206291532211 ], [ -85.7485048854589, 38.252147290843133 ], [ -85.748253883188639, 38.252096290872778 ], [ -85.74812388353665, 38.252047291409411 ], [ -85.747993884653525, 38.25198629016058 ], [ -85.747773882586742, 38.251887290109835 ], [ -85.747599882919673, 38.251789292672669 ], [ -85.747244881477513, 38.251607290294181 ], [ -85.747114884190921, 38.25154629149624 ], [ -85.746894881479022, 38.251446290834366 ], [ -85.746614882301969, 38.251337291830978 ], [ -85.746204881403415, 38.251296289354265 ], [ -85.744573884261001, 38.251137292430734 ], [ -85.743853882041037, 38.251047291593729 ], [ -85.743564883957973, 38.251016290864435 ], [ -85.742553880021774, 38.250906291696332 ], [ -85.742164882453594, 38.250867289593799 ], [ -85.741723881490756, 38.250816289687037 ], [ -85.741534880925997, 38.250797292223069 ], [ -85.74051387941951, 38.250687293297673 ], [ -85.739523882683073, 38.250576289290322 ], [ -85.738514881225626, 38.250466291566291 ], [ -85.736484880087076, 38.250247291332542 ], [ -85.734483878848891, 38.250036291229549 ], [ -85.733853878363163, 38.249967292780234 ], [ -85.73319387771231, 38.249887291707878 ], [ -85.732323878455603, 38.249756292010019 ], [ -85.731873880329147, 38.249686292358653 ], [ -85.731643879343082, 38.249656291929611 ] ], [ [ -85.660444856699385, 38.22231629112445 ], [ -85.660984854679256, 38.222347287753415 ], [ -85.66230385545326, 38.222447289148406 ], [ -85.663304855943878, 38.222513291562237 ], [ -85.664764855962304, 38.222617287771691 ], [ -85.665863857964553, 38.22268628940423 ], [ -85.666974856653781, 38.222766288679416 ], [ -85.668494860167058, 38.222866289991039 ], [ -85.668793859088112, 38.222887287918944 ], [ -85.669603858434996, 38.222956288733542 ], [ -85.671054859203736, 38.223057288088235 ], [ -85.67165486029765, 38.223096289961113 ], [ -85.672847858335984, 38.223178290245961 ], [ -85.673804860931497, 38.223257289871775 ], [ -85.676301859365836, 38.223479288663036 ], [ -85.677153858565646, 38.223546289175594 ], [ -85.677444862570852, 38.223566288237869 ], [ -85.678565861516901, 38.223672289710088 ], [ -85.679083860556077, 38.22371728957404 ], [ -85.679733860201793, 38.223777289504504 ], [ -85.680273863519574, 38.22382628863005 ], [ -85.680993860695025, 38.2238872880882 ], [ -85.681203863121809, 38.223897288686423 ], [ -85.681343861345738, 38.223887288700915 ], [ -85.682053863441425, 38.223687288501296 ], [ -85.682383863840485, 38.223597289819907 ], [ -85.682643860228254, 38.223527287861842 ], [ -85.68420486300883, 38.223196287795567 ], [ -85.684514861534723, 38.223126288711455 ], [ -85.684753864150153, 38.223057288344435 ], [ -85.685464862695582, 38.223327288857618 ], [ -85.685703865201262, 38.223417289766523 ], [ -85.685853864513916, 38.223456290088187 ], [ -85.685923863434184, 38.223466287528716 ], [ -85.686094864681877, 38.223507288099043 ], [ -85.686414863909818, 38.223546287076552 ], [ -85.68664386534023, 38.223576288144784 ], [ -85.686833862947537, 38.223597287037151 ], [ -85.687743863802353, 38.223707290508074 ], [ -85.6883238630123, 38.223777287844221 ], [ -85.689154864953892, 38.223877288812645 ], [ -85.689784866100652, 38.223946288343647 ], [ -85.690293866466462, 38.22401628984337 ], [ -85.691084865975526, 38.22410628987916 ], [ -85.691714867472584, 38.224186288468267 ], [ -85.691844863942777, 38.224206289980096 ], [ -85.692024864503196, 38.224227287206922 ], [ -85.692444867824591, 38.2242762876472 ], [ -85.693254864240117, 38.224366288939436 ], [ -85.693514864584813, 38.224396288166147 ], [ -85.693694863304245, 38.224437290019047 ], [ -85.693834867334004, 38.224486287193209 ], [ -85.693974865437013, 38.224566287145059 ], [ -85.694104866343281, 38.224626290137394 ], [ -85.694303866678098, 38.224736288100999 ], [ -85.69443386626314, 38.224797289734752 ], [ -85.694923867291607, 38.225026289971687 ], [ -85.695264864637352, 38.225176290542144 ], [ -85.696543868151309, 38.225757287661828 ], [ -85.697013864963708, 38.225976290093072 ], [ -85.697553866747228, 38.226227289685973 ], [ -85.697773866023738, 38.226356290571452 ], [ -85.697893867397127, 38.226426289981688 ], [ -85.698313867634312, 38.226696289128178 ], [ -85.698914867967531, 38.227076287555953 ], [ -85.69917386969226, 38.227246288912873 ], [ -85.699563868580853, 38.2274872872309 ], [ -85.699933867718485, 38.227726287503657 ], [ -85.700519865753265, 38.228104287666369 ], [ -85.701034866351691, 38.228436290516747 ], [ -85.701204866818259, 38.228547289605345 ], [ -85.701783868220772, 38.228917289377442 ], [ -85.702064869573164, 38.229097289129648 ], [ -85.702424867097648, 38.229326289182104 ], [ -85.702794870169782, 38.229576289975938 ], [ -85.703213867005488, 38.229846287784127 ], [ -85.703684870214374, 38.230146289370168 ], [ -85.704023866967333, 38.230367289837723 ], [ -85.704433870174981, 38.230606289465527 ], [ -85.704833871125032, 38.230807289480246 ], [ -85.705333871231375, 38.230987288597426 ], [ -85.705524868875955, 38.231046288780561 ], [ -85.705593871210581, 38.231067289552662 ], [ -85.706013871154141, 38.231157289504679 ], [ -85.706974868710176, 38.231386290880728 ], [ -85.707824869595385, 38.231566288450239 ], [ -85.70843387125781, 38.231707288350513 ], [ -85.708814870287057, 38.231807288451876 ], [ -85.709044872292509, 38.23187728910203 ], [ -85.709323869909838, 38.232016290207177 ], [ -85.709444869559277, 38.232087288502875 ], [ -85.709793871608909, 38.232267288529947 ], [ -85.710204870362745, 38.232496289932129 ], [ -85.710593870236266, 38.232707288102965 ], [ -85.710733872589287, 38.232787288867328 ], [ -85.71135187006243, 38.233118288044153 ], [ -85.711623872410726, 38.233266290095891 ], [ -85.711694871290291, 38.233306287701858 ], [ -85.711933873119193, 38.233437290256582 ], [ -85.71228487209342, 38.233636290225206 ], [ -85.712784873347886, 38.233906290306436 ], [ -85.713253872073494, 38.234176288883965 ], [ -85.713904872351932, 38.234536288431322 ], [ -85.714063872819807, 38.234626291006563 ], [ -85.714614871646617, 38.234926289866095 ], [ -85.715230871546794, 38.235266288271589 ], [ -85.715474874219836, 38.235397289619648 ], [ -85.716343872014633, 38.235876289118323 ], [ -85.716893871513335, 38.236176289973393 ], [ -85.717433871954242, 38.236477289348301 ], [ -85.718013874825957, 38.236796290392498 ], [ -85.718484873096116, 38.237056287670228 ], [ -85.719034873172461, 38.237356288920864 ], [ -85.719754874459895, 38.237757290939314 ], [ -85.720233874591798, 38.238027290613104 ], [ -85.720993874234026, 38.238447290967756 ], [ -85.723333875137286, 38.239746290342005 ], [ -85.723833873628209, 38.240007290891867 ], [ -85.724294876681085, 38.240267291773684 ], [ -85.725183874733602, 38.241417291319102 ], [ -85.725713875257298, 38.242086288915615 ], [ -85.726243877074367, 38.242767289199591 ], [ -85.726504878392646, 38.243096292305843 ], [ -85.726644876574881, 38.243266289861431 ], [ -85.726843877917332, 38.24350728977263 ], [ -85.727023875376773, 38.243736291246229 ], [ -85.727444875057458, 38.244256289687918 ], [ -85.727674878386054, 38.244556289499293 ], [ -85.727793875720124, 38.244716290360557 ], [ -85.728344875690013, 38.245416291719543 ], [ -85.728943875309568, 38.246187290646979 ], [ -85.729043876255631, 38.246307289782919 ], [ -85.729514875864481, 38.246917291412487 ], [ -85.729843877555723, 38.247346292790219 ], [ -85.730223879168349, 38.247817291003138 ], [ -85.730753876839657, 38.248496290719899 ], [ -85.731433879510448, 38.249367292294075 ], [ -85.731643879343082, 38.249656291929611 ] ], [ [ -85.660444856699385, 38.22231629112445 ], [ -85.6600138560771, 38.222236288922616 ], [ -85.659634857868852, 38.222206289381838 ], [ -85.659113857820429, 38.22216728852726 ], [ -85.658244855919733, 38.222097289396217 ], [ -85.656723853970931, 38.221977290434296 ], [ -85.656183856744704, 38.221926291127886 ], [ -85.655764853357852, 38.221887289497481 ], [ -85.654443855379611, 38.22175629073589 ], [ -85.652773852096232, 38.221606288707399 ], [ -85.652313851889261, 38.221576291268356 ], [ -85.651254852214365, 38.221496290872004 ], [ -85.650764854264153, 38.221457289273431 ], [ -85.649324850627551, 38.221326290904045 ], [ -85.648794854555476, 38.221277290099401 ], [ -85.647783852542617, 38.22119729083348 ], [ -85.646413852666484, 38.221077289507946 ], [ -85.646243853213363, 38.221066291483417 ], [ -85.645594850836801, 38.221007291883303 ], [ -85.643803851344643, 38.220876291268901 ], [ -85.641553851956843, 38.220727292021145 ], [ -85.639453850674983, 38.220586289342435 ], [ -85.637274847373803, 38.220447289775571 ], [ -85.635543848287725, 38.22037729015306 ], [ -85.634124850437701, 38.220326291989323 ], [ -85.63256384765819, 38.220226292192685 ], [ -85.631573847835952, 38.22016628879453 ], [ -85.630474848825529, 38.220097291308456 ], [ -85.629853847523393, 38.220056290867127 ], [ -85.629553848008058, 38.220036290106258 ], [ -85.629373844445411, 38.220027291056823 ], [ -85.629063845562058, 38.220007290469283 ], [ -85.628613847705068, 38.219976292159778 ], [ -85.627963844970651, 38.219937289124921 ], [ -85.627054845670102, 38.219876291375058 ], [ -85.626363845542144, 38.2198372893006 ], [ -85.626093846933387, 38.219817289847867 ], [ -85.625874847516513, 38.219817289565697 ], [ -85.625683845441159, 38.219837292029489 ] ], [ [ -85.625683845441159, 38.219837292029489 ], [ -85.625853845954765, 38.219907290290095 ], [ -85.62634384341689, 38.219937292111098 ], [ -85.627953846244196, 38.220052289230139 ], [ -85.628613847724608, 38.220087291643488 ], [ -85.629254844620121, 38.220126291059366 ], [ -85.629373846793271, 38.220136289143547 ], [ -85.629574848053295, 38.220146289638429 ], [ -85.62985384787153, 38.220166291393518 ], [ -85.630583845687568, 38.220207290248396 ], [ -85.631213847419787, 38.220256292292554 ], [ -85.632004847503282, 38.220306289379991 ], [ -85.632553848027925, 38.220336291042329 ], [ -85.63411484880632, 38.220436291023162 ], [ -85.635353846683699, 38.220467290108125 ], [ -85.635543849315994, 38.220477290712829 ], [ -85.636033846388301, 38.220486290631236 ], [ -85.637264851024767, 38.220547289011705 ], [ -85.639453848841683, 38.220666289871453 ], [ -85.640843851100144, 38.2207472909693 ], [ -85.641544849106438, 38.220807290013802 ], [ -85.644204852365121, 38.22097628917831 ], [ -85.644943853353027, 38.221036291190465 ], [ -85.645573850859734, 38.22108728947272 ], [ -85.64634385239367, 38.221177289901412 ], [ -85.648763851834076, 38.221396289333988 ], [ -85.649303852368689, 38.221447291915602 ], [ -85.650523851807264, 38.2215572910182 ], [ -85.651003854682756, 38.221596289997379 ], [ -85.65143485157941, 38.221647289747317 ], [ -85.652304853217402, 38.2217372898211 ], [ -85.652763853332203, 38.221776290131075 ], [ -85.653424855539981, 38.221827289023871 ], [ -85.654073853272919, 38.221876289855615 ], [ -85.656704856732901, 38.222087290331601 ], [ -85.657374853726097, 38.222146291128929 ], [ -85.658213855273445, 38.222216291287559 ], [ -85.659624853639002, 38.22232629116651 ], [ -85.660053853698471, 38.222337289814192 ], [ -85.660444856699385, 38.22231629112445 ] ], [ [ -85.597683835584661, 38.211007290542831 ], [ -85.597823835217241, 38.211156292083764 ], [ -85.598233837498583, 38.21152629133978 ], [ -85.59872383482643, 38.211876291797715 ], [ -85.599244834593094, 38.212287291359722 ], [ -85.599604836464721, 38.212557290487013 ], [ -85.599843836801639, 38.212717290563603 ], [ -85.600144838789106, 38.212887290525742 ], [ -85.600904839269234, 38.213247289553642 ], [ -85.601354836256832, 38.213517292324404 ], [ -85.601603837912933, 38.213746290891869 ], [ -85.601743839129057, 38.213936290268414 ], [ -85.60185483785105, 38.214116292358618 ], [ -85.601923836960026, 38.214286289854762 ], [ -85.601984838445134, 38.214517289706855 ], [ -85.60201383743356, 38.214697290419934 ], [ -85.60197383942058, 38.215057290531988 ], [ -85.601904839871693, 38.215286290989503 ], [ -85.601783838156678, 38.215536291821103 ], [ -85.601634840035445, 38.21574629052337 ], [ -85.601513836850842, 38.215887289960094 ], [ -85.601214839164626, 38.216116292066594 ], [ -85.601044840219615, 38.216217291661117 ], [ -85.600663839975269, 38.216346290384891 ], [ -85.600443837388866, 38.216397290882085 ], [ -85.599154838799166, 38.216646290829431 ], [ -85.598763836668041, 38.21673629142127 ], [ -85.598583837119946, 38.216806290656656 ], [ -85.598183837743932, 38.217027292645675 ], [ -85.598024836919947, 38.217166289820341 ], [ -85.597873836660924, 38.217327291886697 ], [ -85.59782383797824, 38.217397292440104 ], [ -85.597723834786024, 38.217536291142302 ], [ -85.597413835680186, 38.218166292447584 ], [ -85.597794837760247, 38.218246291776609 ], [ -85.598103839149857, 38.218307293003242 ], [ -85.598943836362579, 38.21846729104189 ], [ -85.599964837784839, 38.218606292059697 ], [ -85.60061384016484, 38.218667291977155 ], [ -85.601544839896277, 38.218726290578445 ], [ -85.602344839153631, 38.218767290280859 ], [ -85.603483838064633, 38.218816290797768 ], [ -85.605343838654647, 38.218896290355318 ], [ -85.606723839725078, 38.218956292163696 ], [ -85.610063843012384, 38.219097290725372 ], [ -85.610714841730911, 38.219127291309896 ], [ -85.614603840685973, 38.219297290315168 ], [ -85.616064844033275, 38.219367292366186 ], [ -85.616633841577595, 38.219397292644203 ], [ -85.617824844543406, 38.219446289613423 ], [ -85.618904843243115, 38.219497290183689 ], [ -85.619523843997925, 38.219526291837418 ], [ -85.620124843419816, 38.2195672900611 ], [ -85.620174845632519, 38.219567290227694 ], [ -85.620714843146899, 38.219596292786882 ], [ -85.621263844038893, 38.219616292457054 ], [ -85.621353844615058, 38.21961629259075 ], [ -85.621993846126344, 38.219647289889537 ], [ -85.622123842473513, 38.219657289718484 ], [ -85.622514843857672, 38.219677290132026 ], [ -85.623454846431969, 38.21971628994298 ], [ -85.623804844115753, 38.219747290282996 ], [ -85.624034845707726, 38.219757292007834 ], [ -85.624243845767879, 38.21976629093016 ], [ -85.624674846875152, 38.219786290424949 ], [ -85.625683845441159, 38.219837292029489 ] ], [ [ -85.590474833951333, 38.215087292737159 ], [ -85.590793833338552, 38.215216292977452 ], [ -85.590943836708078, 38.215247292212311 ], [ -85.59107383404428, 38.215237292156708 ], [ -85.591213836761312, 38.215196291343204 ], [ -85.59159483476509, 38.215006290347475 ], [ -85.592004834817303, 38.214607290216158 ], [ -85.592143834817321, 38.214476289556451 ], [ -85.592224836553385, 38.214396292006334 ], [ -85.592574835897921, 38.214077289605754 ], [ -85.592934835233365, 38.213766289841011 ], [ -85.593583833350024, 38.21323629183938 ], [ -85.593943834170048, 38.212966291216013 ], [ -85.594453836206981, 38.212596292075176 ], [ -85.594673836742217, 38.212467290437253 ], [ -85.595313834320791, 38.212066291070663 ], [ -85.595533835634143, 38.211917291191746 ], [ -85.596854835155639, 38.211197291482726 ], [ -85.597503836692098, 38.210837291610822 ], [ -85.597683835584661, 38.211007290542831 ] ], [ [ -85.597683835584661, 38.211007290542831 ], [ -85.597013833950342, 38.211396291046078 ], [ -85.595743834328275, 38.212116291586646 ], [ -85.594824835517272, 38.212686292387701 ], [ -85.594663836005623, 38.212797288883138 ], [ -85.594233837432043, 38.213077291133068 ], [ -85.593763835421242, 38.213416289834598 ], [ -85.593153835129968, 38.213877292255326 ], [ -85.592454834019406, 38.21447629048243 ], [ -85.592034835480945, 38.214856292883532 ], [ -85.591663836176181, 38.215237292518928 ], [ -85.591274835533483, 38.215617292809782 ], [ -85.591063835850377, 38.215486291094301 ], [ -85.590474833951333, 38.215087292737159 ] ], [ [ -85.568983827992753, 38.190207287852012 ], [ -85.568433826654527, 38.189967286754289 ], [ -85.568274826301717, 38.189896288860005 ], [ -85.567604827821327, 38.189607289398886 ], [ -85.567003824904944, 38.189296288850215 ], [ -85.566894827171183, 38.189227289119636 ], [ -85.566384824704656, 38.188906288336156 ], [ -85.566043824340369, 38.18869728583509 ], [ -85.56570382767778, 38.188527285703479 ], [ -85.565484827176405, 38.188456287710942 ], [ -85.565333826265459, 38.188427286211969 ], [ -85.564843826945378, 38.188396289451298 ], [ -85.564703824574408, 38.18839628774947 ], [ -85.564134826934776, 38.188527286409332 ], [ -85.563803823798395, 38.18865628613375 ], [ -85.563654825946344, 38.188746288070732 ], [ -85.563554823185413, 38.188807286618307 ], [ -85.563324824432087, 38.189016287431073 ], [ -85.563273825192809, 38.189067286926836 ], [ -85.56261482565175, 38.189736288956844 ], [ -85.562294822865354, 38.190037288408057 ], [ -85.562083824520613, 38.190246289267336 ], [ -85.561704824223384, 38.190616288631993 ], [ -85.562024824162961, 38.190777287347572 ], [ -85.562294827034933, 38.190966286428193 ], [ -85.562384824915569, 38.19103728919854 ], [ -85.562705823097033, 38.191308288232761 ], [ -85.563433826896102, 38.192086287173908 ], [ -85.564094824919351, 38.192896289146567 ], [ -85.56488382472898, 38.193696287168017 ], [ -85.56515382401841, 38.193966288854043 ], [ -85.56547382549833, 38.194296289117887 ], [ -85.565944825397153, 38.194746288288911 ], [ -85.566153824847262, 38.194936289213373 ], [ -85.56673382573554, 38.195496288001664 ], [ -85.567213828407702, 38.195946290455225 ], [ -85.568133826638231, 38.196816288403532 ], [ -85.56918482868231, 38.197716288344502 ], [ -85.570314826302791, 38.198436288717446 ], [ -85.570654827163423, 38.198616289571333 ], [ -85.570934825636428, 38.198877291074318 ], [ -85.571053828801283, 38.199057289327882 ], [ -85.571204826012917, 38.199307288983142 ], [ -85.571384826502893, 38.199796290044489 ], [ -85.571493829266558, 38.200096287490453 ], [ -85.571654827885993, 38.200397288892027 ], [ -85.571884828995564, 38.20066728894178 ], [ -85.572114829078899, 38.20090628967273 ], [ -85.572324829842771, 38.201076289130611 ], [ -85.57254382948841, 38.201226289284399 ], [ -85.572763828357054, 38.201346288085084 ], [ -85.573554830713491, 38.201706289774776 ], [ -85.57432382711049, 38.20210729102012 ], [ -85.574963827735132, 38.202447290504089 ], [ -85.575744831324982, 38.20290729131046 ], [ -85.575943831742563, 38.203026290329269 ], [ -85.576133828582698, 38.20313629075136 ], [ -85.576794829160477, 38.203527291221363 ], [ -85.576905831216521, 38.203599290414559 ], [ -85.577843831384271, 38.204167289709673 ], [ -85.578059829147008, 38.204298288835666 ], [ -85.578783831863618, 38.204727291115923 ], [ -85.579013831334336, 38.20486628906081 ], [ -85.579294829890955, 38.205026291700193 ], [ -85.579603830373316, 38.205216290463341 ], [ -85.579723833218054, 38.205296289525172 ], [ -85.579789832131809, 38.205341291045762 ], [ -85.580763832532924, 38.205906289345073 ], [ -85.581204829099065, 38.206196289235017 ], [ -85.581594830248861, 38.206447291588404 ], [ -85.581684830120167, 38.20650729113261 ], [ -85.582044830183108, 38.206746289653779 ], [ -85.582364830647634, 38.207006289483822 ], [ -85.582864832834275, 38.207386289240915 ], [ -85.583103832308581, 38.207566288700249 ], [ -85.583593834244155, 38.208027292051497 ], [ -85.584034833852698, 38.20843628916316 ], [ -85.584484830880882, 38.208876290564348 ], [ -85.58485383387017, 38.209297292093453 ], [ -85.585614832795144, 38.210187291555592 ], [ -85.585974834300814, 38.210626291687277 ], [ -85.586203832602791, 38.210886289465797 ], [ -85.586324834774118, 38.211027289939238 ], [ -85.58642483452816, 38.211136292549646 ], [ -85.586533833153723, 38.211246290562606 ], [ -85.586843834528494, 38.211596289805321 ], [ -85.587144832500897, 38.211946291829278 ], [ -85.587383832911669, 38.212236289462361 ], [ -85.587603833598678, 38.212486291548778 ], [ -85.587703835264549, 38.212606292028546 ], [ -85.587843832668398, 38.212766290566833 ], [ -85.588034832465496, 38.212977290266046 ], [ -85.58812483550534, 38.213087291731725 ], [ -85.588214835914386, 38.213177289751137 ], [ -85.588524833850684, 38.213486292636887 ], [ -85.588773832824586, 38.213727292030754 ], [ -85.588934835852641, 38.213877292131421 ], [ -85.58901383320007, 38.213936293238156 ], [ -85.589394833635382, 38.214257290913892 ], [ -85.589863836655297, 38.214656291992775 ], [ -85.590043834325812, 38.214787291273787 ], [ -85.590294835719149, 38.21495728964959 ], [ -85.590474833951333, 38.215087292737159 ] ], [ [ -85.568983827992753, 38.190207287852012 ], [ -85.568814824698237, 38.190466289746858 ], [ -85.568653825550612, 38.190716289175917 ], [ -85.568573828051527, 38.190847288949733 ], [ -85.568403826837695, 38.191137286644832 ], [ -85.568253825472397, 38.191346289366287 ], [ -85.568113828863133, 38.191616287552705 ], [ -85.568104825595512, 38.191747288349738 ], [ -85.568163825880234, 38.191937287441839 ], [ -85.56823482431939, 38.192046289511588 ], [ -85.568493828173672, 38.192326287612019 ], [ -85.569423828032029, 38.191737288167246 ], [ -85.569686827827553, 38.19154528619103 ], [ -85.569913826851305, 38.191397288377487 ], [ -85.570602827047225, 38.190943287486505 ], [ -85.57021482533149, 38.190747286778262 ], [ -85.570103828387161, 38.190687289594024 ], [ -85.569864827782354, 38.190567288161176 ], [ -85.569354828827926, 38.190356289573238 ], [ -85.568983827992753, 38.190207287852012 ] ] ] } },
{ "type": "Feature", "properties": { "OBJECTID": 16, "ROUTE_NAME": "Portland Poplar Level", "ROUTE_TYPE": "Local Route", "ROUTE_NUMBER": 43, "TARC_WEB": "https://www.ridetarc.org/bus_routes/portland-poplar-level/", "SHAPELEN": 144616.82121841301 }, "geometry": { "type": "MultiLineString", "coordinates": [ [ [ -85.758293887778834, 38.255426291223451 ], [ -85.758404886566169, 38.255446293199633 ] ], [ [ -85.758013885479855, 38.255387289932258 ], [ -85.758293887778834, 38.255426291223451 ] ], [ [ -85.756805884126919, 38.255226292341206 ], [ -85.758013885479855, 38.255387289932258 ] ], [ [ -85.755643884709443, 38.255107292409178 ], [ -85.756805884126919, 38.255226292341206 ] ], [ [ -85.755164883614185, 38.255056290271767 ], [ -85.755643884709443, 38.255107292409178 ] ], [ [ -85.754214884331418, 38.25494729053478 ], [ -85.755164883614185, 38.255056290271767 ] ], [ [ -85.753833883991533, 38.254906291198211 ], [ -85.754214884331418, 38.25494729053478 ] ], [ [ -85.753544884544667, 38.254886290125064 ], [ -85.753833883991533, 38.254906291198211 ] ], [ [ -85.752154885988119, 38.254737292397095 ], [ -85.753544884544667, 38.254886290125064 ] ], [ [ -85.751823887255654, 38.254706292484727 ], [ -85.752154885988119, 38.254737292397095 ] ], [ [ -85.751934885846055, 38.253986291091692 ], [ -85.751823887255654, 38.254706292484727 ] ], [ [ -85.752054884515957, 38.253327290809345 ], [ -85.751934885846055, 38.253986291091692 ] ], [ [ -85.752223884225998, 38.252507292606808 ], [ -85.752054884515957, 38.253327290809345 ] ], [ [ -85.75228488318082, 38.252026291283315 ], [ -85.752223884225998, 38.252507292606808 ] ], [ [ -85.752343887122294, 38.251646289330893 ], [ -85.75228488318082, 38.252026291283315 ] ], [ [ -85.752443886776092, 38.251036290308249 ], [ -85.752343887122294, 38.251646289330893 ] ], [ [ -85.752474883389795, 38.250846288921196 ], [ -85.752443886776092, 38.251036290308249 ] ], [ [ -85.752493885072681, 38.250746292816842 ], [ -85.752474883389795, 38.250846288921196 ] ], [ [ -85.752514883492978, 38.250627290157986 ], [ -85.752493885072681, 38.250746292816842 ] ], [ [ -85.752554886668122, 38.250417289133914 ], [ -85.752514883492978, 38.250627290157986 ] ], [ [ -85.752604882829345, 38.250116288940049 ], [ -85.752554886668122, 38.250417289133914 ] ], [ [ -85.752824883293329, 38.248856289178356 ], [ -85.752604882829345, 38.250116288940049 ] ], [ [ -85.752903886248362, 38.248406292130255 ], [ -85.752824883293329, 38.248856289178356 ] ], [ [ -85.753123885050314, 38.247146291467907 ], [ -85.752903886248362, 38.248406292130255 ] ], [ [ -85.753163884934949, 38.246956290615579 ], [ -85.753123885050314, 38.247146291467907 ] ], [ [ -85.753253882166689, 38.246467290493818 ], [ -85.753163884934949, 38.246956290615579 ] ], [ [ -85.75327488396303, 38.24636728903986 ], [ -85.753253882166689, 38.246467290493818 ] ], [ [ -85.753404885706175, 38.245726290690818 ], [ -85.75327488396303, 38.24636728903986 ] ], [ [ -85.775004892999789, 38.257246290717255 ], [ -85.776643893603094, 38.257426292276648 ] ], [ [ -85.773273890970444, 38.257046291570354 ], [ -85.775004892999789, 38.257246290717255 ] ], [ [ -85.771644890946604, 38.256856290914783 ], [ -85.773273890970444, 38.257046291570354 ] ], [ [ -85.795273897622934, 38.270877291863755 ], [ -85.795503900744251, 38.270957293117192 ] ], [ [ -85.794272896290394, 38.272612292742636 ], [ -85.794954900539238, 38.272866293480426 ] ], [ [ -85.794954900539238, 38.272866293480426 ], [ -85.796114899754627, 38.273297293455109 ] ], [ [ -85.796114899754627, 38.273297293455109 ], [ -85.796413899139736, 38.273397293601271 ] ], [ [ -85.796413899139736, 38.273397293601271 ], [ -85.796654898325556, 38.273487295032922 ] ], [ [ -85.796654898325556, 38.273487295032922 ], [ -85.797654899356544, 38.273796292243162 ] ], [ [ -85.797654899356544, 38.273796292243162 ], [ -85.79791490149934, 38.273886293408275 ] ], [ [ -85.79791490149934, 38.273886293408275 ], [ -85.798533901021401, 38.274126294990538 ] ], [ [ -85.798533901021401, 38.274126294990538 ], [ -85.799044900301553, 38.274316292420821 ] ], [ [ -85.799044900301553, 38.274316292420821 ], [ -85.799134901305692, 38.274357293851637 ] ], [ [ -85.799134901305692, 38.274357293851637 ], [ -85.800733902361443, 38.274927295118324 ] ], [ [ -85.800953901738154, 38.274917292474797 ], [ -85.800733902361443, 38.274927295118324 ] ], [ [ -85.801344899436316, 38.27489729466231 ], [ -85.800953901738154, 38.274917292474797 ] ], [ [ -85.802784900096157, 38.274807293650966 ], [ -85.801344899436316, 38.27489729466231 ] ], [ [ -85.804584900230637, 38.274696291617126 ], [ -85.802784900096157, 38.274807293650966 ] ], [ [ -85.804503903227399, 38.273966294011075 ], [ -85.804584900230637, 38.274696291617126 ] ], [ [ -85.804444900708404, 38.273436291062076 ], [ -85.804503903227399, 38.273966294011075 ] ], [ [ -85.804434903697768, 38.273336294110578 ], [ -85.804444900708404, 38.273436291062076 ] ], [ [ -85.804413902545278, 38.273127291709699 ], [ -85.804434903697768, 38.273336294110578 ] ], [ [ -85.804394901099784, 38.272976293930626 ], [ -85.804413902545278, 38.273127291709699 ] ], [ [ -85.804324902777807, 38.272403291386809 ], [ -85.804394901099784, 38.272976293930626 ] ], [ [ -85.804363900106893, 38.272186291698638 ], [ -85.804324902777807, 38.272403291386809 ] ], [ [ -85.804404903212742, 38.272057293998543 ], [ -85.804363900106893, 38.272186291698638 ] ], [ [ -85.804543899042329, 38.27178629130303 ], [ -85.804404903212742, 38.272057293998543 ] ], [ [ -85.804614901747712, 38.27166729283622 ], [ -85.804543899042329, 38.27178629130303 ] ], [ [ -85.804743901621109, 38.271446293925266 ], [ -85.804614901747712, 38.27166729283622 ] ], [ [ -85.804804902543239, 38.271286290928749 ], [ -85.804743901621109, 38.271446293925266 ] ], [ [ -85.804833900481739, 38.271176293071562 ], [ -85.804804902543239, 38.271286290928749 ] ], [ [ -85.804884900408425, 38.270986291781703 ], [ -85.804833900481739, 38.271176293071562 ] ], [ [ -85.804953899038239, 38.270597291092812 ], [ -85.804884900408425, 38.270986291781703 ] ], [ [ -85.804993901717353, 38.270337293266273 ], [ -85.804953899038239, 38.270597291092812 ] ], [ [ -85.805034899706243, 38.269726293273145 ], [ -85.804993901717353, 38.270337293266273 ] ], [ [ -85.805074902953251, 38.269597291412786 ], [ -85.805034899706243, 38.269726293273145 ] ], [ [ -85.80516490226529, 38.269476292270291 ], [ -85.805074902953251, 38.269597291412786 ] ], [ [ -85.805223901177683, 38.269417293613408 ], [ -85.80516490226529, 38.269476292270291 ] ], [ [ -85.805384901667665, 38.26930629339904 ], [ -85.805223901177683, 38.269417293613408 ] ], [ [ -85.805643904097195, 38.269147292394102 ], [ -85.805384901667665, 38.26930629339904 ] ], [ [ -85.805773899130713, 38.269036292552478 ], [ -85.805643904097195, 38.269147292394102 ] ], [ [ -85.805874900113309, 38.268916292930314 ], [ -85.805773899130713, 38.269036292552478 ] ], [ [ -85.753833887117182, 38.253507293053943 ], [ -85.754974886260058, 38.25359729119112 ] ], [ [ -85.754974886260058, 38.25359729119112 ], [ -85.75536388609649, 38.253626291834543 ] ], [ [ -85.75536388609649, 38.253626291834543 ], [ -85.756993887060275, 38.25385729227488 ] ], [ [ -85.756993887060275, 38.25385729227488 ], [ -85.757284884317258, 38.25389629135902 ] ], [ [ -85.757284884317258, 38.25389629135902 ], [ -85.757464889100959, 38.253916292765361 ] ], [ [ -85.757464889100959, 38.253916292765361 ], [ -85.758674886954935, 38.254076289415003 ] ], [ [ -85.758674886954935, 38.254076289415003 ], [ -85.758894884726232, 38.254096290398586 ] ], [ [ -85.758894884726232, 38.254096290398586 ], [ -85.759413888760335, 38.254137292097738 ] ], [ [ -85.759413888760335, 38.254137292097738 ], [ -85.759603888362122, 38.254146292277483 ] ], [ [ -85.759603888362122, 38.254146292277483 ], [ -85.759984886015559, 38.254176290757755 ] ], [ [ -85.759984886015559, 38.254176290757755 ], [ -85.7601248880611, 38.254186290069683 ] ], [ [ -85.7601248880611, 38.254186290069683 ], [ -85.760283888303277, 38.254197289716792 ] ], [ [ -85.760283888303277, 38.254197289716792 ], [ -85.760313888974864, 38.25419728969846 ] ], [ [ -85.760313888974864, 38.25419728969846 ], [ -85.761973888378762, 38.25440729019062 ] ], [ [ -85.761973888378762, 38.25440729019062 ], [ -85.763624888581106, 38.254567289939686 ] ], [ [ -85.763624888581106, 38.254567289939686 ], [ -85.76444488780605, 38.254636291394498 ] ], [ [ -85.76444488780605, 38.254636291394498 ], [ -85.765024889016587, 38.254687291167322 ] ], [ [ -85.765024889016587, 38.254687291167322 ], [ -85.765223889216145, 38.254716289555873 ] ], [ [ -85.753873885805746, 38.25268729162714 ], [ -85.753854884018921, 38.253076292079157 ] ], [ [ -85.753854884018921, 38.253076292079157 ], [ -85.753833887117182, 38.253507293053943 ] ], [ [ -85.780414895690782, 38.266817294042141 ], [ -85.782553897203556, 38.268386292495968 ] ], [ [ -85.768354891887711, 38.256486291273454 ], [ -85.76998389140941, 38.256676289542767 ] ], [ [ -85.76998389140941, 38.256676289542767 ], [ -85.771644890946604, 38.256856290914783 ] ], [ [ -85.780464893998584, 38.264166292049268 ], [ -85.780764893313531, 38.264377292878152 ] ], [ [ -85.780764893313531, 38.264377292878152 ], [ -85.782003895761875, 38.265306292586928 ] ], [ [ -85.782003895761875, 38.265306292586928 ], [ -85.782053896595102, 38.265357292824262 ] ], [ [ -85.782053896595102, 38.265357292824262 ], [ -85.783093893449802, 38.266097293235454 ] ], [ [ -85.783093893449802, 38.266097293235454 ], [ -85.783583896421916, 38.266557293148935 ] ], [ [ -85.767504888569917, 38.256396291915479 ], [ -85.768354891887711, 38.256486291273454 ] ], [ [ -85.766684888261665, 38.256297290340363 ], [ -85.767504888569917, 38.256396291915479 ] ], [ [ -85.766094890169086, 38.256226290594135 ], [ -85.766684888261665, 38.256297290340363 ] ], [ [ -85.765753888937695, 38.256187292794877 ], [ -85.766094890169086, 38.256226290594135 ] ], [ [ -85.771194890071641, 38.255387292014753 ], [ -85.771864891040451, 38.255457292234091 ] ], [ [ -85.770204889785191, 38.255287291930962 ], [ -85.771194890071641, 38.255387292014753 ] ], [ [ -85.768584889243357, 38.255097289964361 ], [ -85.770204889785191, 38.255287291930962 ] ], [ [ -85.767883888393129, 38.255027289397582 ], [ -85.768584889243357, 38.255097289964361 ] ], [ [ -85.766983887992808, 38.25494729106282 ], [ -85.767883888393129, 38.255027289397582 ] ], [ [ -85.7658348900313, 38.254786289738561 ], [ -85.766983887992808, 38.25494729106282 ] ], [ [ -85.765223889216145, 38.254716289555873 ], [ -85.7658348900313, 38.254786289738561 ] ], [ [ -85.778283891097942, 38.257606292227408 ], [ -85.779954893127567, 38.257797291523218 ] ], [ [ -85.776643893603094, 38.257426292276648 ], [ -85.778283891097942, 38.257606292227408 ] ], [ [ -85.765514887062196, 38.256177290554021 ], [ -85.765753888937695, 38.256187292794877 ] ], [ [ -85.765514887062196, 38.256177290554021 ], [ -85.765313888627361, 38.256177289374278 ] ], [ [ -85.765003888392215, 38.256136290858848 ], [ -85.765313888627361, 38.256177289374278 ] ], [ [ -85.764413888177856, 38.256066291979721 ], [ -85.765003888392215, 38.256136290858848 ] ], [ [ -85.763394889660759, 38.255956290670781 ], [ -85.764413888177856, 38.256066291979721 ] ], [ [ -85.771644892069688, 38.256657291691283 ], [ -85.771644890946604, 38.256856290914783 ] ], [ [ -85.771734890286126, 38.256136291339544 ], [ -85.771644892069688, 38.256657291691283 ] ], [ [ -85.771864891040451, 38.255457292234091 ], [ -85.771734890286126, 38.256136291339544 ] ], [ [ -85.761734886277551, 38.255786290297443 ], [ -85.763394889660759, 38.255956290670781 ] ], [ [ -85.761703887935454, 38.255786289853148 ], [ -85.761734886277551, 38.255786290297443 ] ], [ [ -85.760074887844155, 38.25560629016347 ], [ -85.761703887935454, 38.255786289853148 ] ], [ [ -85.758404886566169, 38.255446293199633 ], [ -85.760074887844155, 38.25560629016347 ] ], [ [ -85.779954893127567, 38.257797291523218 ], [ -85.781599895228766, 38.257987289699216 ] ], [ [ -85.738863881282896, 38.244646289424885 ], [ -85.73949388058054, 38.244687292060554 ] ], [ [ -85.738173879630168, 38.244606288355975 ], [ -85.738863881282896, 38.244646289424885 ] ], [ [ -85.737453882118928, 38.24455629089011 ], [ -85.738173879630168, 38.244606288355975 ] ], [ [ -85.782553897203556, 38.268386292495968 ], [ -85.784104897022829, 38.268957292182023 ] ], [ [ -85.784104897022829, 38.268957292182023 ], [ -85.785793897900263, 38.269566293662244 ] ], [ [ -85.753404885706175, 38.245726290690818 ], [ -85.755024883796224, 38.245876289849321 ] ], [ [ -85.752903886093264, 38.245696291499407 ], [ -85.753404885706175, 38.245726290690818 ] ], [ [ -85.752353885258273, 38.245657291087625 ], [ -85.752903886093264, 38.245696291499407 ] ], [ [ -85.752183882035254, 38.245647290966481 ], [ -85.752353885258273, 38.245657291087625 ] ], [ [ -85.751723884101963, 38.245626289219736 ], [ -85.752183882035254, 38.245647290966481 ] ], [ [ -85.75123388308414, 38.245587291262197 ], [ -85.751723884101963, 38.245626289219736 ] ], [ [ -85.75034488262628, 38.245506290324172 ], [ -85.75123388308414, 38.245587291262197 ] ], [ [ -85.74968488332712, 38.245447289427808 ], [ -85.75034488262628, 38.245506290324172 ] ], [ [ -85.749084882049445, 38.245397288303415 ], [ -85.74968488332712, 38.245447289427808 ] ], [ [ -85.748094881478877, 38.24531728869367 ], [ -85.749084882049445, 38.245397288303415 ] ], [ [ -85.747573884620621, 38.245276290572498 ], [ -85.748094881478877, 38.24531728869367 ] ], [ [ -85.7470538812222, 38.245246290345143 ], [ -85.747573884620621, 38.245276290572498 ] ], [ [ -85.746143884282716, 38.245197288470408 ], [ -85.7470538812222, 38.245246290345143 ] ], [ [ -85.745634883528936, 38.245166289603482 ], [ -85.746143884282716, 38.245197288470408 ] ], [ [ -85.745193884212625, 38.245137291281445 ], [ -85.745634883528936, 38.245166289603482 ] ], [ [ -85.744044883125454, 38.24504729145081 ], [ -85.745193884212625, 38.245137291281445 ] ], [ [ -85.743533881050567, 38.245006291675068 ], [ -85.744044883125454, 38.24504729145081 ] ], [ [ -85.741503881558842, 38.244857289081942 ], [ -85.743533881050567, 38.245006291675068 ] ], [ [ -85.740954879893323, 38.244806289416601 ], [ -85.741503881558842, 38.244857289081942 ] ], [ [ -85.73949388058054, 38.244687292060554 ], [ -85.740954879893323, 38.244806289416601 ] ], [ [ -85.646214848360358, 38.157627278418722 ], [ -85.645963848670732, 38.157776278369326 ] ], [ [ -85.6467938460151, 38.157326277884124 ], [ -85.646214848360358, 38.157627278418722 ] ], [ [ -85.647553849410855, 38.156986277278357 ], [ -85.6467938460151, 38.157326277884124 ] ], [ [ -85.648123847253174, 38.156757277175942 ], [ -85.647553849410855, 38.156986277278357 ] ], [ [ -85.648244846330044, 38.156716279343634 ], [ -85.648123847253174, 38.156757277175942 ] ], [ [ -85.648933848984711, 38.156506277943059 ], [ -85.648244846330044, 38.156716279343634 ] ], [ [ -85.649343845526346, 38.156397276727041 ], [ -85.648933848984711, 38.156506277943059 ] ], [ [ -85.649923847548152, 38.156246277813075 ], [ -85.649343845526346, 38.156397276727041 ] ], [ [ -85.650573850662482, 38.156117278186684 ], [ -85.649923847548152, 38.156246277813075 ] ], [ [ -85.651348847379026, 38.156021277664571 ], [ -85.650573850662482, 38.156117278186684 ] ], [ [ -85.652064846737559, 38.155956276823233 ], [ -85.651348847379026, 38.156021277664571 ] ], [ [ -85.652704849750975, 38.155917276865964 ], [ -85.652064846737559, 38.155956276823233 ] ], [ [ -85.65341484960085, 38.155917277276949 ], [ -85.652704849750975, 38.155917276865964 ] ], [ [ -85.65341484960085, 38.155917277276949 ], [ -85.654004849502542, 38.155937276357534 ] ], [ [ -85.654004849502542, 38.155937276357534 ], [ -85.654594847250195, 38.155976277220354 ] ], [ [ -85.654594847250195, 38.155976277220354 ], [ -85.655293851341597, 38.15602727817388 ] ], [ [ -85.655293851341597, 38.15602727817388 ], [ -85.655653851598828, 38.156046277318488 ] ], [ [ -85.655653851598828, 38.156046277318488 ], [ -85.656053848035583, 38.156066276242029 ] ], [ [ -85.656053848035583, 38.156066276242029 ], [ -85.656453848796886, 38.156097276309353 ] ], [ [ -85.656453848796886, 38.156097276309353 ], [ -85.65670484960674, 38.15610727740048 ] ], [ [ -85.65670484960674, 38.15610727740048 ], [ -85.657133850203977, 38.156136277577787 ] ], [ [ -85.657133850203977, 38.156136277577787 ], [ -85.658324847988482, 38.15620727692702 ] ], [ [ -85.658324847988482, 38.15620727692702 ], [ -85.658914850641409, 38.156246276531313 ] ], [ [ -85.658914850641409, 38.156246276531313 ], [ -85.659833850994076, 38.156307277438167 ] ], [ [ -85.659833850994076, 38.156307277438167 ], [ -85.659854851560937, 38.156667276258283 ] ], [ [ -85.659854851560937, 38.156667276258283 ], [ -85.65987385056107, 38.156976275484624 ] ], [ [ -85.65987385056107, 38.156976275484624 ], [ -85.65988384890376, 38.157156277519874 ] ], [ [ -85.65988384890376, 38.157156277519874 ], [ -85.659894851031467, 38.157216275894697 ] ], [ [ -85.659894851031467, 38.157216275894697 ], [ -85.659944848966205, 38.158887275967736 ] ], [ [ -85.659944848966205, 38.158887275967736 ], [ -85.659944849219883, 38.159046275957955 ] ], [ [ -85.659944849219883, 38.159046275957955 ], [ -85.659954851536369, 38.159206277614828 ] ], [ [ -85.659954851536369, 38.159206277614828 ], [ -85.659994852099047, 38.160046277026353 ] ], [ [ -85.659513850222623, 38.160077277843556 ], [ -85.659994852099047, 38.160046277026353 ] ], [ [ -85.659094851950215, 38.160057276323002 ], [ -85.659513850222623, 38.160077277843556 ] ], [ [ -85.658824850797558, 38.159997278948829 ], [ -85.659094851950215, 38.160057276323002 ] ], [ [ -85.658494850335671, 38.159887276949476 ], [ -85.658824850797558, 38.159997278948829 ] ], [ [ -85.656974848826124, 38.159187279225002 ], [ -85.658494850335671, 38.159887276949476 ] ], [ [ -85.656603850960735, 38.159046279564038 ], [ -85.656974848826124, 38.159187279225002 ] ], [ [ -85.656164849845553, 38.158907279490663 ], [ -85.656603850960735, 38.159046279564038 ] ], [ [ -85.655883851208287, 38.158856278670498 ], [ -85.656164849845553, 38.158907279490663 ] ], [ [ -85.65538384879828, 38.158807277557372 ], [ -85.655883851208287, 38.158856278670498 ] ], [ [ -85.654353847791839, 38.158746276666832 ], [ -85.65538384879828, 38.158807277557372 ] ], [ [ -85.652443846404367, 38.158647278080466 ], [ -85.654353847791839, 38.158746276666832 ] ], [ [ -85.651174846551939, 38.158576279922514 ], [ -85.652443846404367, 38.158647278080466 ] ], [ [ -85.650783848791306, 38.158527278217242 ], [ -85.651174846551939, 38.158576279922514 ] ], [ [ -85.650193846422624, 38.158486277115102 ], [ -85.650783848791306, 38.158527278217242 ] ], [ [ -85.649533849121468, 38.158447276659665 ], [ -85.650193846422624, 38.158486277115102 ] ], [ [ -85.649263846097597, 38.158437278602456 ], [ -85.649533849121468, 38.158447276659665 ] ], [ [ -85.648623847009091, 38.158406279008304 ], [ -85.649263846097597, 38.158437278602456 ] ], [ [ -85.648524847945168, 38.15840627824501 ], [ -85.648623847009091, 38.158406279008304 ] ], [ [ -85.647583849217554, 38.158347277950028 ], [ -85.648524847945168, 38.15840627824501 ] ], [ [ -85.647354848995235, 38.1583362795444 ], [ -85.647583849217554, 38.158347277950028 ] ], [ [ -85.646994846861091, 38.158316276317663 ], [ -85.647354848995235, 38.1583362795444 ] ], [ [ -85.646814847588146, 38.158277278011028 ], [ -85.646994846861091, 38.158316276317663 ] ], [ [ -85.646724847093111, 38.158257277556665 ], [ -85.646814847588146, 38.158277278011028 ] ], [ [ -85.646534848547347, 38.158187279034138 ], [ -85.646724847093111, 38.158257277556665 ] ], [ [ -85.646323847746615, 38.158077277075407 ], [ -85.646534848547347, 38.158187279034138 ] ], [ [ -85.646153844515126, 38.157956279252936 ], [ -85.646323847746615, 38.158077277075407 ] ], [ [ -85.645963848670732, 38.157776278369326 ], [ -85.646153844515126, 38.157956279252936 ] ], [ [ -85.75413488367586, 38.251227292621266 ], [ -85.753873885805746, 38.25268729162714 ] ], [ [ -85.754214886672372, 38.250777292146459 ], [ -85.75413488367586, 38.251227292621266 ] ], [ [ -85.754304885257497, 38.250206291540685 ], [ -85.754214886672372, 38.250777292146459 ] ], [ [ -85.754373884529144, 38.249707289705711 ], [ -85.754304885257497, 38.250206291540685 ] ], [ [ -85.754544885863893, 38.24862728991404 ], [ -85.754373884529144, 38.249707289705711 ] ], [ [ -85.729893874318378, 38.22369728677495 ], [ -85.730194877438436, 38.224026286040399 ] ], [ [ -85.729744875894269, 38.223546285089256 ], [ -85.729893874318378, 38.22369728677495 ] ], [ [ -85.729543877192341, 38.223306287051919 ], [ -85.729744875894269, 38.223546285089256 ] ], [ [ -85.729493874293198, 38.223226287369592 ], [ -85.729543877192341, 38.223306287051919 ] ], [ [ -85.729384875656351, 38.223046288185841 ], [ -85.729493874293198, 38.223226287369592 ] ], [ [ -85.729273876469492, 38.222797287721647 ], [ -85.729384875656351, 38.223046288185841 ] ], [ [ -85.729213876807052, 38.222547287380671 ], [ -85.729273876469492, 38.222797287721647 ] ], [ [ -85.729173876279347, 38.222267287014674 ], [ -85.729213876807052, 38.222547287380671 ] ], [ [ -85.729154875669039, 38.221447287074163 ], [ -85.729173876279347, 38.222267287014674 ] ], [ [ -85.729154877885875, 38.221007287907192 ], [ -85.729154875669039, 38.221447287074163 ] ], [ [ -85.729123874888842, 38.22067628671531 ], [ -85.729154877885875, 38.221007287907192 ] ], [ [ -85.729064876392997, 38.220387285453405 ], [ -85.729123874888842, 38.22067628671531 ] ], [ [ -85.728974876992609, 38.220136284998794 ], [ -85.729064876392997, 38.220387285453405 ] ], [ [ -85.728874876086337, 38.219927286434817 ], [ -85.728974876992609, 38.220136284998794 ] ], [ [ -85.728683876645945, 38.219647286482939 ], [ -85.728874876086337, 38.219927286434817 ] ], [ [ -85.72843487680251, 38.219346286710049 ], [ -85.728683876645945, 38.219647286482939 ] ], [ [ -85.728223874450023, 38.219117285382509 ], [ -85.72843487680251, 38.219346286710049 ] ], [ [ -85.727450876324895, 38.218360284973102 ], [ -85.728223874450023, 38.219117285382509 ] ], [ [ -85.726824873490372, 38.21772628713115 ], [ -85.727450876324895, 38.218360284973102 ] ], [ [ -85.726713874786512, 38.217616284881977 ], [ -85.726824873490372, 38.21772628713115 ] ], [ [ -85.726554877250891, 38.217466284604726 ], [ -85.726713874786512, 38.217616284881977 ] ], [ [ -85.726284875643216, 38.217196284759417 ], [ -85.726554877250891, 38.217466284604726 ] ], [ [ -85.725443874046476, 38.216366285019681 ], [ -85.726284875643216, 38.217196284759417 ] ], [ [ -85.724173875396929, 38.215106285239564 ], [ -85.725443874046476, 38.216366285019681 ] ], [ [ -85.723894874734199, 38.21481628339744 ], [ -85.724173875396929, 38.215106285239564 ] ], [ [ -85.723044873916066, 38.213977286600041 ], [ -85.723894874734199, 38.21481628339744 ] ], [ [ -85.72245487167487, 38.213386283280627 ], [ -85.723044873916066, 38.213977286600041 ] ], [ [ -85.7221938717814, 38.213137287133826 ], [ -85.72245487167487, 38.213386283280627 ] ], [ [ -85.721964875487657, 38.212897286297562 ], [ -85.7221938717814, 38.213137287133826 ] ], [ [ -85.721853873296169, 38.21277628383941 ], [ -85.721964875487657, 38.212897286297562 ] ], [ [ -85.721443874449577, 38.212406285389172 ], [ -85.721853873296169, 38.21277628383941 ] ], [ [ -85.721343872203974, 38.21230628395891 ], [ -85.721443874449577, 38.212406285389172 ] ], [ [ -85.72115487294198, 38.212146283735386 ], [ -85.721343872203974, 38.21230628395891 ] ], [ [ -85.720953870811883, 38.211997286052856 ], [ -85.72115487294198, 38.212146283735386 ] ], [ [ -85.720914871387791, 38.211966283537912 ], [ -85.720953870811883, 38.211997286052856 ] ], [ [ -85.720644872914448, 38.21179628337714 ], [ -85.720914871387791, 38.211966283537912 ] ], [ [ -85.720313872949973, 38.211647284864966 ], [ -85.720644872914448, 38.21179628337714 ] ], [ [ -85.719974873629894, 38.211526285820646 ], [ -85.720313872949973, 38.211647284864966 ] ], [ [ -85.719646874255474, 38.211448285863149 ], [ -85.719974873629894, 38.211526285820646 ] ], [ [ -85.660034849117451, 38.162167277298856 ], [ -85.659873850633957, 38.164377278498229 ] ], [ [ -85.66004484963932, 38.161806279099238 ], [ -85.660034849117451, 38.162167277298856 ] ], [ [ -85.660013851939496, 38.160607277868316 ], [ -85.66004484963932, 38.161806279099238 ] ], [ [ -85.659994852099047, 38.160046277026353 ], [ -85.660013851939496, 38.160607277868316 ] ], [ [ -85.659833849980402, 38.156117277983057 ], [ -85.659833850994076, 38.156307277438167 ] ], [ [ -85.659793852568654, 38.155477277904076 ], [ -85.659833849980402, 38.156117277983057 ] ], [ [ -85.659774849479305, 38.155207276882514 ], [ -85.659793852568654, 38.155477277904076 ] ], [ [ -85.659743852026466, 38.154667275929619 ], [ -85.659774849479305, 38.155207276882514 ] ], [ [ -85.659724849897344, 38.1542972767705 ], [ -85.659743852026466, 38.154667275929619 ] ], [ [ -85.659684851712711, 38.15363627730423 ], [ -85.659724849897344, 38.1542972767705 ] ], [ [ -85.659774848435532, 38.151766276213486 ], [ -85.659684851712711, 38.15363627730423 ] ], [ [ -85.659793852923613, 38.151157276260051 ], [ -85.659774848435532, 38.151766276213486 ] ], [ [ -85.659833849461094, 38.150406276386029 ], [ -85.659793852923613, 38.151157276260051 ] ], [ [ -85.659843849804744, 38.150226276256966 ], [ -85.659833849461094, 38.150406276386029 ] ], [ [ -85.659894851022884, 38.14928727555646 ], [ -85.659843849804744, 38.150226276256966 ] ], [ [ -85.659933849842488, 38.148586274640898 ], [ -85.659894851022884, 38.14928727555646 ] ], [ [ -85.659963850440136, 38.148027276231296 ], [ -85.659933849842488, 38.148586274640898 ] ], [ [ -85.660003849361374, 38.147416274854599 ], [ -85.659963850440136, 38.148027276231296 ] ], [ [ -85.660053849028856, 38.146526274032745 ], [ -85.660003849361374, 38.147416274854599 ] ], [ [ -85.660103850969321, 38.145716274376817 ], [ -85.660053849028856, 38.146526274032745 ] ], [ [ -85.660134850515064, 38.14484727585311 ], [ -85.660103850969321, 38.145716274376817 ] ], [ [ -85.660113852559562, 38.144546275309743 ], [ -85.660134850515064, 38.14484727585311 ] ], [ [ -85.660063848748109, 38.144176273169791 ], [ -85.660113852559562, 38.144546275309743 ] ], [ [ -85.659994848433669, 38.143936276220572 ], [ -85.660063848748109, 38.144176273169791 ] ], [ [ -85.659843847852443, 38.143576273098162 ], [ -85.659994848433669, 38.143936276220572 ] ], [ [ -85.659203851705939, 38.142486273685094 ], [ -85.659843847852443, 38.143576273098162 ] ], [ [ -85.658504850649749, 38.14133727443199 ], [ -85.659203851705939, 38.142486273685094 ] ], [ [ -85.657914850180958, 38.140326274300165 ], [ -85.658504850649749, 38.14133727443199 ] ], [ [ -85.657773848991638, 38.139927273250564 ], [ -85.657914850180958, 38.140326274300165 ] ], [ [ -85.657723849094467, 38.139706273553784 ], [ -85.657773848991638, 38.139927273250564 ] ], [ [ -85.657713848555744, 38.139627275254057 ], [ -85.657723849094467, 38.139706273553784 ] ], [ [ -85.65768384972381, 38.139387273057395 ], [ -85.657713848555744, 38.139627275254057 ] ], [ [ -85.657633848588063, 38.138966273535672 ], [ -85.65768384972381, 38.139387273057395 ] ], [ [ -85.805874900113309, 38.268916292930314 ], [ -85.805224901678244, 38.268852292471664 ] ], [ [ -85.805224901678244, 38.268852292471664 ], [ -85.80516490226529, 38.269476292270291 ] ], [ [ -85.804324902777807, 38.272403291386809 ], [ -85.803098901590417, 38.272487291768208 ] ], [ [ -85.803098901590417, 38.272487291768208 ], [ -85.802808901990304, 38.272511291524786 ] ], [ [ -85.802808901990304, 38.272511291524786 ], [ -85.801403900065722, 38.272596293714855 ] ], [ [ -85.801403900065722, 38.272596293714855 ], [ -85.801024899062639, 38.272616293971097 ] ], [ [ -85.801024899062639, 38.272616293971097 ], [ -85.800643899176336, 38.272667291927817 ] ], [ [ -85.800354900995103, 38.272657292585386 ], [ -85.800643899176336, 38.272667291927817 ] ], [ [ -85.800243898817257, 38.272636293293559 ], [ -85.800354900995103, 38.272657292585386 ] ], [ [ -85.799913899825327, 38.272557291505429 ], [ -85.800243898817257, 38.272636293293559 ] ], [ [ -85.799804900949738, 38.272516292111547 ], [ -85.799913899825327, 38.272557291505429 ] ], [ [ -85.799624902146007, 38.272456292209547 ], [ -85.799804900949738, 38.272516292111547 ] ], [ [ -85.798914899827238, 38.272186293834551 ], [ -85.799624902146007, 38.272456292209547 ] ], [ [ -85.797774900959951, 38.271796293652635 ], [ -85.798914899827238, 38.272186293834551 ] ], [ [ -85.797633901152082, 38.271747291688527 ], [ -85.797774900959951, 38.271796293652635 ] ], [ [ -85.797384898021406, 38.2716672921973 ], [ -85.797633901152082, 38.271747291688527 ] ], [ [ -85.797263900707449, 38.271616291189815 ], [ -85.797384898021406, 38.2716672921973 ] ], [ [ -85.796893897456528, 38.271466291437463 ], [ -85.797263900707449, 38.271616291189815 ] ], [ [ -85.795503900744251, 38.270957293117192 ], [ -85.796893897456528, 38.271466291437463 ] ], [ [ -85.793673898054138, 38.270307292350537 ], [ -85.795273897622934, 38.270877291863755 ] ], [ [ -85.793403896833965, 38.272307293427957 ], [ -85.794272896290394, 38.272612292742636 ] ], [ [ -85.792123898944581, 38.271857294319986 ], [ -85.793403896833965, 38.272307293427957 ] ], [ [ -85.791853900090018, 38.271767292222776 ], [ -85.792123898944581, 38.271857294319986 ] ], [ [ -85.790364896306315, 38.271227293866161 ], [ -85.791853900090018, 38.271767292222776 ] ], [ [ -85.789983896115771, 38.271086291692036 ], [ -85.790364896306315, 38.271227293866161 ] ], [ [ -85.78901489619976, 38.270726294656086 ], [ -85.789983896115771, 38.271086291692036 ] ], [ [ -85.78893389526209, 38.27069729227091 ], [ -85.78901489619976, 38.270726294656086 ] ], [ [ -85.788843898398099, 38.270667292612117 ], [ -85.78893389526209, 38.27069729227091 ] ], [ [ -85.788253898233478, 38.2704562929273 ], [ -85.788843898398099, 38.270667292612117 ] ], [ [ -85.78732189646712, 38.270122294026763 ], [ -85.788253898233478, 38.2704562929273 ] ], [ [ -85.787133896175121, 38.270057292701566 ], [ -85.78732189646712, 38.270122294026763 ] ], [ [ -85.786423893882201, 38.269797291627377 ], [ -85.787133896175121, 38.270057292701566 ] ], [ [ -85.785793897900263, 38.269566293662244 ], [ -85.786423893882201, 38.269797291627377 ] ], [ [ -85.781224893845589, 38.266107292787865 ], [ -85.780414895690782, 38.266817294042141 ] ], [ [ -85.782053896595102, 38.265357292824262 ], [ -85.781224893845589, 38.266107292787865 ] ], [ [ -85.783583896421916, 38.266557293148935 ], [ -85.783734893781329, 38.266676292283684 ] ], [ [ -85.783734893781329, 38.266676292283684 ], [ -85.78387489385922, 38.266766293081979 ] ], [ [ -85.78387489385922, 38.266766293081979 ], [ -85.78396489406164, 38.266807292275487 ] ], [ [ -85.78396489406164, 38.266807292275487 ], [ -85.784083895989909, 38.26686629070219 ] ], [ [ -85.784083895989909, 38.26686629070219 ], [ -85.784383896796911, 38.266966294256655 ] ], [ [ -85.784383896796911, 38.266966294256655 ], [ -85.785134897765886, 38.267236294086302 ] ], [ [ -85.785134897765886, 38.267236294086302 ], [ -85.786603896200944, 38.267756294229365 ] ], [ [ -85.786603896200944, 38.267756294229365 ], [ -85.788154896058003, 38.268286291843886 ] ], [ [ -85.788154896058003, 38.268286291843886 ], [ -85.788453896759975, 38.268396291655947 ] ], [ [ -85.788453896759975, 38.268396291655947 ], [ -85.788983896753052, 38.268586291507994 ] ], [ [ -85.788983896753052, 38.268586291507994 ], [ -85.789353895950299, 38.268726291699572 ] ], [ [ -85.789353895950299, 38.268726291699572 ], [ -85.789674898032473, 38.268846294017408 ] ], [ [ -85.789674898032473, 38.268846294017408 ], [ -85.789864897778372, 38.26891629421187 ] ], [ [ -85.789864897778372, 38.26891629421187 ], [ -85.791013895594787, 38.269337292850743 ] ], [ [ -85.791013895594787, 38.269337292850743 ], [ -85.791513897870502, 38.269527292598291 ] ], [ [ -85.791513897870502, 38.269527292598291 ], [ -85.79309489981479, 38.270086291453822 ] ], [ [ -85.79309489981479, 38.270086291453822 ], [ -85.793673898054138, 38.270307292350537 ] ], [ [ -85.780533892822149, 38.263937294154012 ], [ -85.780464893998584, 38.264166292049268 ] ], [ [ -85.780653894513492, 38.263307291259167 ], [ -85.780533892822149, 38.263937294154012 ] ], [ [ -85.780764893850744, 38.262646293070233 ], [ -85.780653894513492, 38.263307291259167 ] ], [ [ -85.780893892475873, 38.262027291296015 ], [ -85.780764893850744, 38.262646293070233 ] ], [ [ -85.780994895991697, 38.261517292839144 ], [ -85.780893892475873, 38.262027291296015 ] ], [ [ -85.781124892292382, 38.260726292251164 ], [ -85.780994895991697, 38.261517292839144 ] ], [ [ -85.781233892856278, 38.260047292952606 ], [ -85.781124892292382, 38.260726292251164 ] ], [ [ -85.781354895952205, 38.259386293143237 ], [ -85.781233892856278, 38.260047292952606 ] ], [ [ -85.78147389297898, 38.25865628908479 ], [ -85.781354895952205, 38.259386293143237 ] ], [ [ -85.781599895228766, 38.257987289699216 ], [ -85.78147389297898, 38.25865628908479 ] ], [ [ -85.780653894513492, 38.263307291259167 ], [ -85.782313895396811, 38.263487293531675 ] ], [ [ -85.782313895396811, 38.263487293531675 ], [ -85.782204895364487, 38.264127291580138 ] ], [ [ -85.782204895364487, 38.264127291580138 ], [ -85.782084892555829, 38.264796291377102 ] ], [ [ -85.782084892555829, 38.264796291377102 ], [ -85.782003895761875, 38.265306292586928 ] ], [ [ -85.75458488499666, 38.248406292320723 ], [ -85.754544885863893, 38.24862728991404 ] ], [ [ -85.754653885803194, 38.247956288896013 ], [ -85.75458488499666, 38.248406292320723 ] ], [ [ -85.754934884907314, 38.246387290006652 ], [ -85.754653885803194, 38.247956288896013 ] ], [ [ -85.755024883796224, 38.245876289849321 ], [ -85.754934884907314, 38.246387290006652 ] ], [ [ -85.737524878366187, 38.244086290053509 ], [ -85.737453882118928, 38.24455629089011 ] ], [ [ -85.737624880364891, 38.243417292116845 ], [ -85.737524878366187, 38.244086290053509 ] ], [ [ -85.73769488180271, 38.243256290614269 ], [ -85.737624880364891, 38.243417292116845 ] ], [ [ -85.73769488180271, 38.243256290614269 ], [ -85.737744878028238, 38.24324729098862 ] ], [ [ -85.737744878028238, 38.24324729098862 ], [ -85.737834878917596, 38.243237290746407 ] ], [ [ -85.737834878917596, 38.243237290746407 ], [ -85.738443877607509, 38.243266290189645 ] ], [ [ -85.738623880067337, 38.242227290186165 ], [ -85.738443877607509, 38.243266290189645 ] ], [ [ -85.739734879828347, 38.243376291369174 ], [ -85.73949388058054, 38.244687292060554 ] ], [ [ -85.739833881455937, 38.242797288722926 ], [ -85.739734879828347, 38.243376291369174 ] ], [ [ -85.739917881774929, 38.242350289267925 ], [ -85.739833881455937, 38.242797288722926 ] ], [ [ -85.739973882403589, 38.242057289107827 ], [ -85.739917881774929, 38.242350289267925 ] ], [ [ -85.740103878886771, 38.241337290302631 ], [ -85.739973882403589, 38.242057289107827 ] ], [ [ -85.740203878489766, 38.240756290162494 ], [ -85.740103878886771, 38.241337290302631 ] ], [ [ -85.74035488125817, 38.2399172904572 ], [ -85.740203878489766, 38.240756290162494 ] ], [ [ -85.74059487964827, 38.238486290249391 ], [ -85.74035488125817, 38.2399172904572 ] ], [ [ -85.740864880867605, 38.236966287663115 ], [ -85.74059487964827, 38.238486290249391 ] ], [ [ -85.74105388082161, 38.235847289545788 ], [ -85.740864880867605, 38.236966287663115 ] ], [ [ -85.741134879160981, 38.23539728886292 ], [ -85.74105388082161, 38.235847289545788 ] ], [ [ -85.741254879859909, 38.234706286863847 ], [ -85.741134879160981, 38.23539728886292 ] ], [ [ -85.741473880946089, 38.233386288942 ], [ -85.741254879859909, 38.234706286863847 ] ], [ [ -85.741574880756815, 38.232756289137527 ], [ -85.741473880946089, 38.233386288942 ] ], [ [ -85.741693878937184, 38.232077287114691 ], [ -85.741574880756815, 38.232756289137527 ] ], [ [ -85.741723880764923, 38.231916289131625 ], [ -85.741693878937184, 38.232077287114691 ] ], [ [ -85.741868880448934, 38.231095286469262 ], [ -85.741723880764923, 38.231916289131625 ] ], [ [ -85.741913877878545, 38.230807286505993 ], [ -85.741868880448934, 38.231095286469262 ] ], [ [ -85.741953881435279, 38.230627286186184 ], [ -85.741913877878545, 38.230807286505993 ] ], [ [ -85.742043880943982, 38.230167289397791 ], [ -85.741953881435279, 38.230627286186184 ] ], [ [ -85.74207488174865, 38.230017288028385 ], [ -85.742043880943982, 38.230167289397791 ] ], [ [ -85.741103878622681, 38.230776287135349 ], [ -85.741913877878545, 38.230807286505993 ] ], [ [ -85.740973878572717, 38.230727287027008 ], [ -85.741103878622681, 38.230776287135349 ] ], [ [ -85.740933880644292, 38.230707285823634 ], [ -85.740973878572717, 38.230727287027008 ] ], [ [ -85.740414878069842, 38.230386287119352 ], [ -85.740933880644292, 38.230707285823634 ] ], [ [ -85.740414878069842, 38.230386287119352 ], [ -85.740423879492269, 38.230476287529768 ] ], [ [ -85.740423879492269, 38.230476287529768 ], [ -85.740423881225951, 38.230576286325991 ] ], [ [ -85.740423881225951, 38.230576286325991 ], [ -85.740354879756211, 38.231046288544157 ] ], [ [ -85.740354879756211, 38.231046288544157 ], [ -85.740193881912973, 38.231926286235023 ] ], [ [ -85.740193881912973, 38.231926286235023 ], [ -85.740145880419362, 38.232167288712468 ] ], [ [ -85.740145880419362, 38.232167288712468 ], [ -85.739973880044204, 38.233196286504835 ] ], [ [ -85.739973880044204, 38.233196286504835 ], [ -85.739793881597961, 38.234206288352865 ] ], [ [ -85.739793881597961, 38.234206288352865 ], [ -85.739623879291372, 38.235227288462923 ] ], [ [ -85.739623879291372, 38.235227288462923 ], [ -85.739454880623143, 38.236256287890228 ] ], [ [ -85.739454880623143, 38.236256287890228 ], [ -85.739424878870437, 38.236626287272472 ] ], [ [ -85.739424878870437, 38.236626287272472 ], [ -85.739454880352952, 38.236706287381068 ] ], [ [ -85.739454880352952, 38.236706287381068 ], [ -85.739493879319781, 38.236827289291291 ] ], [ [ -85.739493879319781, 38.236827289291291 ], [ -85.739523878084952, 38.23693729006871 ] ], [ [ -85.739523878084952, 38.23693729006871 ], [ -85.739523879071569, 38.237047289010995 ] ], [ [ -85.739523879071569, 38.237047289010995 ], [ -85.739293880759675, 38.238346289148261 ] ], [ [ -85.739293880759675, 38.238346289148261 ], [ -85.739043882479635, 38.239786288100156 ] ], [ [ -85.739043882479635, 38.239786288100156 ], [ -85.738803881060065, 38.241216288966605 ] ], [ [ -85.738803881060065, 38.241216288966605 ], [ -85.738623880067337, 38.242227290186165 ] ], [ [ -85.742083878447332, 38.229856287125379 ], [ -85.74207488174865, 38.230017288028385 ] ], [ [ -85.742053880218137, 38.229467286358215 ], [ -85.742083878447332, 38.229856287125379 ] ], [ [ -85.742043879481983, 38.22936728828271 ], [ -85.742053880218137, 38.229467286358215 ] ], [ [ -85.74199388114053, 38.228966287384623 ], [ -85.742043879481983, 38.22936728828271 ] ], [ [ -85.74194487892656, 38.228637287053218 ], [ -85.74199388114053, 38.228966287384623 ] ], [ [ -85.741903881910829, 38.228346286893732 ], [ -85.74194487892656, 38.228637287053218 ] ], [ [ -85.74170487809036, 38.227596285733135 ], [ -85.741903881910829, 38.228346286893732 ] ], [ [ -85.74168388180918, 38.227456286430666 ], [ -85.74170487809036, 38.227596285733135 ] ], [ [ -85.741674878360428, 38.226966287174392 ], [ -85.74168388180918, 38.227456286430666 ] ], [ [ -85.741674878720943, 38.226526287302129 ], [ -85.741674878360428, 38.226966287174392 ] ], [ [ -85.741683880979267, 38.226297286108526 ], [ -85.741674878720943, 38.226526287302129 ] ], [ [ -85.741733882144729, 38.226086285353595 ], [ -85.741683880979267, 38.226297286108526 ] ], [ [ -85.741833880204439, 38.225816285281368 ], [ -85.741733882144729, 38.226086285353595 ] ], [ [ -85.742043880739189, 38.225296287893535 ], [ -85.741833880204439, 38.225816285281368 ] ], [ [ -85.742273879153373, 38.224826286228172 ], [ -85.742043880739189, 38.225296287893535 ] ], [ [ -85.742173880120077, 38.224707286930716 ], [ -85.742273879153373, 38.224826286228172 ] ], [ [ -85.740494880102048, 38.223687285700137 ], [ -85.742173880120077, 38.224707286930716 ] ], [ [ -85.738953878595069, 38.222717287174135 ], [ -85.740494880102048, 38.223687285700137 ] ], [ [ -85.737714880096362, 38.221926284337471 ], [ -85.738953878595069, 38.222717287174135 ] ], [ [ -85.737463876073477, 38.221737284724639 ], [ -85.737714880096362, 38.221926284337471 ] ], [ [ -85.737463876073477, 38.221737284724639 ], [ -85.737043879531754, 38.222167286220895 ] ], [ [ -85.737043879531754, 38.222167286220895 ], [ -85.736643879596713, 38.222586286306885 ] ], [ [ -85.736643879596713, 38.222586286306885 ], [ -85.736253876934867, 38.222977285436578 ] ], [ [ -85.736253876934867, 38.222977285436578 ], [ -85.735873877365051, 38.223366284916523 ] ], [ [ -85.735873877365051, 38.223366284916523 ], [ -85.73549487786542, 38.22373628607923 ] ], [ [ -85.73549487786542, 38.22373628607923 ], [ -85.735083878324616, 38.224157288024479 ] ], [ [ -85.735083878324616, 38.224157288024479 ], [ -85.734663875602863, 38.224587287445665 ] ], [ [ -85.734663875602863, 38.224587287445665 ], [ -85.734213878710577, 38.225047286192634 ] ], [ [ -85.734213878710577, 38.225047286192634 ], [ -85.733294877442376, 38.225937285601148 ] ], [ [ -85.733143878010253, 38.225877287041698 ], [ -85.733294877442376, 38.225937285601148 ] ], [ [ -85.732963879080557, 38.225787285237402 ], [ -85.733143878010253, 38.225877287041698 ] ], [ [ -85.73223387834777, 38.225376285525606 ], [ -85.732963879080557, 38.225787285237402 ] ], [ [ -85.73190487642546, 38.225176286684501 ], [ -85.73223387834777, 38.225376285525606 ] ], [ [ -85.731213875137868, 38.224756285680073 ], [ -85.73190487642546, 38.225176286684501 ] ], [ [ -85.73106387487617, 38.2246562881068 ], [ -85.731213875137868, 38.224756285680073 ] ], [ [ -85.730954878576696, 38.22458728822491 ], [ -85.73106387487617, 38.2246562881068 ] ], [ [ -85.730713878466602, 38.224427286324229 ], [ -85.730954878576696, 38.22458728822491 ] ], [ [ -85.730644876360969, 38.224386286208592 ], [ -85.730713878466602, 38.224427286324229 ] ], [ [ -85.730443876361392, 38.224247287386738 ], [ -85.730644876360969, 38.224386286208592 ] ], [ [ -85.730293876751219, 38.224126285985982 ], [ -85.730443876361392, 38.224247287386738 ] ], [ [ -85.730194877438436, 38.224026286040399 ], [ -85.730293876751219, 38.224126285985982 ] ], [ [ -85.719524871872835, 38.211377283465531 ], [ -85.719646874255474, 38.211448285863149 ] ], [ [ -85.719313870825701, 38.211297284335906 ], [ -85.719524871872835, 38.211377283465531 ] ], [ [ -85.718743870333725, 38.21114628439873 ], [ -85.719313870825701, 38.211297284335906 ] ], [ [ -85.718333869775662, 38.211007285888833 ], [ -85.718743870333725, 38.21114628439873 ] ], [ [ -85.71806387212483, 38.210896285526395 ], [ -85.718333869775662, 38.211007285888833 ] ], [ [ -85.717854872487166, 38.210776285266647 ], [ -85.71806387212483, 38.210896285526395 ] ], [ [ -85.717653870909814, 38.210667286260005 ], [ -85.717854872487166, 38.210776285266647 ] ], [ [ -85.71739387380461, 38.210467286235179 ], [ -85.717653870909814, 38.210667286260005 ] ], [ [ -85.71725387093845, 38.210346283632873 ], [ -85.71739387380461, 38.210467286235179 ] ], [ [ -85.717073872291678, 38.210146283147878 ], [ -85.71725387093845, 38.210346283632873 ] ], [ [ -85.716843870004553, 38.209857286578782 ], [ -85.717073872291678, 38.210146283147878 ] ], [ [ -85.71677486994939, 38.209726283487676 ], [ -85.716843870004553, 38.209857286578782 ] ], [ [ -85.716403871631371, 38.209047285294233 ], [ -85.71677486994939, 38.209726283487676 ] ], [ [ -85.716313868904166, 38.208857286094023 ], [ -85.716403871631371, 38.209047285294233 ] ], [ [ -85.71614487121478, 38.208577285149204 ], [ -85.716313868904166, 38.208857286094023 ] ], [ [ -85.715953873147072, 38.20832728282447 ], [ -85.71614487121478, 38.208577285149204 ] ], [ [ -85.715733870040836, 38.20809628539034 ], [ -85.715953873147072, 38.20832728282447 ] ], [ [ -85.715484869907741, 38.207857285513157 ], [ -85.715733870040836, 38.20809628539034 ] ], [ [ -85.715191871212255, 38.20761328291821 ], [ -85.715484869907741, 38.207857285513157 ] ], [ [ -85.714323871277088, 38.20678728615021 ], [ -85.715191871212255, 38.20761328291821 ] ], [ [ -85.713854871118698, 38.20631728244151 ], [ -85.714323871277088, 38.20678728615021 ] ], [ [ -85.713613870322888, 38.206057285389477 ], [ -85.713854871118698, 38.20631728244151 ] ], [ [ -85.713573870986238, 38.206016282522349 ], [ -85.713613870322888, 38.206057285389477 ] ], [ [ -85.713033867805123, 38.205386283867043 ], [ -85.713573870986238, 38.206016282522349 ] ], [ [ -85.712713870815065, 38.204997282879773 ], [ -85.713033867805123, 38.205386283867043 ] ], [ [ -85.712544869214199, 38.204787285233188 ], [ -85.712713870815065, 38.204997282879773 ] ], [ [ -85.712433871325956, 38.204646283922393 ], [ -85.712544869214199, 38.204787285233188 ] ], [ [ -85.711673868101173, 38.203737282551806 ], [ -85.712433871325956, 38.204646283922393 ] ], [ [ -85.710894868836348, 38.202817284972561 ], [ -85.711673868101173, 38.203737282551806 ] ], [ [ -85.71946387174188, 38.211436284677397 ], [ -85.719646874255474, 38.211448285863149 ] ], [ [ -85.719273872406944, 38.211396286247549 ], [ -85.71946387174188, 38.211436284677397 ] ], [ [ -85.718703874008284, 38.211246285072079 ], [ -85.719273872406944, 38.211396286247549 ] ], [ [ -85.718433872866086, 38.211156284995042 ], [ -85.718703874008284, 38.211246285072079 ] ], [ [ -85.718073872438595, 38.211007284583495 ], [ -85.718433872866086, 38.211156284995042 ] ], [ [ -85.717743870682298, 38.210857284504478 ], [ -85.718073872438595, 38.211007284583495 ] ], [ [ -85.717404871012704, 38.210616285942571 ], [ -85.717743870682298, 38.210857284504478 ] ], [ [ -85.717123872829148, 38.210377283176378 ], [ -85.717404871012704, 38.210616285942571 ] ], [ [ -85.716954871055819, 38.210187285245553 ], [ -85.717123872829148, 38.210377283176378 ] ], [ [ -85.716784870164176, 38.209966282866773 ], [ -85.716954871055819, 38.210187285245553 ] ], [ [ -85.716613872727194, 38.209696283876852 ], [ -85.716784870164176, 38.209966282866773 ] ], [ [ -85.716453870726284, 38.209407285839475 ], [ -85.716613872727194, 38.209696283876852 ] ], [ [ -85.716303870786305, 38.209086283504583 ], [ -85.716453870726284, 38.209407285839475 ] ], [ [ -85.716154872414606, 38.208826285780503 ], [ -85.716303870786305, 38.209086283504583 ] ], [ [ -85.715964869575444, 38.208546284090872 ], [ -85.716154872414606, 38.208826285780503 ] ], [ [ -85.71582387260068, 38.208356283014126 ], [ -85.715964869575444, 38.208546284090872 ] ], [ [ -85.71561487133657, 38.208137282697727 ], [ -85.71582387260068, 38.208356283014126 ] ], [ [ -85.71506487023818, 38.207636285010238 ], [ -85.71561487133657, 38.208137282697727 ] ], [ [ -85.714203870493904, 38.206846283304458 ], [ -85.71506487023818, 38.207636285010238 ] ], [ [ -85.713743868060632, 38.206376283003316 ], [ -85.714203870493904, 38.206846283304458 ] ], [ [ -85.713483869811625, 38.206096283219473 ], [ -85.713743868060632, 38.206376283003316 ] ], [ [ -85.712923871589155, 38.205447282755237 ], [ -85.713483869811625, 38.206096283219473 ] ], [ [ -85.71266386825819, 38.205126284904807 ], [ -85.712923871589155, 38.205447282755237 ] ], [ [ -85.71242486972173, 38.204817282397109 ], [ -85.71266386825819, 38.205126284904807 ] ], [ [ -85.712393868328263, 38.204787282306924 ], [ -85.71242486972173, 38.204817282397109 ] ], [ [ -85.712343868942654, 38.204727282761425 ], [ -85.712393868328263, 38.204787282306924 ] ], [ [ -85.711554869998025, 38.203786284875747 ], [ -85.712343868942654, 38.204727282761425 ] ], [ [ -85.710773868670373, 38.202846283713207 ], [ -85.711554869998025, 38.203786284875747 ] ], [ [ -85.713033867805123, 38.205386283867043 ], [ -85.712923871589155, 38.205447282755237 ] ], [ [ -85.712923871589155, 38.205447282755237 ], [ -85.712263871026323, 38.205777283036447 ] ], [ [ -85.712263871026323, 38.205777283036447 ], [ -85.710704868823797, 38.206576283955002 ] ], [ [ -85.710704868823797, 38.206576283955002 ], [ -85.710614869976155, 38.206626285203235 ] ], [ [ -85.710614869976155, 38.206626285203235 ], [ -85.709984870424975, 38.206947283582942 ] ], [ [ -85.709984870424975, 38.206947283582942 ], [ -85.709793866932813, 38.207037285006521 ] ], [ [ -85.709793866932813, 38.207037285006521 ], [ -85.709423867245064, 38.207227284572276 ] ], [ [ -85.709423867245064, 38.207227284572276 ], [ -85.708753868592268, 38.207577283526341 ] ], [ [ -85.708753868592268, 38.207577283526341 ], [ -85.708644869642015, 38.20763628500606 ] ], [ [ -85.708644869642015, 38.20763628500606 ], [ -85.70791486685529, 38.208037283872883 ] ], [ [ -85.709523868777907, 38.207037283492674 ], [ -85.709423867245064, 38.207227284572276 ] ], [ [ -85.709454868741673, 38.206926283492933 ], [ -85.709523868777907, 38.207037283492674 ] ], [ [ -85.709404867992248, 38.206857284957941 ], [ -85.709454868741673, 38.206926283492933 ] ], [ [ -85.709394869531337, 38.206787285030586 ], [ -85.709404867992248, 38.206857284957941 ] ], [ [ -85.709433866822863, 38.20668728639528 ], [ -85.709394869531337, 38.206787285030586 ] ], [ [ -85.709523869815982, 38.206536285084958 ], [ -85.709433866822863, 38.20668728639528 ] ], [ [ -85.709544869854255, 38.206427283674259 ], [ -85.709523869815982, 38.206536285084958 ] ], [ [ -85.709553871100482, 38.206276282494876 ], [ -85.709544869854255, 38.206427283674259 ] ], [ [ -85.70933386742189, 38.206116283944091 ], [ -85.709553871100482, 38.206276282494876 ] ], [ [ -85.709274870803497, 38.206057284739195 ], [ -85.70933386742189, 38.206116283944091 ] ], [ [ -85.709134868409649, 38.205936282918948 ], [ -85.709274870803497, 38.206057284739195 ] ], [ [ -85.708983867654638, 38.205836283908958 ], [ -85.709134868409649, 38.205936282918948 ] ], [ [ -85.708923867782289, 38.205797283728465 ], [ -85.708983867654638, 38.205836283908958 ] ], [ [ -85.70880387013753, 38.205736283236931 ], [ -85.708923867782289, 38.205797283728465 ] ], [ [ -85.708743871050046, 38.205707283149714 ], [ -85.70880387013753, 38.205736283236931 ] ], [ [ -85.708623866773607, 38.205676283139979 ], [ -85.708743871050046, 38.205707283149714 ] ], [ [ -85.708623866773607, 38.205676283139979 ], [ -85.708353869414125, 38.205707285407676 ] ], [ [ -85.708353869414125, 38.205707285407676 ], [ -85.708134870256657, 38.205756284015898 ] ], [ [ -85.708134870256657, 38.205756284015898 ], [ -85.707703870268034, 38.205906284212368 ] ], [ [ -85.707703870268034, 38.205906284212368 ], [ -85.70741486859599, 38.206057283625043 ] ], [ [ -85.70741486859599, 38.206057283625043 ], [ -85.707294867966013, 38.206116283922455 ] ], [ [ -85.707294867966013, 38.206116283922455 ], [ -85.706723870532045, 38.206407286014986 ] ], [ [ -85.706723870532045, 38.206407286014986 ], [ -85.706524867315849, 38.206566284682062 ] ], [ [ -85.706524867315849, 38.206566284682062 ], [ -85.7064038689456, 38.206846285901953 ] ], [ [ -85.7064038689456, 38.206846285901953 ], [ -85.706434869248653, 38.20695728463631 ] ], [ [ -85.706434869248653, 38.20695728463631 ], [ -85.706453866863484, 38.207037285963665 ] ], [ [ -85.706453866863484, 38.207037285963665 ], [ -85.706503869582278, 38.207116285892084 ] ], [ [ -85.706503869582278, 38.207116285892084 ], [ -85.706524869455194, 38.207137284110942 ] ], [ [ -85.706524869455194, 38.207137284110942 ], [ -85.706623869076552, 38.207227286232211 ] ], [ [ -85.706623869076552, 38.207227286232211 ], [ -85.706744870302302, 38.207307284693528 ] ], [ [ -85.706744870302302, 38.207307284693528 ], [ -85.706924867181314, 38.207436283259476 ] ], [ [ -85.706924867181314, 38.207436283259476 ], [ -85.70701486791161, 38.207507286139723 ] ], [ [ -85.70701486791161, 38.207507286139723 ], [ -85.707043867258307, 38.207667284191039 ] ], [ [ -85.707043867258307, 38.207667284191039 ], [ -85.707523869923278, 38.207847285165499 ] ], [ [ -85.707523869923278, 38.207847285165499 ], [ -85.70766386969818, 38.207947286140197 ] ], [ [ -85.70766386969818, 38.207947286140197 ], [ -85.70791486685529, 38.208037283872883 ] ], [ [ -85.710164869686238, 38.201937284636017 ], [ -85.710894868836348, 38.202817284972561 ] ], [ [ -85.709743869006815, 38.201436282743799 ], [ -85.710164869686238, 38.201937284636017 ] ], [ [ -85.709674869383136, 38.201346282263223 ], [ -85.709743869006815, 38.201436282743799 ] ], [ [ -85.709444870422615, 38.20106628306646 ], [ -85.709674869383136, 38.201346282263223 ] ], [ [ -85.708783869092343, 38.20027628187902 ], [ -85.709444870422615, 38.20106628306646 ] ], [ [ -85.708584869316709, 38.200037284711613 ], [ -85.708783869092343, 38.20027628187902 ] ], [ [ -85.708414868929282, 38.199796283882655 ], [ -85.708584869316709, 38.200037284711613 ] ], [ [ -85.708253868189871, 38.199546282444302 ], [ -85.708414868929282, 38.199796283882655 ] ], [ [ -85.708184867515143, 38.199366282772871 ], [ -85.708253868189871, 38.199546282444302 ] ], [ [ -85.708113869389749, 38.199166283589975 ], [ -85.708184867515143, 38.199366282772871 ] ], [ [ -85.708063866977909, 38.198986283360782 ], [ -85.708113869389749, 38.199166283589975 ] ], [ [ -85.708004869696765, 38.19865628264688 ], [ -85.708063866977909, 38.198986283360782 ] ], [ [ -85.707993866812146, 38.198057283563145 ], [ -85.708004869696765, 38.19865628264688 ] ], [ [ -85.707964867360388, 38.197826281812077 ], [ -85.707993866812146, 38.198057283563145 ] ], [ [ -85.707903866375574, 38.197627283616988 ], [ -85.707964867360388, 38.197826281812077 ] ], [ [ -85.707893868094615, 38.19696728203926 ], [ -85.707903866375574, 38.197627283616988 ] ], [ [ -85.707843867136376, 38.196556281523151 ], [ -85.707893868094615, 38.19696728203926 ] ], [ [ -85.707803868838923, 38.196337281407217 ], [ -85.707843867136376, 38.196556281523151 ] ], [ [ -85.707623867916922, 38.195656282293378 ], [ -85.707803868838923, 38.196337281407217 ] ], [ [ -85.707583866402956, 38.195496280921788 ], [ -85.707623867916922, 38.195656282293378 ] ], [ [ -85.707564866338672, 38.195457282974743 ], [ -85.707583866402956, 38.195496280921788 ] ], [ [ -85.707443868789511, 38.194917283087008 ], [ -85.707564866338672, 38.195457282974743 ] ], [ [ -85.70726386869265, 38.194347281181358 ], [ -85.707443868789511, 38.194917283087008 ] ], [ [ -85.707234868721912, 38.19422628144337 ], [ -85.70726386869265, 38.194347281181358 ] ], [ [ -85.707149865730543, 38.194083282282556 ], [ -85.707234868721912, 38.19422628144337 ] ], [ [ -85.707024869463595, 38.193866280385194 ], [ -85.707149865730543, 38.194083282282556 ] ], [ [ -85.706773865217926, 38.193547282566492 ], [ -85.707024869463595, 38.193866280385194 ] ], [ [ -85.710053869605247, 38.201986284954877 ], [ -85.710773868670373, 38.202846283713207 ] ], [ [ -85.709624868609353, 38.201467284184723 ], [ -85.710053869605247, 38.201986284954877 ] ], [ [ -85.709563866566214, 38.201397283573051 ], [ -85.709624868609353, 38.201467284184723 ] ], [ [ -85.708663868124148, 38.200326282543671 ], [ -85.709563866566214, 38.201397283573051 ] ], [ [ -85.708603867978653, 38.200246282457947 ], [ -85.708663868124148, 38.200326282543671 ] ], [ [ -85.708333867882374, 38.199906282093373 ], [ -85.708603867978653, 38.200246282457947 ] ], [ [ -85.708194866569684, 38.199687283332217 ], [ -85.708333867882374, 38.199906282093373 ] ], [ [ -85.708083867200614, 38.199487282707786 ], [ -85.708194866569684, 38.199687283332217 ] ], [ [ -85.707983867844078, 38.199237284322585 ], [ -85.708083867200614, 38.199487282707786 ] ], [ [ -85.707903869447208, 38.198996284384769 ], [ -85.707983867844078, 38.199237284322585 ] ], [ [ -85.707874865790501, 38.198806282466144 ], [ -85.707903869447208, 38.198996284384769 ] ], [ [ -85.707864868511408, 38.198616283424009 ], [ -85.707874865790501, 38.198806282466144 ] ], [ [ -85.707853868167433, 38.198047281472171 ], [ -85.707864868511408, 38.198616283424009 ] ], [ [ -85.707874867581168, 38.197797281938961 ], [ -85.707853868167433, 38.198047281472171 ] ], [ [ -85.707903866375574, 38.197627283616988 ], [ -85.707874867581168, 38.197797281938961 ] ], [ [ -85.706064867032822, 38.192657283646852 ], [ -85.706773865217926, 38.193547282566492 ] ], [ [ -85.70553486939167, 38.191996281644968 ], [ -85.706064867032822, 38.192657283646852 ] ], [ [ -85.705113865643881, 38.191506283553146 ], [ -85.70553486939167, 38.191996281644968 ] ], [ [ -85.705053868086026, 38.191436281887412 ], [ -85.705113865643881, 38.191506283553146 ] ], [ [ -85.704913868261201, 38.191236282941595 ], [ -85.705053868086026, 38.191436281887412 ] ], [ [ -85.703923866713737, 38.189967281551638 ], [ -85.704913868261201, 38.191236282941595 ] ], [ [ -85.702694866298188, 38.188446282052283 ], [ -85.703923866713737, 38.189967281551638 ] ], [ [ -85.701444866875008, 38.186856281685799 ], [ -85.702694866298188, 38.188446282052283 ] ], [ [ -85.701164865552897, 38.186476279131 ], [ -85.701444866875008, 38.186856281685799 ] ], [ [ -85.700703866856003, 38.185827281701499 ], [ -85.701164865552897, 38.186476279131 ] ], [ [ -85.700314864360408, 38.185306281392805 ], [ -85.700703866856003, 38.185827281701499 ] ], [ [ -85.699873864851412, 38.184706281393531 ], [ -85.700314864360408, 38.185306281392805 ] ], [ [ -85.699573865177626, 38.184287281544513 ], [ -85.699873864851412, 38.184706281393531 ] ], [ [ -85.699224864744664, 38.183796279142264 ], [ -85.699573865177626, 38.184287281544513 ] ], [ [ -85.69877486479318, 38.183207279691409 ], [ -85.699224864744664, 38.183796279142264 ] ], [ [ -85.698433861738295, 38.182837280042875 ], [ -85.69877486479318, 38.183207279691409 ] ], [ [ -85.698324863976225, 38.18273727850832 ], [ -85.698433861738295, 38.182837280042875 ] ], [ [ -85.697934862272334, 38.182467279967348 ], [ -85.698324863976225, 38.18273727850832 ] ], [ [ -85.697754862644203, 38.182356280964669 ], [ -85.697934862272334, 38.182467279967348 ] ], [ [ -85.697543864656183, 38.182227279361989 ], [ -85.697754862644203, 38.182356280964669 ] ], [ [ -85.696304862936998, 38.181556279890721 ], [ -85.697543864656183, 38.182227279361989 ] ], [ [ -85.694663864679129, 38.180667278741787 ], [ -85.696304862936998, 38.181556279890721 ] ], [ [ -85.694284861614861, 38.180466278610602 ], [ -85.694663864679129, 38.180667278741787 ] ], [ [ -85.69391486153647, 38.180266281565636 ], [ -85.694284861614861, 38.180466278610602 ] ], [ [ -85.693233861160564, 38.179906279345268 ], [ -85.69391486153647, 38.180266281565636 ] ], [ [ -85.692693860431888, 38.179617280963512 ], [ -85.693233861160564, 38.179906279345268 ] ], [ [ -85.692553860905988, 38.179536281266508 ], [ -85.692693860431888, 38.179617280963512 ] ], [ [ -85.692394862968243, 38.179456278389097 ], [ -85.692553860905988, 38.179536281266508 ] ], [ [ -85.691984860811871, 38.179227280799317 ], [ -85.692394862968243, 38.179456278389097 ] ], [ [ -85.690513862333816, 38.178406280462674 ], [ -85.691984860811871, 38.179227280799317 ] ], [ [ -85.690173862859211, 38.17819627880899 ], [ -85.690513862333816, 38.178406280462674 ] ], [ [ -85.689903860682151, 38.178016278004442 ], [ -85.690173862859211, 38.17819627880899 ] ], [ [ -85.689543862742681, 38.177697281436053 ], [ -85.689903860682151, 38.178016278004442 ] ], [ [ -85.689263859933376, 38.177386281027715 ], [ -85.689543862742681, 38.177697281436053 ] ], [ [ -85.688204858824861, 38.175997278550696 ], [ -85.689263859933376, 38.177386281027715 ] ], [ [ -85.686473860604053, 38.173657280398551 ], [ -85.688204858824861, 38.175997278550696 ] ], [ [ -85.685634858840189, 38.172526278996074 ], [ -85.686473860604053, 38.173657280398551 ] ], [ [ -85.685374861555403, 38.172176279117345 ], [ -85.685634858840189, 38.172526278996074 ] ], [ [ -85.684943858810826, 38.171587279231026 ], [ -85.685374861555403, 38.172176279117345 ] ], [ [ -85.684564860814291, 38.171077279329971 ], [ -85.684943858810826, 38.171587279231026 ] ], [ [ -85.684403858935752, 38.170857277635655 ], [ -85.684564860814291, 38.171077279329971 ] ], [ [ -85.683654857991868, 38.169846277204087 ], [ -85.684403858935752, 38.170857277635655 ] ], [ [ -85.683493859681647, 38.1696272801098 ], [ -85.683654857991868, 38.169846277204087 ] ], [ [ -85.683153860082854, 38.169167278099643 ], [ -85.683493859681647, 38.1696272801098 ] ], [ [ -85.682913859709146, 38.168836279250733 ], [ -85.683153860082854, 38.169167278099643 ] ], [ [ -85.682714860147485, 38.168566277674671 ], [ -85.682913859709146, 38.168836279250733 ] ], [ [ -85.682293858368482, 38.167977279413002 ], [ -85.682714860147485, 38.168566277674671 ] ], [ [ -85.681833859686819, 38.167326278668369 ], [ -85.682293858368482, 38.167977279413002 ] ], [ [ -85.681353858106377, 38.167316278100522 ], [ -85.681833859686819, 38.167326278668369 ] ], [ [ -85.679003856107755, 38.167236277978823 ], [ -85.681353858106377, 38.167316278100522 ] ], [ [ -85.678044855765066, 38.167187278989957 ], [ -85.679003856107755, 38.167236277978823 ] ], [ [ -85.677123856568713, 38.167097277881112 ], [ -85.678044855765066, 38.167187278989957 ] ], [ [ -85.676973855630749, 38.167077279305964 ], [ -85.677123856568713, 38.167097277881112 ] ], [ [ -85.676234858169707, 38.166987279601138 ], [ -85.676973855630749, 38.167077279305964 ] ], [ [ -85.675633856257676, 38.166897277895508 ], [ -85.676234858169707, 38.166987279601138 ] ], [ [ -85.672944855750089, 38.166567277646223 ], [ -85.675633856257676, 38.166897277895508 ] ], [ [ -85.671523856743335, 38.166426278302602 ], [ -85.672944855750089, 38.166567277646223 ] ], [ [ -85.671334853192349, 38.166377279396436 ], [ -85.671523856743335, 38.166426278302602 ] ], [ [ -85.670844854593099, 38.166126279061331 ], [ -85.671334853192349, 38.166377279396436 ] ], [ [ -85.670643853418738, 38.165997279692199 ], [ -85.670844854593099, 38.166126279061331 ] ], [ [ -85.670273854336216, 38.165667279107922 ], [ -85.670643853418738, 38.165997279692199 ] ], [ [ -85.669764855506557, 38.165217278258432 ], [ -85.670273854336216, 38.165667279107922 ] ], [ [ -85.669373853108922, 38.165046276655112 ], [ -85.669764855506557, 38.165217278258432 ] ], [ [ -85.669124853300474, 38.164966276963504 ], [ -85.669373853108922, 38.165046276655112 ] ], [ [ -85.668954855206323, 38.164906277343079 ], [ -85.669124853300474, 38.164966276963504 ] ], [ [ -85.668703853411287, 38.16487627788856 ], [ -85.668954855206323, 38.164906277343079 ] ], [ [ -85.66513385301748, 38.164686276614162 ], [ -85.668703853411287, 38.16487627788856 ] ], [ [ -85.663423853963096, 38.164587277906719 ], [ -85.66513385301748, 38.164686276614162 ] ], [ [ -85.659873850633957, 38.164377278498229 ], [ -85.663423853963096, 38.164587277906719 ] ], [ [ -85.657104850569581, 38.138937274668322 ], [ -85.657633848588063, 38.138966273535672 ] ], [ [ -85.65679484915583, 38.138917272728996 ], [ -85.657104850569581, 38.138937274668322 ] ], [ [ -85.65638484764132, 38.138896275551225 ], [ -85.65679484915583, 38.138917272728996 ] ], [ [ -85.656254846714646, 38.138886274347797 ], [ -85.65638484764132, 38.138896275551225 ] ], [ [ -85.656198846301123, 38.138889273769493 ], [ -85.656254846714646, 38.138886274347797 ] ], [ [ -85.655854846994103, 38.138856273674271 ], [ -85.656198846301123, 38.138889273769493 ] ], [ [ -85.655664847428056, 38.138847273212136 ], [ -85.655854846994103, 38.138856273674271 ] ], [ [ -85.655113847226275, 38.138806274953772 ], [ -85.655664847428056, 38.138847273212136 ] ], [ [ -85.654414846336081, 38.13872727574789 ], [ -85.655113847226275, 38.138806274953772 ] ], [ [ -85.652784846754116, 38.138547273528779 ], [ -85.654414846336081, 38.13872727574789 ] ], [ [ -85.652133848495296, 38.138506272914235 ], [ -85.652784846754116, 38.138547273528779 ] ], [ [ -85.651034845371925, 38.138487274486216 ], [ -85.652133848495296, 38.138506272914235 ] ], [ [ -85.649753844924817, 38.138467275032674 ], [ -85.651034845371925, 38.138487274486216 ] ], [ [ -85.648863845531181, 38.138446272383156 ], [ -85.649753844924817, 38.138467275032674 ] ], [ [ -85.647794846558583, 38.138416275729746 ], [ -85.648863845531181, 38.138446272383156 ] ], [ [ -85.646264846133107, 38.138336276143363 ], [ -85.647794846558583, 38.138416275729746 ] ], [ [ -85.642944846175695, 38.138066272988389 ], [ -85.646264846133107, 38.138336276143363 ] ], [ [ -85.642563844898035, 38.138037273517931 ], [ -85.642944846175695, 38.138066272988389 ] ], [ [ -85.641894845703618, 38.137976272649325 ], [ -85.642563844898035, 38.138037273517931 ] ], [ [ -85.641134843063057, 38.137917273681197 ], [ -85.641894845703618, 38.137976272649325 ] ], [ [ -85.641013842009912, 38.137906276200113 ], [ -85.641134843063057, 38.137917273681197 ] ], [ [ -85.640554846090069, 38.13788627480676 ], [ -85.641013842009912, 38.137906276200113 ] ], [ [ -85.64031384293331, 38.137876275008566 ], [ -85.640554846090069, 38.13788627480676 ] ], [ [ -85.638704843412725, 38.137806273968856 ], [ -85.64031384293331, 38.137876275008566 ] ], [ [ -85.634784844345234, 38.137636273806216 ], [ -85.638704843412725, 38.137806273968856 ] ], [ [ -85.631244840544568, 38.137467275039342 ], [ -85.634784844345234, 38.137636273806216 ] ], [ [ -85.630173842202353, 38.137416275465661 ], [ -85.631244840544568, 38.137467275039342 ] ], [ [ -85.629503839009757, 38.137377275575261 ], [ -85.630173842202353, 38.137416275465661 ] ], [ [ -85.628406840086569, 38.137316275480323 ], [ -85.629503839009757, 38.137377275575261 ] ], [ [ -85.627104837488631, 38.137256275364983 ], [ -85.628406840086569, 38.137316275480323 ] ], [ [ -85.626784841057273, 38.137246274220843 ], [ -85.627104837488631, 38.137256275364983 ] ], [ [ -85.626784841057273, 38.137246274220843 ], [ -85.625403838793787, 38.137217274016663 ] ], [ [ -85.625403838793787, 38.137217274016663 ], [ -85.624974841224358, 38.137227273277766 ] ], [ [ -85.624974841224358, 38.137227273277766 ], [ -85.624553841713094, 38.137246273929577 ] ], [ [ -85.624553841713094, 38.137246273929577 ], [ -85.622353837558066, 38.13736627595987 ] ], [ [ -85.622353837558066, 38.13736627595987 ], [ -85.621254838713028, 38.137436277147884 ] ], [ [ -85.628406840086569, 38.137316275480323 ], [ -85.628323840916522, 38.137587273399646 ] ], [ [ -85.628323840916522, 38.137587273399646 ], [ -85.628274838932001, 38.137696274710386 ] ], [ [ -85.628274838932001, 38.137696274710386 ], [ -85.628264840914937, 38.137726273073845 ] ], [ [ -85.628264840914937, 38.137726273073845 ], [ -85.628143838834688, 38.137866273270561 ] ], [ [ -85.628143838834688, 38.137866273270561 ], [ -85.627973839938591, 38.138027274818896 ] ], [ [ -85.627973839938591, 38.138027274818896 ], [ -85.627734841714243, 38.138176276239619 ] ], [ [ -85.627734841714243, 38.138176276239619 ], [ -85.6274338377265, 38.138316273829453 ] ], [ [ -85.6274338377265, 38.138316273829453 ], [ -85.627184841356978, 38.138446274234063 ] ], [ [ -85.627184841356978, 38.138446274234063 ], [ -85.627063841380675, 38.138536276113093 ] ], [ [ -85.627063841380675, 38.138536276113093 ], [ -85.626914838407146, 38.138667274954422 ] ], [ [ -85.626914838407146, 38.138667274954422 ], [ -85.626784838740932, 38.138866275189294 ] ], [ [ -85.626784838740932, 38.138866275189294 ], [ -85.626713838447159, 38.139056274487977 ] ], [ [ -85.626713838447159, 38.139056274487977 ], [ -85.626694838732476, 38.139287273754967 ] ], [ [ -85.626694838732476, 38.139287273754967 ], [ -85.626703839763238, 38.139357274685665 ] ], [ [ -85.626703839763238, 38.139357274685665 ], [ -85.626723840070213, 38.139547274103791 ] ], [ [ -85.626723840070213, 38.139547274103791 ], [ -85.626784839731485, 38.139817274390573 ] ], [ [ -85.626784839731485, 38.139817274390573 ], [ -85.62685383981065, 38.140187273977183 ] ], [ [ -85.62685383981065, 38.140187273977183 ], [ -85.62700484014529, 38.140956275345623 ] ], [ [ -85.62700484014529, 38.140956275345623 ], [ -85.627243838938341, 38.142216274938662 ] ], [ [ -85.627243838938341, 38.142216274938662 ], [ -85.627314838525081, 38.142597277182645 ] ], [ [ -85.627314838525081, 38.142597277182645 ], [ -85.627374839519689, 38.14294627711363 ] ], [ [ -85.627374839519689, 38.14294627711363 ], [ -85.626903840780344, 38.14301627515303 ] ], [ [ -85.626903840780344, 38.14301627515303 ], [ -85.626713839600043, 38.143106277620049 ] ], [ [ -85.626713839600043, 38.143106277620049 ], [ -85.625844840872986, 38.144086275781099 ] ], [ [ -85.625233840834127, 38.143787276174763 ], [ -85.625844840872986, 38.144086275781099 ] ], [ [ -85.624404841670852, 38.143347278025722 ], [ -85.625233840834127, 38.143787276174763 ] ], [ [ -85.623724839199838, 38.142996275207665 ], [ -85.624404841670852, 38.143347278025722 ] ], [ [ -85.620844840021718, 38.141506274510725 ], [ -85.623724839199838, 38.142996275207665 ] ], [ [ -85.619444837867675, 38.140776276172673 ], [ -85.620844840021718, 38.141506274510725 ] ], [ [ -85.61792483847924, 38.139987277080195 ], [ -85.619444837867675, 38.140776276172673 ] ], [ [ -85.617813834971059, 38.139936275186351 ], [ -85.61792483847924, 38.139987277080195 ] ], [ [ -85.617234834822938, 38.139616275243966 ], [ -85.617813834971059, 38.139936275186351 ] ], [ [ -85.616934837529456, 38.139436275206087 ], [ -85.617234834822938, 38.139616275243966 ] ], [ [ -85.616263836200687, 38.139007275813846 ], [ -85.616934837529456, 38.139436275206087 ] ], [ [ -85.615683836501006, 38.138586276681124 ], [ -85.616263836200687, 38.139007275813846 ] ], [ [ -85.616043839067913, 38.138266275994717 ], [ -85.615683836501006, 38.138586276681124 ] ], [ [ -85.616294837058092, 38.138037274182125 ], [ -85.616043839067913, 38.138266275994717 ] ], [ [ -85.616394834380685, 38.137966276899888 ], [ -85.616294837058092, 38.138037274182125 ] ], [ [ -85.616484836759042, 38.137906275578118 ], [ -85.616394834380685, 38.137966276899888 ] ], [ [ -85.616683836464276, 38.137796276765037 ], [ -85.616484836759042, 38.137906275578118 ] ], [ [ -85.616953837024766, 38.137696276177444 ], [ -85.616683836464276, 38.137796276765037 ] ], [ [ -85.617123838808382, 38.137647276222829 ], [ -85.616953837024766, 38.137696276177444 ] ], [ [ -85.617384838403112, 38.137616275427945 ], [ -85.617123838808382, 38.137647276222829 ] ], [ [ -85.618983835833276, 38.137546274414632 ], [ -85.617384838403112, 38.137616275427945 ] ], [ [ -85.6198238380465, 38.137506275584883 ], [ -85.618983835833276, 38.137546274414632 ] ], [ [ -85.620934838575138, 38.137456274035081 ], [ -85.6198238380465, 38.137506275584883 ] ], [ [ -85.621254838713028, 38.137436277147884 ], [ -85.620934838575138, 38.137456274035081 ] ] ] } },
{ "type": "Feature", "properties": { "OBJECTID": 17, "ROUTE_NAME": "Jeffersonville-Louisville-IUS", "ROUTE_TYPE": "Local Route", "ROUTE_NUMBER": 71, "TARC_WEB": "https://www.ridetarc.org/bus_routes/jeffersonville-louisville-new-albany/", "SHAPELEN": 214302.37860303899 }, "geometry": { "type": "MultiLineString", "coordinates": [ [ [ -85.775004892999789, 38.257246290717255 ], [ -85.776643893603094, 38.257426292276648 ], [ -85.776534894957223, 38.258097291546235 ], [ -85.776414893307916, 38.258836290640069 ], [ -85.776283892462587, 38.259527292626444 ], [ -85.776163890761353, 38.260167291134657 ], [ -85.776084553491273, 38.260639688989031 ], [ -85.776038572323245, 38.260921316523962 ], [ -85.776129990240463, 38.260988692385915 ], [ -85.778160076863415, 38.262507590716652 ], [ -85.779868965108975, 38.263708219475461 ], [ -85.781239925646929, 38.264754276316907 ], [ -85.783615326503124, 38.266504531041463 ], [ -85.783583896421916, 38.266557293148935 ], [ -85.783024894426788, 38.267506292803333 ], [ -85.782744894023679, 38.268036293856539 ], [ -85.782553897203556, 38.268386292495968 ] ], [ [ -85.775004892999789, 38.257246290717255 ], [ -85.774863893570867, 38.257977292215919 ], [ -85.774734891563128, 38.25865629204381 ], [ -85.774533892694919, 38.259967291109746 ], [ -85.774294891370204, 38.261286289959017 ], [ -85.774254891108825, 38.261526292776601 ], [ -85.774204893687724, 38.261777291385108 ], [ -85.774173891036682, 38.262047290791351 ], [ -85.774183892777671, 38.262147293258622 ], [ -85.774223892355465, 38.262227291709323 ], [ -85.774953893630268, 38.262767293549544 ], [ -85.776044890397827, 38.263557291717632 ], [ -85.776783892268256, 38.264127292593848 ], [ -85.777208894758331, 38.264438291409242 ], [ -85.777783894169289, 38.264847291799839 ], [ -85.779083895565847, 38.265807292979609 ], [ -85.780414895690782, 38.266817294042141 ], [ -85.782553897203556, 38.268386292495968 ] ], [ [ -85.74715330961665, 38.25147416675938 ], [ -85.747599882919673, 38.251789292672669 ], [ -85.747773882586742, 38.251887290109835 ], [ -85.747993884653525, 38.25198629016058 ], [ -85.74812388353665, 38.252047291409411 ], [ -85.748253883188639, 38.252096290872778 ], [ -85.7485048854589, 38.252147290843133 ], [ -85.74914488373318, 38.252206291532211 ], [ -85.750643883010142, 38.2523462924621 ], [ -85.75154388498926, 38.252436292687335 ], [ -85.752223884225998, 38.252507292606808 ], [ -85.75310488536725, 38.252607292029694 ], [ -85.753873885805746, 38.25268729162714 ], [ -85.755444886712681, 38.252877290442179 ], [ -85.757111887022532, 38.253063289977888 ], [ -85.758793888630407, 38.253246291332857 ], [ -85.759513885308735, 38.253327292092841 ], [ -85.75956488603687, 38.253337292283064 ], [ -85.75976488690246, 38.253356290163509 ], [ -85.759833885285289, 38.253366291026353 ], [ -85.760424889470016, 38.253446289672773 ], [ -85.760453888568321, 38.253446292268315 ], [ -85.762104887688025, 38.253626289655017 ], [ -85.762134888195121, 38.25362629260102 ], [ -85.762544886191648, 38.253667290967549 ], [ -85.762663886736121, 38.253667291194205 ], [ -85.762944886551409, 38.253636290712706 ], [ -85.76381488874874, 38.253497290427312 ], [ -85.76437389071387, 38.253397291633533 ], [ -85.764704889814453, 38.253356290601658 ], [ -85.764894888049156, 38.253346290978811 ], [ -85.765263891289379, 38.253336289489667 ], [ -85.765524890147702, 38.253376292368095 ], [ -85.765434889282091, 38.253777291507809 ], [ -85.765294888260186, 38.254417290441069 ], [ -85.765223889216145, 38.254716289555873 ] ], [ [ -85.825148909843449, 38.28780229319289 ], [ -85.825213908653922, 38.287926295628104 ], [ -85.82530390853745, 38.28811629332148 ], [ -85.825364909559937, 38.288237294205402 ], [ -85.825433910897928, 38.288376296246128 ], [ -85.825644910295509, 38.288796293323877 ], [ -85.826163908067585, 38.289886293908857 ], [ -85.82651391107936, 38.290587293263656 ], [ -85.826603909680145, 38.290767296554691 ], [ -85.825814909569374, 38.290757296580438 ], [ -85.82546490772279, 38.290827294356319 ] ], [ [ -85.824644910485986, 38.286787292760906 ], [ -85.824864910105532, 38.287237294451131 ], [ -85.824943908389514, 38.287396293120572 ], [ -85.825014907276056, 38.287536294942342 ], [ -85.825148909843449, 38.28780229319289 ] ], [ [ -85.712954878249036, 38.322607306222828 ], [ -85.713063877984567, 38.322676306568319 ], [ -85.713224878233561, 38.32234730667448 ], [ -85.713264880392643, 38.322267306605497 ], [ -85.71346388138835, 38.321887305085752 ], [ -85.713553879728181, 38.321717306572907 ], [ -85.713653880112261, 38.32152730619007 ], [ -85.71403487979083, 38.320817305176966 ], [ -85.714264877256582, 38.320396305998109 ], [ -85.714453877349911, 38.320056304570329 ], [ -85.714494877743604, 38.319966305171981 ], [ -85.714833879763489, 38.319246305447884 ], [ -85.71486687731398, 38.319187305843812 ], [ -85.715154880351534, 38.318536303720897 ], [ -85.715294878484983, 38.318236304165261 ], [ -85.715384878032168, 38.318046303872762 ], [ -85.715744877146747, 38.317266305157247 ], [ -85.715853880247167, 38.317027305026727 ], [ -85.716104881083652, 38.316456304840365 ], [ -85.716493878694536, 38.315577305184753 ], [ -85.716805879771826, 38.314892306613125 ], [ -85.717554880573886, 38.313186305785379 ], [ -85.717684879182642, 38.312887303849955 ], [ -85.717893878013413, 38.312376305304824 ], [ -85.718004879903603, 38.312106302507011 ], [ -85.718153877464232, 38.311747304517304 ], [ -85.718214879152015, 38.311596303429127 ], [ -85.718364878129833, 38.311267303131984 ], [ -85.718383879618301, 38.311216305272467 ], [ -85.718444878812278, 38.311066303053849 ], [ -85.718613881895166, 38.310756305161028 ], [ -85.718703878592521, 38.310576305477582 ], [ -85.718793881190791, 38.310406305739662 ], [ -85.718994880892595, 38.310117302556733 ], [ -85.719273881015724, 38.309706304634467 ], [ -85.719474880391502, 38.309446305312377 ], [ -85.71971487984095, 38.309127304515187 ], [ -85.719884878413936, 38.308906304307605 ], [ -85.720164882461731, 38.308516304369249 ], [ -85.720403877397629, 38.30818630186269 ], [ -85.721054878383626, 38.307286302135502 ], [ -85.721454880083826, 38.306746304272451 ], [ -85.721663878998754, 38.306446302735388 ], [ -85.72216387836373, 38.305726301038156 ], [ -85.722573878860246, 38.305157302186686 ], [ -85.722733879641396, 38.304906302977123 ], [ -85.722904879995056, 38.304646301095303 ], [ -85.723124880679961, 38.304337301121691 ], [ -85.723363880594036, 38.304006303306409 ], [ -85.723494877812627, 38.303797303106776 ], [ -85.723624879601175, 38.30358630360135 ], [ -85.723772879288063, 38.303356302311855 ], [ -85.723873879814136, 38.303206303983217 ], [ -85.723984882406185, 38.303056303002727 ], [ -85.724013881713546, 38.303007302992526 ], [ -85.724043879916138, 38.302966302828004 ], [ -85.724424882282918, 38.302416300002832 ], [ -85.724514878641585, 38.302267301557599 ], [ -85.724553879983716, 38.302197303010246 ], [ -85.724763881672786, 38.301846300372127 ], [ -85.724834878012089, 38.301727301457326 ], [ -85.724903880480895, 38.301586301989488 ], [ -85.724993881040604, 38.301367302240195 ], [ -85.725033882146121, 38.301256301730213 ] ], [ [ -85.7117738802948, 38.321486307102361 ], [ -85.711334880116937, 38.32170730683373 ], [ -85.711144879090455, 38.321797306783552 ], [ -85.710693879273023, 38.322036305165874 ], [ -85.710834876133589, 38.322196305587163 ], [ -85.710953877114832, 38.322337308359401 ], [ -85.711074877552036, 38.322476305235334 ], [ -85.711194877321532, 38.322617305584998 ], [ -85.711324878340776, 38.322766306501521 ], [ -85.711464880144419, 38.322926308322586 ], [ -85.711583878123307, 38.323057307005257 ], [ -85.711593879878365, 38.323266308042129 ], [ -85.710493880130002, 38.323926307378329 ], [ -85.710603879710746, 38.324346305701795 ], [ -85.710714878535185, 38.324587306371967 ], [ -85.710884878352928, 38.324857305558204 ], [ -85.711303877425081, 38.325317307379656 ], [ -85.711564876651281, 38.325606305595905 ], [ -85.71173487829347, 38.325796306455125 ], [ -85.711924880250052, 38.325847305621899 ], [ -85.712194877759387, 38.325886308412962 ], [ -85.712364880181312, 38.325076308400391 ], [ -85.712464879209065, 38.324587306119106 ], [ -85.71250487767179, 38.324417305775086 ], [ -85.712573877842573, 38.324086306378412 ], [ -85.712594876823928, 38.323977306206011 ], [ -85.712703879152556, 38.3234863063078 ], [ -85.712803879605104, 38.323047307358301 ], [ -85.712833878637682, 38.322926306332981 ], [ -85.712853878594103, 38.32283630602582 ], [ -85.712954878249036, 38.322607306222828 ] ], [ [ -85.7117738802948, 38.321486307102361 ], [ -85.712083878184387, 38.321836305372969 ], [ -85.71222387712622, 38.321987305243134 ], [ -85.712293878190522, 38.322067305644715 ], [ -85.712374878093442, 38.322147305738461 ], [ -85.712454877543578, 38.322226305583769 ], [ -85.712623879884603, 38.322376307073192 ], [ -85.712763877996281, 38.322486307054618 ], [ -85.712954878249036, 38.322607306222828 ] ], [ [ -85.746453883914484, 38.272246295299247 ], [ -85.746334886793193, 38.27230729542714 ], [ -85.746204883442132, 38.272377296841704 ], [ -85.745683884730937, 38.272626293473728 ], [ -85.745113886019041, 38.272906296456554 ], [ -85.744833884008031, 38.273037296964922 ], [ -85.744734886638398, 38.273086295390634 ], [ -85.74451388631617, 38.273187294886959 ], [ -85.743533882944149, 38.27366729590986 ], [ -85.743464881726965, 38.273696293875794 ], [ -85.74289388274768, 38.273997294487174 ], [ -85.742683882933406, 38.274097295067463 ], [ -85.742643886097397, 38.274117294948262 ], [ -85.74230488475466, 38.274284296006165 ], [ -85.74181788330263, 38.274519297747233 ], [ -85.741674884933801, 38.274586294754982 ], [ -85.741044882456876, 38.274886295520346 ], [ -85.739864883607964, 38.275447294552983 ], [ -85.738543881235799, 38.276087295281627 ], [ -85.737313883117139, 38.276676296478144 ], [ -85.736069881113551, 38.277292297886483 ], [ -85.734564880947104, 38.278006296746 ], [ -85.733263880356716, 38.278656298245849 ], [ -85.732383878630188, 38.279137295838616 ], [ -85.732233881380623, 38.279217298288032 ], [ -85.732304879524918, 38.279296295837419 ], [ -85.732794881862247, 38.279826296785274 ], [ -85.73286388136431, 38.279896297598953 ], [ -85.733304880767875, 38.28037629623109 ], [ -85.733424881085213, 38.280507298005581 ], [ -85.733834880839055, 38.280927299394442 ], [ -85.733893880091102, 38.280986297020334 ], [ -85.734343880201749, 38.281497297149521 ], [ -85.734443883732055, 38.281606296183867 ], [ -85.735494883555944, 38.282776297859506 ], [ -85.735623881029838, 38.28292729666115 ], [ -85.73622488196888, 38.283576296441105 ], [ -85.736354881061288, 38.283706299575464 ], [ -85.736572884035326, 38.283934298862945 ], [ -85.736870881496756, 38.284268298380177 ], [ -85.736934883047638, 38.284336297259351 ], [ -85.737114884381526, 38.28452729829295 ], [ -85.73757488433111, 38.285046298575146 ], [ -85.736624881720175, 38.28557629664418 ], [ -85.735644882128256, 38.286126297735045 ], [ -85.734493883165044, 38.286807297767695 ], [ -85.734154882807545, 38.286987298505586 ], [ -85.733713881672315, 38.287887299875763 ], [ -85.732563879950689, 38.29006629858204 ], [ -85.731303881076414, 38.288677300281094 ], [ -85.730713879427128, 38.2880162994499 ], [ -85.730274879995676, 38.28752729892345 ], [ -85.730004882852612, 38.287216299716199 ], [ -85.729683880930153, 38.286867297794956 ], [ -85.729614878811674, 38.286787298435137 ], [ -85.729244879722287, 38.286327297252996 ], [ -85.728963880827266, 38.286016297669761 ], [ -85.728934879185843, 38.285987299404169 ], [ -85.728614877984981, 38.285637296711471 ], [ -85.728413880281323, 38.285416297479578 ], [ -85.728344879579325, 38.285337299791188 ], [ -85.728233878434807, 38.28515729745024 ], [ -85.728003882015912, 38.28526729740161 ], [ -85.727754881267288, 38.28539629823733 ], [ -85.7273648788358, 38.285627299094678 ], [ -85.727103878328947, 38.285776299463024 ], [ -85.727034881317678, 38.285817299246432 ], [ -85.726054879824545, 38.286347297636809 ], [ -85.725613879918157, 38.286597299460979 ], [ -85.725244879853832, 38.286816300910644 ], [ -85.724943879389272, 38.287006299651772 ], [ -85.724273879073024, 38.287386297893534 ], [ -85.723124881181732, 38.288026300232978 ], [ -85.722753879144108, 38.288237299502732 ], [ -85.722393877778487, 38.288436298167696 ], [ -85.721833879879838, 38.288746299044327 ], [ -85.721464880371698, 38.288976301058419 ], [ -85.72134387996897, 38.289057300487812 ], [ -85.721213879987062, 38.289147300954589 ], [ -85.720953880965197, 38.289366299521973 ], [ -85.720863880317552, 38.289446300575136 ], [ -85.720564879700959, 38.289687299902013 ], [ -85.720284878293398, 38.289927300702949 ], [ -85.719603877708224, 38.290477298622307 ], [ -85.718863877564473, 38.291097300248957 ], [ -85.718124879379886, 38.291706299027389 ] ], [ [ -85.747493886104607, 38.272017293560516 ], [ -85.747303883583143, 38.272017294959014 ], [ -85.747055145372769, 38.272058265784921 ], [ -85.746803812945359, 38.272130145296323 ], [ -85.746453883914484, 38.272246295299247 ] ], [ [ -85.765223889216145, 38.254716289555873 ], [ -85.765024889016587, 38.254687291167322 ], [ -85.750404886458824, 38.253147289961966 ], [ -85.750164885289621, 38.253037291142881 ], [ -85.749584884291295, 38.252697292924715 ], [ -85.749463886008542, 38.25263629100786 ], [ -85.749153883833714, 38.252526292841829 ], [ -85.748457886008964, 38.252442290912121 ], [ -85.74798730697735, 38.252386269889996 ], [ -85.747557574412667, 38.252352693180782 ], [ -85.747419249018606, 38.252354348016539 ], [ -85.747281178763629, 38.252362907094273 ], [ -85.747143708044291, 38.252378349064585 ], [ -85.747007179761709, 38.252400635409664 ], [ -85.746871934466213, 38.252429710539417 ], [ -85.746738309507933, 38.252465501930068 ], [ -85.746606638195246, 38.252507920305092 ], [ -85.744787850850614, 38.253143326244555 ], [ -85.744275582778712, 38.253367949796917 ], [ -85.744145518284, 38.253441344652813 ], [ -85.744018630570523, 38.253520104324117 ], [ -85.743895140792432, 38.253604091539614 ], [ -85.743775264181636, 38.253693159916935 ], [ -85.743659209672543, 38.253787154217697 ], [ -85.743547179538012, 38.253885910618067 ], [ -85.74343936903675, 38.253989256994281 ], [ -85.743335966073047, 38.254097013222655 ], [ -85.743237150869192, 38.254208991493513 ], [ -85.743143095651448, 38.25432499663853 ], [ -85.743058867738881, 38.254442269562233 ], [ -85.742979918854488, 38.254563159402743 ], [ -85.742906404077232, 38.254687428696663 ], [ -85.742838467811865, 38.254814833342323 ], [ -85.742776243505332, 38.25494512307931 ], [ -85.742719853384571, 38.255078041980028 ], [ -85.742669408216472, 38.255213328952429 ], [ -85.742625007090268, 38.255350718252885 ], [ -85.742586737222894, 38.255489940008147 ], [ -85.742554673787708, 38.255630720745508 ], [ -85.74252887976678, 38.255772783929942 ], [ -85.74247227148463, 38.256696114352948 ], [ -85.742471369171525, 38.256805013323095 ], [ -85.742464037102891, 38.256913668928732 ], [ -85.742450300873998, 38.257021701867615 ], [ -85.742430208436204, 38.257128735011129 ], [ -85.742403829929515, 38.257234394720818 ], [ -85.742371257437782, 38.257338312152712 ], [ -85.742332604667268, 38.257440124544871 ], [ -85.742288006549614, 38.257539476483807 ], [ -85.742237618770943, 38.257636021145117 ], [ -85.741866068499917, 38.258211736597701 ], [ -85.741752600394634, 38.258377996252335 ], [ -85.741644473593951, 38.258547778108401 ], [ -85.741541797340588, 38.258720910631837 ], [ -85.741444675370474, 38.258897218903321 ], [ -85.741353205807883, 38.259076524795013 ], [ -85.741326244224169, 38.259192924201443 ], [ -85.741305914067269, 38.259310663037574 ], [ -85.741292280518294, 38.259429363817496 ], [ -85.741285387288173, 38.259548645971201 ], [ -85.741285256477468, 38.259668127064685 ], [ -85.741291888505586, 38.259787424026158 ], [ -85.741305262109378, 38.25990615437415 ], [ -85.741325334411371, 38.26002393744384 ], [ -85.741352041057155, 38.260140395607507 ], [ -85.741385296421768, 38.26025515548524 ], [ -85.741424993884237, 38.26036784914205 ], [ -85.741471006169363, 38.260478115267539 ], [ -85.741523185755824, 38.260585600334274 ], [ -85.74158136534912, 38.260689959731245 ], [ -85.741986560155169, 38.261465579382637 ], [ -85.74660388576676, 38.270436295616221 ], [ -85.746903883306501, 38.270976293628074 ], [ -85.747183886841341, 38.271446295171884 ], [ -85.747493886104607, 38.272017293560516 ] ], [ [ -85.816915911784676, 38.345747306282526 ], [ -85.816753909693418, 38.346236305639721 ], [ -85.816764910277712, 38.346336304719443 ], [ -85.816873909475731, 38.34659630583927 ], [ -85.817113910175223, 38.346637306551038 ], [ -85.817563911340088, 38.346796304969381 ], [ -85.817665910018945, 38.346809304664568 ], [ -85.817833909861989, 38.346807306516638 ], [ -85.818174912452577, 38.346786307589483 ], [ -85.8185439094635, 38.346637304806855 ], [ -85.818733909663024, 38.34655730508193 ], [ -85.818863910956992, 38.346416306276502 ], [ -85.819064910765888, 38.346187304998999 ], [ -85.819223911372063, 38.345997305862596 ], [ -85.819273910581131, 38.345917305930413 ], [ -85.819294912646924, 38.34583730717371 ], [ -85.819384911462649, 38.345506304566136 ], [ -85.819554913745094, 38.344857306849562 ], [ -85.819536912245212, 38.344763306631599 ], [ -85.819453912708042, 38.344696307074727 ], [ -85.819384912980425, 38.344667304478548 ], [ -85.819164909200268, 38.344647307394929 ], [ -85.819093912502495, 38.344757304811282 ], [ -85.819064912854287, 38.344776307467164 ], [ -85.819003912187483, 38.344827305611517 ], [ -85.817863910292772, 38.345097307821682 ], [ -85.817773911711583, 38.34565730519563 ], [ -85.817174910935421, 38.345766304438122 ], [ -85.816915911784676, 38.345747306282526 ] ], [ [ -85.82546490772279, 38.290827294356319 ], [ -85.826163911300029, 38.292207297183246 ], [ -85.826484907264685, 38.292886294403651 ], [ -85.826537907954886, 38.293155296019052 ], [ -85.826613907642866, 38.293817295169887 ], [ -85.826703909638113, 38.294317294575343 ], [ -85.826844909614152, 38.294897294861372 ], [ -85.826963910624826, 38.295856295662375 ], [ -85.827053909586596, 38.297096297088622 ], [ -85.827093909903382, 38.297237296160276 ], [ -85.827344909676569, 38.297556297581252 ], [ -85.827924911623057, 38.298176297005767 ], [ -85.828003909508652, 38.298266297359284 ], [ -85.828410913137816, 38.298689296944637 ], [ -85.828533909957841, 38.298816297398901 ], [ -85.828583910070066, 38.298876296755409 ], [ -85.828784909255234, 38.299107296338384 ], [ -85.828924909445576, 38.29926629563252 ], [ -85.829064910012647, 38.299435295069188 ], [ -85.829533911205004, 38.299996297152923 ], [ -85.82975390998412, 38.300266298046566 ], [ -85.829883912163211, 38.300426296488567 ], [ -85.830023912991891, 38.300586296933588 ], [ -85.830103909379389, 38.300676296144935 ], [ -85.830213912871812, 38.300806295911883 ], [ -85.830364910735298, 38.300986295508018 ], [ -85.830544910335377, 38.301197297429567 ], [ -85.830724910953705, 38.301406297633548 ], [ -85.831344910165484, 38.302167295692122 ], [ -85.831543914367572, 38.302367297141721 ], [ -85.832083912416152, 38.302846296160752 ], [ -85.832344911899597, 38.303116296885982 ], [ -85.832654912872329, 38.303416297003878 ], [ -85.832814913751776, 38.303573297578772 ], [ -85.832263912325317, 38.303907297922528 ], [ -85.832124911421886, 38.304026296222979 ], [ -85.831963909818128, 38.304196297454482 ], [ -85.831794911756518, 38.304276297469571 ], [ -85.831674911964228, 38.304286297990416 ], [ -85.831124909329318, 38.304267298964611 ], [ -85.830584909869032, 38.304247296961407 ], [ -85.829983913694562, 38.30418629635961 ], [ -85.829144912134595, 38.304237296770836 ], [ -85.828713911448247, 38.304267297932746 ], [ -85.828074910027993, 38.304306299263978 ], [ -85.827503909470252, 38.304476298807884 ], [ -85.827273910016402, 38.304517296289625 ], [ -85.826693911050029, 38.304507298016311 ], [ -85.826153910197732, 38.3045072967492 ], [ -85.823723909592545, 38.304527298482228 ], [ -85.822903909993229, 38.304527296329724 ], [ -85.822394908342574, 38.304517299637801 ], [ -85.822265911061166, 38.305076298068549 ], [ -85.82214490871857, 38.306235298797219 ], [ -85.822124910628261, 38.306566298243865 ], [ -85.822023911595252, 38.306996299344235 ], [ -85.821804908600924, 38.306916296904518 ], [ -85.821573907513496, 38.306836297470674 ], [ -85.821343908853351, 38.30675729684036 ], [ -85.82120390882973, 38.306746298371806 ], [ -85.821153907339465, 38.306767297233634 ], [ -85.821134910374113, 38.306777298844004 ], [ -85.821094909892864, 38.306847299561603 ], [ -85.821033909808037, 38.307076299735549 ], [ -85.82096491057402, 38.307366298236317 ], [ -85.820883909261198, 38.307867298181165 ], [ -85.820843909679041, 38.308146298885319 ], [ -85.820803907497776, 38.308536298282739 ], [ -85.820810907908751, 38.308797299828392 ], [ -85.820864907290698, 38.309117300664504 ], [ -85.820943909275471, 38.309487299845344 ], [ -85.8211039106329, 38.310166297954005 ], [ -85.821193910086592, 38.3104862987703 ], [ -85.82125391070052, 38.310717297585228 ], [ -85.821324907900291, 38.310956298442832 ], [ -85.821354910932897, 38.31118729880172 ], [ -85.821314909453761, 38.311547300823321 ], [ -85.821264909253443, 38.311897299618295 ], [ -85.821243907841236, 38.311997299791834 ], [ -85.821243908333329, 38.312026298194439 ], [ -85.821213911180791, 38.312277298890912 ], [ -85.821134908937509, 38.312887299885197 ], [ -85.821094911753477, 38.313167299443826 ], [ -85.820763911860695, 38.315536299992438 ], [ -85.820734910820519, 38.315777300486715 ], [ -85.820613910862889, 38.316526300033182 ], [ -85.82057390966277, 38.316806299286419 ], [ -85.820523909637672, 38.317166301141349 ], [ -85.820483907737454, 38.317446300341317 ], [ -85.820424908747384, 38.317866301051772 ], [ -85.820374909955476, 38.318207301214343 ], [ -85.820263911482797, 38.31898630040498 ], [ -85.820213909693024, 38.319367301546549 ], [ -85.820154910564398, 38.319796299817483 ], [ -85.820054909052985, 38.320496302227397 ], [ -85.819993910485209, 38.320966299783613 ], [ -85.819974908725513, 38.321157301559495 ], [ -85.819914910910498, 38.321746300069584 ], [ -85.819893910207952, 38.321926301926169 ], [ -85.819884912376651, 38.322036302085465 ], [ -85.819863910094583, 38.322196299986601 ], [ -85.819853910135379, 38.322276302502871 ], [ -85.819824910854592, 38.322496299508096 ], [ -85.819766910911952, 38.322800302948352 ], [ -85.819704908518375, 38.323227301870418 ], [ -85.819623908138155, 38.323777301897294 ], [ -85.81961490992876, 38.323857301219853 ], [ -85.819604909833103, 38.323906300477354 ], [ -85.819583908557078, 38.323996299860518 ], [ -85.819483912024282, 38.324536300447072 ], [ -85.819474908362949, 38.324566301948792 ], [ -85.819453909024247, 38.324697301309932 ], [ -85.819413909197266, 38.324967302910281 ], [ -85.81939390945324, 38.325086300878553 ], [ -85.819384909507832, 38.325147302096546 ], [ -85.819233910290947, 38.326197303295004 ], [ -85.819212911821353, 38.326317303307434 ], [ -85.819173907586332, 38.326536301395954 ], [ -85.819123909729598, 38.326906302252645 ], [ -85.819104909424127, 38.327037302128332 ], [ -85.819014909403933, 38.327856303031716 ], [ -85.818974911586295, 38.328146301378304 ], [ -85.818903908151398, 38.328606301281063 ], [ -85.818894910261889, 38.328676303653928 ], [ -85.818823908509714, 38.329146303694301 ], [ -85.818823909383013, 38.32916730318599 ], [ -85.818794908655818, 38.329387303115048 ], [ -85.818763909169633, 38.329727301988562 ], [ -85.818693910033502, 38.330367302995455 ], [ -85.818683908794554, 38.330466303388334 ], [ -85.818614908870899, 38.330987304008069 ], [ -85.818574908493304, 38.331247304770855 ], [ -85.818534909989552, 38.331597304302022 ], [ -85.8185349109703, 38.33161730478934 ], [ -85.818493909534354, 38.332096304824105 ], [ -85.818354912093241, 38.332867302840299 ], [ -85.818323910539974, 38.333047304323756 ], [ -85.818313910944127, 38.333106303625321 ], [ -85.818133911416339, 38.334317302445612 ], [ -85.818043910798565, 38.334927302286445 ], [ -85.817953910308546, 38.335577302963344 ], [ -85.817873911558024, 38.336127304270143 ], [ -85.817833910962037, 38.336406302592401 ], [ -85.817714908874962, 38.337056303845991 ], [ -85.817593909470986, 38.33767630348553 ], [ -85.817544911452785, 38.338046303247744 ], [ -85.817413910667838, 38.338946306019132 ], [ -85.817364912065088, 38.339286304913955 ], [ -85.817304910879258, 38.339676304809046 ], [ -85.817233912201687, 38.340157305547848 ], [ -85.81711390871898, 38.340717306715547 ], [ -85.817004912696234, 38.34130630608329 ], [ -85.81681491289163, 38.342687305074271 ], [ -85.816743908862335, 38.343186304355719 ], [ -85.816724910286723, 38.343466304471974 ], [ -85.816644911372265, 38.344616304192371 ], [ -85.816504909082624, 38.345686305730155 ], [ -85.816915911784676, 38.345747306282526 ] ], [ [ -85.825148909843449, 38.28780229319289 ], [ -85.824523906834386, 38.287996294128163 ], [ -85.82409390979025, 38.288137295983482 ], [ -85.824403909460543, 38.288716296112824 ], [ -85.824663909682798, 38.289196295669178 ], [ -85.825213909740029, 38.290387293147205 ], [ -85.82546490772279, 38.290827294356319 ] ], [ [ -85.828043908804915, 38.28432629273987 ], [ -85.827723910499785, 38.284486293714551 ], [ -85.827574911446618, 38.284547294751647 ], [ -85.827403907831695, 38.284617295312358 ], [ -85.827214907082748, 38.284686295808108 ], [ -85.826913910456824, 38.284807293201347 ], [ -85.826814908534587, 38.284836292376568 ], [ -85.826233909358209, 38.285016292934294 ], [ -85.826084909420928, 38.285056295836114 ], [ -85.825724910369019, 38.285167292625466 ], [ -85.825613907415558, 38.285206295012507 ], [ -85.825184908868565, 38.28534729458088 ], [ -85.825044909752165, 38.285396292836801 ], [ -85.824083909500558, 38.285697295350957 ], [ -85.824303909408002, 38.286116294673732 ], [ -85.824453907068289, 38.286406294540072 ], [ -85.824644910485986, 38.286787292760906 ] ], [ [ -85.828183908620417, 38.284267293927137 ], [ -85.828043908804915, 38.28432629273987 ] ], [ [ -85.828183908620417, 38.284267293927137 ], [ -85.828573911051691, 38.284637293574434 ], [ -85.82895391138436, 38.284897293070699 ], [ -85.829094910249935, 38.284966292788347 ], [ -85.82925391115198, 38.285016294551014 ], [ -85.829403909966203, 38.285036293212372 ], [ -85.829563909658333, 38.285026292821776 ], [ -85.829713909426616, 38.284997295301714 ], [ -85.82985390904669, 38.284946293384188 ], [ -85.829983908646284, 38.284866294080743 ], [ -85.830084909304034, 38.284766294765312 ], [ -85.830173910400873, 38.284652293079702 ], [ -85.830203911908455, 38.284547294123364 ], [ -85.830224910638037, 38.284426292111249 ], [ -85.830213909681163, 38.284316293076593 ], [ -85.83017491195389, 38.284197293712509 ], [ -85.830094907606323, 38.284097294396901 ], [ -85.830004911934466, 38.284007293146374 ], [ -85.829864911881955, 38.283907294767062 ], [ -85.829663909504674, 38.283837294603941 ], [ -85.829433908071309, 38.283817292953259 ], [ -85.829324908814243, 38.283827293888514 ], [ -85.82922391025167, 38.283846294334445 ], [ -85.828763911073239, 38.283997294031963 ], [ -85.828183908620417, 38.284267293927137 ] ], [ [ -85.825104908447543, 38.281516293116454 ], [ -85.825494910041158, 38.281776292327201 ], [ -85.826084906903375, 38.282297291553441 ], [ -85.826574908498586, 38.282747293619948 ], [ -85.826643907141516, 38.282806292431971 ], [ -85.826944909162918, 38.283087292820717 ], [ -85.827193907293534, 38.283336295132585 ], [ -85.827344910574737, 38.283486293926487 ], [ -85.827783910106859, 38.283897294111803 ], [ -85.827993908360909, 38.284097293522983 ], [ -85.828183908620417, 38.284267293927137 ] ], [ [ -85.828043908804915, 38.28432629273987 ], [ -85.828263908830934, 38.284537293250445 ], [ -85.828374907009845, 38.284827293267384 ], [ -85.828413910507251, 38.284956293436096 ], [ -85.82841391081719, 38.285077292910799 ], [ -85.828391911132911, 38.285208294659888 ], [ -85.828353909934833, 38.285316295182945 ], [ -85.828323911010486, 38.28538629415808 ], [ -85.828294910153645, 38.285437295160122 ], [ -85.828204908232294, 38.285537295369295 ], [ -85.828104910045468, 38.285637293194071 ], [ -85.827974907455953, 38.285707293502632 ], [ -85.827853908375175, 38.28575629258647 ], [ -85.827283910331317, 38.285946294232545 ], [ -85.826773908398806, 38.286116292999324 ], [ -85.826653910171146, 38.286157295593441 ], [ -85.826253908119924, 38.286286293928697 ], [ -85.826174909750534, 38.286306295998799 ], [ -85.825734907270302, 38.286456296195055 ], [ -85.82566390968465, 38.286476293010047 ], [ -85.825213909781553, 38.286617294256956 ], [ -85.824644910485986, 38.286787292760906 ] ], [ [ -85.825104908447543, 38.281516293116454 ], [ -85.825364906946277, 38.281796291643495 ], [ -85.825933906994209, 38.282367294836256 ], [ -85.826433911116425, 38.282837293673978 ], [ -85.827034910166006, 38.283396294151643 ], [ -85.827214910541372, 38.283567292742404 ], [ -85.828043908804915, 38.28432629273987 ] ], [ [ -85.820286924511038, 38.276929226137639 ], [ -85.820523265642578, 38.277162902084164 ], [ -85.824393910011949, 38.280796291805935 ], [ -85.824763908824579, 38.281176292169675 ], [ -85.825004910252133, 38.28141629218166 ], [ -85.825104908447543, 38.281516293116454 ] ], [ [ -85.782403897234332, 38.268656293334573 ], [ -85.78243489576154, 38.26873629386769 ], [ -85.782453894327915, 38.268906292799805 ], [ -85.782444897319053, 38.269116292688707 ], [ -85.782463892522244, 38.26933729195035 ], [ -85.782543896031711, 38.269707292201957 ], [ -85.782603896486975, 38.269846292399293 ], [ -85.782794897474858, 38.270206294973065 ], [ -85.783033895526501, 38.270667293781749 ], [ -85.78329489463087, 38.271217295058314 ], [ -85.783633896382241, 38.27155629382208 ], [ -85.783924897963658, 38.271837293531519 ], [ -85.784244896027573, 38.272117293794999 ], [ -85.784473894699715, 38.272297294668363 ], [ -85.784703893671036, 38.272467292002482 ], [ -85.784914896714525, 38.272626292045835 ], [ -85.785193893511789, 38.27281629401763 ], [ -85.785613897867336, 38.273056293625196 ], [ -85.786044894051955, 38.273307294106708 ], [ -85.786653895361766, 38.273586292457914 ], [ -85.787389898185708, 38.273920294927855 ], [ -85.788564897562281, 38.274416292202943 ], [ -85.78915389537643, 38.274686292729086 ], [ -85.789697897214353, 38.274928293507777 ], [ -85.789873896416367, 38.274987293720159 ], [ -85.790070895822154, 38.275068293439695 ], [ -85.790624897825154, 38.27528729450556 ], [ -85.791053897536884, 38.275447294902186 ], [ -85.791603897190043, 38.275637294316297 ], [ -85.791984897024236, 38.275756292964076 ], [ -85.792953898373142, 38.276046295227275 ], [ -85.793644897910198, 38.276247293151613 ], [ -85.794544900276975, 38.276457292389701 ], [ -85.794764897444495, 38.276506293848257 ], [ -85.795373897356328, 38.276637292835218 ], [ -85.796283897467063, 38.276807293069091 ], [ -85.796604902172064, 38.27685629305865 ], [ -85.797204899692616, 38.276946295221819 ], [ -85.797803901394431, 38.277036293783581 ], [ -85.798374902187604, 38.277106292505017 ], [ -85.798904901407468, 38.277167295209743 ], [ -85.799423901554746, 38.277206295214583 ], [ -85.800223900393149, 38.277267294953077 ], [ -85.80107490236044, 38.277296293001903 ], [ -85.801953902451643, 38.277306292437032 ], [ -85.802554904026039, 38.277306292537141 ], [ -85.803153901871212, 38.277296295297397 ], [ -85.803454902859016, 38.277286292573635 ], [ -85.803743900414233, 38.277267292932635 ], [ -85.804034900864934, 38.277237294108481 ], [ -85.804404902095143, 38.277216291859581 ], [ -85.804873904691235, 38.27718629474554 ], [ -85.805664901748244, 38.277136292479028 ], [ -85.805913901216016, 38.277106292066733 ], [ -85.806403902818246, 38.277036292896774 ], [ -85.806864904720925, 38.276936292724216 ], [ -85.807324904409882, 38.276807291886186 ], [ -85.807563901708448, 38.276727292753833 ], [ -85.807804904954679, 38.276637293544567 ], [ -85.808044904728021, 38.276537293181804 ], [ -85.808283902188393, 38.276437291952981 ], [ -85.808523904108966, 38.27632629469187 ], [ -85.808984902681416, 38.276097291491723 ], [ -85.809283902059533, 38.27594629374034 ], [ -85.809423903699908, 38.275876293979344 ], [ -85.809654904415169, 38.275766293332097 ], [ -85.809894903188791, 38.275666292533359 ], [ -85.810123902333373, 38.275576294237155 ], [ -85.810323904495803, 38.275506292005112 ], [ -85.810614905072811, 38.275426292301326 ], [ -85.810863903249171, 38.275357292761363 ], [ -85.8111049031547, 38.275296292007752 ], [ -85.811353904064831, 38.27524629298393 ], [ -85.811604903261568, 38.275197293178927 ], [ -85.811864903117112, 38.275167294268329 ], [ -85.812383902571383, 38.27511629222095 ], [ -85.812858902434783, 38.275071293729127 ], [ -85.813614905691736, 38.275007293664125 ], [ -85.813913904178989, 38.274987293771872 ], [ -85.814593905703916, 38.274936292731866 ], [ -85.815064904092893, 38.274917292262941 ], [ -85.815173904775946, 38.274907294148129 ], [ -85.815343904247868, 38.274897292262331 ], [ -85.815453906652309, 38.274886291761135 ], [ -85.816004904350919, 38.274907291290084 ], [ -85.816544903215046, 38.274966291347468 ], [ -85.816814907335115, 38.275007292632836 ], [ -85.816994907044659, 38.275036293810906 ], [ -85.817343904802883, 38.275126294271345 ], [ -85.817904904319761, 38.275316294403481 ], [ -85.818333908063096, 38.275486291825764 ], [ -85.818574906791611, 38.275606294067181 ], [ -85.81899390513621, 38.275836291464692 ], [ -85.81935281450113, 38.276047262146776 ], [ -85.819716012721926, 38.276322350566595 ], [ -85.820158795276484, 38.276759058054388 ], [ -85.820225209083631, 38.276844230694479 ], [ -85.820254049472595, 38.276884369600758 ], [ -85.820286924511038, 38.276929226137639 ] ], [ [ -85.782553897203556, 38.268386292495968 ], [ -85.782453896772466, 38.268556293969091 ], [ -85.782403897234332, 38.268656293334573 ] ], [ [ -85.782403897234332, 38.268656293334573 ], [ -85.7822648932096, 38.268897292132003 ], [ -85.782164895751464, 38.269067293291073 ], [ -85.782013894804578, 38.269306293196344 ], [ -85.781934894310211, 38.269417294290207 ], [ -85.781844892885445, 38.269607291596991 ], [ -85.781944892510268, 38.269947293569487 ], [ -85.782093894930782, 38.270456293281718 ], [ -85.782114894358273, 38.270577294597373 ], [ -85.782124893079796, 38.27070629483169 ], [ -85.782093895104396, 38.270806291981479 ], [ -85.782053894146699, 38.270896293645137 ], [ -85.781873895202082, 38.271207292277879 ], [ -85.781754893024996, 38.27136629233356 ], [ -85.781714894084118, 38.271497293857351 ], [ -85.781733895686145, 38.271616292529352 ], [ -85.781783895636949, 38.271726292016588 ], [ -85.781863897519571, 38.271826292619394 ], [ -85.78199489570801, 38.271896293091686 ], [ -85.782174897108902, 38.271947294623132 ], [ -85.782344895207203, 38.271947292928822 ], [ -85.782773894825667, 38.271937294892062 ], [ -85.783133896365342, 38.271957291828542 ], [ -85.783323896256704, 38.271976292074207 ], [ -85.783483895543483, 38.272017292966972 ], [ -85.783633895786437, 38.27206629328856 ], [ -85.783853895461121, 38.272166294702046 ], [ -85.784604897583534, 38.272577294212844 ], [ -85.784803896706592, 38.272726293961497 ], [ -85.785044897764621, 38.272917293236581 ], [ -85.785264896863367, 38.273046293835179 ], [ -85.78559489667542, 38.273226293776631 ], [ -85.786113897714003, 38.273487294392517 ], [ -85.786653894991176, 38.273737295389594 ], [ -85.787214897112975, 38.273976292930961 ], [ -85.788043897304334, 38.274336294602321 ], [ -85.788594896410629, 38.274576292721697 ], [ -85.789613897925975, 38.275017295060103 ], [ -85.789764899691946, 38.275077294292117 ], [ -85.790094896539571, 38.275206295192611 ], [ -85.790804898849785, 38.275476295535867 ], [ -85.791264897762431, 38.275637293859241 ], [ -85.791643897072987, 38.275766292808214 ], [ -85.792183898477504, 38.275946294180336 ], [ -85.792753899447817, 38.276126295171323 ], [ -85.793334896806741, 38.276286295229006 ], [ -85.79423490115569, 38.276517292931956 ], [ -85.794513898133644, 38.27658629483976 ], [ -85.794833897227264, 38.276656295341191 ], [ -85.795143897355373, 38.27672729232615 ], [ -85.796074902181061, 38.27689729446768 ], [ -85.797003899782879, 38.277057294948669 ], [ -85.797954899702503, 38.27718629198197 ], [ -85.798864900484631, 38.277286294336086 ], [ -85.799463902301014, 38.277337292619741 ], [ -85.800344902435668, 38.277386293502218 ], [ -85.801554903334434, 38.277427293798489 ], [ -85.802194901180201, 38.277437293113266 ], [ -85.802763902656451, 38.277427294746531 ], [ -85.803333901114428, 38.277406294796315 ], [ -85.803724902926717, 38.277386292572714 ], [ -85.803913901711908, 38.277376291625423 ], [ -85.804413899862212, 38.27734729507506 ], [ -85.804484904175311, 38.277347294435558 ], [ -85.805334901061201, 38.277296293127776 ], [ -85.805623902960065, 38.277276293206576 ], [ -85.805893900003881, 38.277267294348817 ], [ -85.806374902309599, 38.27729629208249 ], [ -85.806684903950327, 38.277276294721752 ], [ -85.807004904140058, 38.277257292740437 ], [ -85.807314901086954, 38.277237293766156 ], [ -85.807624904583321, 38.277196294287478 ], [ -85.807933903453943, 38.277177292239408 ], [ -85.80822490111936, 38.277136293990608 ], [ -85.80852390537089, 38.277087292330123 ], [ -85.808814902711916, 38.277016291710567 ], [ -85.809103904626525, 38.276946291956051 ], [ -85.809664903532266, 38.276766292944437 ], [ -85.810204903891886, 38.276557295078931 ], [ -85.810734905110451, 38.276337291627009 ], [ -85.811814906567392, 38.275907291825142 ], [ -85.812343903186587, 38.275696292232659 ], [ -85.812870902656186, 38.275501294063965 ], [ -85.813134905622093, 38.275416293732668 ], [ -85.813404903495027, 38.275336293401793 ], [ -85.813934906839322, 38.275197293774511 ], [ -85.81420490512464, 38.275146293495851 ], [ -85.81448490584728, 38.275116292153058 ], [ -85.81500390727426, 38.275087290770628 ], [ -85.815054903128811, 38.275087290797408 ], [ -85.815334905671278, 38.275087291756975 ], [ -85.815623905424715, 38.275087291628545 ], [ -85.816184904324174, 38.275126292814683 ], [ -85.816743907460904, 38.275197292997987 ], [ -85.817023907765133, 38.275257291840653 ], [ -85.817563906097689, 38.275386292889159 ], [ -85.817823906324861, 38.275467293478847 ], [ -85.818074903883328, 38.2755572920586 ], [ -85.818553905360588, 38.275746292117752 ], [ -85.818773907422568, 38.275856294037034 ], [ -85.819273907554617, 38.276157292238999 ], [ -85.819364065494185, 38.276209134722095 ], [ -85.819580944544185, 38.276355450145054 ], [ -85.819677936495751, 38.276422425918319 ], [ -85.819784658713516, 38.2765047571217 ], [ -85.820167261626906, 38.276856928866373 ], [ -85.820286924511038, 38.276929226137639 ] ], [ [ -85.765223889216145, 38.254716289555873 ], [ -85.765443887836966, 38.255136291448174 ], [ -85.765564889593819, 38.255557292630741 ], [ -85.765753888937695, 38.256187292794877 ], [ -85.774893195299384, 38.257233385479253 ], [ -85.775004892999789, 38.257246290717255 ] ], [ [ -85.765223889216145, 38.254716289555873 ], [ -85.765450964952365, 38.25474230740145 ], [ -85.775244892759943, 38.25581729075595 ], [ -85.775113891103459, 38.256547290201468 ], [ -85.775004892999789, 38.257246290717255 ] ], [ [ -85.718124879379886, 38.291706299027389 ], [ -85.717404878064968, 38.292287299168208 ], [ -85.717343876173587, 38.292336301229895 ], [ -85.716774879806934, 38.292807301650718 ], [ -85.716583876679422, 38.29296630216848 ], [ -85.71655487859293, 38.292997301531074 ], [ -85.716403876808059, 38.293116300470345 ], [ -85.716154877993162, 38.293316299662862 ], [ -85.715943878546454, 38.29348630189422 ], [ -85.715533875648916, 38.293827301323603 ], [ -85.715474879268967, 38.293876301248268 ], [ -85.715154877754244, 38.294136300150114 ], [ -85.714783878372501, 38.294437301711724 ], [ -85.714003878384744, 38.295087302630414 ], [ -85.713544877705175, 38.295466300009572 ], [ -85.713163877719509, 38.295777301409274 ], [ -85.712843874395261, 38.29603630162385 ], [ -85.712604877632259, 38.29623730059896 ], [ -85.71217387725919, 38.296597301151678 ], [ -85.711964875948183, 38.296767301793167 ], [ -85.711644876459374, 38.297037301053855 ], [ -85.710863874485838, 38.297656300230479 ], [ -85.710823878067103, 38.297697301797768 ], [ -85.710564875261838, 38.297906301463975 ], [ -85.710484875496476, 38.29797630296364 ], [ -85.709693874832055, 38.298636301603658 ], [ -85.709593874663057, 38.298716301765637 ], [ -85.709433873982192, 38.29885730231328 ], [ -85.709339877456642, 38.29893130205582 ], [ -85.709163875963299, 38.299056302070085 ], [ -85.708904875661091, 38.299276303812626 ], [ -85.708603875979762, 38.29951630066077 ], [ -85.708523875267687, 38.299587303183145 ], [ -85.708473877725297, 38.299626300309839 ], [ -85.708393875233213, 38.299716303969113 ], [ -85.708263874580226, 38.299876300436573 ], [ -85.708134876967407, 38.300066301677582 ], [ -85.708004875877663, 38.300326302196147 ], [ -85.707784875809551, 38.300856301649752 ], [ -85.707694874851654, 38.301076303666704 ], [ -85.707583877300308, 38.301336303490807 ], [ -85.707384873569993, 38.3018073029709 ], [ -85.707154875554238, 38.30234730220581 ], [ -85.707024875948747, 38.302617301537325 ], [ -85.70690387730204, 38.302927302137384 ], [ -85.706244875929031, 38.304417302465112 ], [ -85.705863874017126, 38.305276302545039 ], [ -85.705534875433585, 38.305957302335827 ], [ -85.705203874704949, 38.306656304167298 ], [ -85.705063877398658, 38.30694730444737 ], [ -85.704994874294059, 38.30709630399361 ], [ -85.704854875371709, 38.30739730408505 ], [ -85.704473876200311, 38.308176305141302 ], [ -85.704433876529436, 38.308246305644481 ], [ -85.704156877325005, 38.308819303300389 ], [ -85.703763875762661, 38.309696302771897 ], [ -85.703604875980332, 38.31007630563078 ], [ -85.703493874206245, 38.310357303538972 ], [ -85.703364875927249, 38.310686304353098 ], [ -85.703324875261515, 38.310837303985473 ], [ -85.703303873877147, 38.310897304630387 ], [ -85.703274872482837, 38.310997305465321 ], [ -85.703203873676358, 38.311236305204872 ], [ -85.703123873856299, 38.311467304817292 ], [ -85.703043876559406, 38.311627304864658 ], [ -85.702964874429085, 38.311766303662054 ] ], [ [ -85.702964874429085, 38.311766303662054 ], [ -85.702683875816959, 38.312226304668741 ], [ -85.702564874012893, 38.312427304290999 ], [ -85.70250487489578, 38.312527305604824 ], [ -85.702464873233424, 38.312576306255686 ], [ -85.702353872722782, 38.312736306525387 ], [ -85.702284875951193, 38.312826306156559 ], [ -85.701934876100538, 38.313177305916597 ], [ -85.701583876478551, 38.313537304343384 ], [ -85.701084874340012, 38.314036304331445 ], [ -85.700764874058649, 38.314356306437212 ], [ -85.700553876558033, 38.314556306864844 ], [ -85.700224875966654, 38.314887304850721 ], [ -85.699703875072373, 38.315356307034833 ], [ -85.699263873973479, 38.315726306823464 ], [ -85.699014874188421, 38.315947307695204 ], [ -85.69857387257278, 38.316317306874851 ], [ -85.698313874516472, 38.31653630720681 ], [ -85.69788487544831, 38.316896305957869 ], [ -85.69750387452595, 38.317217304822243 ], [ -85.697384874840282, 38.317317306100506 ], [ -85.697154872151472, 38.317497305298957 ], [ -85.696984876182142, 38.317626306980166 ], [ -85.696894872061861, 38.317696305691811 ], [ -85.695963875194565, 38.318307306388967 ], [ -85.695274871721296, 38.318747305004749 ], [ -85.694284872326037, 38.319396306111848 ], [ -85.694234873567524, 38.319436306077108 ], [ -85.694014874233844, 38.319586305603352 ], [ -85.693043872551939, 38.32022630728833 ], [ -85.692484872839501, 38.320576307491351 ], [ -85.692164872648974, 38.320786308559889 ], [ -85.691454870754569, 38.321247308602267 ], [ -85.690584874282791, 38.321776307675684 ], [ -85.690284872592201, 38.321946307460081 ], [ -85.689893872787664, 38.322177307333682 ], [ -85.688623873563685, 38.322926309080373 ], [ -85.68790387326591, 38.323386307973529 ], [ -85.687643868930678, 38.323566306637098 ], [ -85.687273872436904, 38.323877307195978 ], [ -85.686923870986845, 38.324157308893646 ], [ -85.686314872728019, 38.324697306648922 ], [ -85.685933871444902, 38.325027308605812 ], [ -85.685883872457424, 38.325076309353697 ], [ -85.685774869591015, 38.325166309438956 ], [ -85.685483870649108, 38.325426309746533 ], [ -85.685043869460387, 38.32580630884803 ], [ -85.684404870393493, 38.326361309162586 ], [ -85.684033868398373, 38.326677309640985 ], [ -85.683804871196955, 38.326986308278251 ], [ -85.683614868613091, 38.327307306849789 ], [ -85.68344487147931, 38.327626309027956 ], [ -85.683304871878647, 38.327907308383573 ], [ -85.683493868562564, 38.328027308662676 ], [ -85.683714871605929, 38.328267307703193 ], [ -85.684104869193348, 38.328747307424017 ], [ -85.684684869524801, 38.329437309243936 ], [ -85.685343870021725, 38.330206311121671 ], [ -85.685514869587365, 38.330506309737409 ], [ -85.685594870656203, 38.33074630967181 ], [ -85.685613870716864, 38.331106310384051 ], [ -85.685464871391218, 38.3319363078324 ], [ -85.68540386967112, 38.332286308853163 ], [ -85.685383872190215, 38.332887310378609 ], [ -85.685473869556048, 38.333577308339223 ], [ -85.685544869849281, 38.333806309916774 ], [ -85.685694870853411, 38.33434630886002 ], [ -85.686013870615412, 38.335017308220756 ], [ -85.686663872928818, 38.33603730966361 ], [ -85.686894873181231, 38.336326311573416 ], [ -85.687203873940419, 38.336567310013102 ], [ -85.687563871450337, 38.336766310932362 ], [ -85.687953873584831, 38.336917310420155 ], [ -85.688173873362231, 38.336966310973146 ], [ -85.688363874183608, 38.337017310759833 ], [ -85.68881387183805, 38.337087311821662 ], [ -85.689284872737502, 38.337046310980497 ], [ -85.689644874554403, 38.336976310973029 ], [ -85.690883873436007, 38.336676308603536 ], [ -85.691214872672461, 38.336657310007766 ], [ -85.691433872335836, 38.336667308807364 ], [ -85.69186387517783, 38.336716308746631 ], [ -85.692283872508, 38.336817311848414 ], [ -85.692794874632654, 38.336997310901985 ], [ -85.693424872976692, 38.337197311643763 ], [ -85.694073872407685, 38.337326308684204 ], [ -85.694403873636645, 38.337336311076768 ], [ -85.694703874667837, 38.337316308946455 ], [ -85.695123875092165, 38.337226309339663 ], [ -85.695553876409193, 38.337036311346445 ], [ -85.696013874436019, 38.336776311362861 ], [ -85.696254875341069, 38.33703631121444 ], [ -85.696373874886561, 38.337166308926669 ], [ -85.696733877476277, 38.337557311222206 ], [ -85.697304876773359, 38.338207308334411 ], [ -85.697863877634759, 38.338817310440376 ], [ -85.698453875840698, 38.339476311628836 ], [ -85.699096743332248, 38.340202749686604 ], [ -85.699860507083528, 38.341282540458778 ], [ -85.700164340187357, 38.342293262406237 ], [ -85.700208699684808, 38.342984554064543 ], [ -85.700141281805827, 38.344608864580486 ], [ -85.70009552320802, 38.34462114155393 ], [ -85.700051632650698, 38.344638979500203 ], [ -85.700010283067698, 38.344662104926378 ], [ -85.699972108434437, 38.344690163271387 ], [ -85.699937694047705, 38.344722724342247 ], [ -85.69990756755189, 38.344759288909785 ], [ -85.699882190849038, 38.344799296362865 ], [ -85.699861953016963, 38.344842133303736 ], [ -85.699847164343893, 38.344887142952686 ], [ -85.699849101874676, 38.344930054473103 ], [ -85.699857532476472, 38.344972174273231 ], [ -85.699872260654132, 38.345012525647341 ], [ -85.699892944879522, 38.345050172897302 ], [ -85.699919105511228, 38.34508424303025 ], [ -85.699950135916751, 38.345113946002201 ], [ -85.69998531653961, 38.345138593038222 ], [ -85.700023831584971, 38.345157612604226 ], [ -85.700064787936867, 38.34517056366014 ], [ -85.700107235868472, 38.345177145887121 ], [ -85.700395227113276, 38.345273698236433 ], [ -85.700723931961434, 38.345362597541737 ], [ -85.701198179685903, 38.345451845793377 ], [ -85.701254878448069, 38.345447311076001 ], [ -85.701924878796333, 38.345467312539647 ], [ -85.70302487639654, 38.3455073099123 ], [ -85.703690918078649, 38.345524171595535 ], [ -85.703814877984144, 38.34552730966908 ], [ -85.705014878907505, 38.34557731186581 ], [ -85.705124879742456, 38.345607313005729 ], [ -85.705234880476326, 38.345627310581804 ], [ -85.705354876762627, 38.345657310709747 ], [ -85.705464878169309, 38.345707311585905 ], [ -85.705544876165959, 38.345747311583573 ], [ -85.705624878962695, 38.345807311528148 ], [ -85.705724877639682, 38.345907309802755 ], [ -85.705804877009086, 38.345997309760527 ], [ -85.705852401383012, 38.346085568390066 ], [ -85.705874877720831, 38.346127310677382 ], [ -85.705904879282627, 38.346237311696264 ], [ -85.705926583966615, 38.346425407994751 ], [ -85.70551989364148, 38.347902705943923 ], [ -85.705061957607697, 38.349164507904696 ], [ -85.704297514508966, 38.351055057285741 ], [ -85.703634877040201, 38.352706312337062 ], [ -85.703594877945903, 38.352796311861631 ], [ -85.702893880659886, 38.35455731104414 ], [ -85.702753878120632, 38.354907313524748 ], [ -85.702234879284134, 38.356206314362446 ], [ -85.701924877833321, 38.356997314458461 ], [ -85.701693876357695, 38.35755631335028 ], [ -85.701654878569855, 38.357666313407002 ], [ -85.7011148781354, 38.358987312855874 ], [ -85.701103879138799, 38.359006313034733 ], [ -85.700683879722121, 38.360086315499295 ], [ -85.700413875736473, 38.360757312444981 ], [ -85.70040487955751, 38.360787314147153 ] ], [ [ -85.702964874429085, 38.311766303662054 ], [ -85.703223874828396, 38.312077305148179 ], [ -85.703343876124109, 38.312206304994405 ], [ -85.703554874625311, 38.312427304631093 ], [ -85.703743873146507, 38.312627303757743 ], [ -85.703784874549271, 38.312666303199052 ], [ -85.703824874726905, 38.312717306237282 ], [ -85.704004874757487, 38.312916304607839 ], [ -85.704213877428728, 38.313147303951894 ], [ -85.704423874046967, 38.313376306342406 ], [ -85.704513874731504, 38.313476306309212 ], [ -85.704563875400964, 38.313537304884875 ], [ -85.704963875850041, 38.313987304207387 ], [ -85.705434873640684, 38.314497304351008 ], [ -85.705543874768679, 38.314617303983283 ], [ -85.70604387637438, 38.315166305777488 ], [ -85.706344876039878, 38.315497306194061 ], [ -85.706683877097944, 38.315877307432004 ], [ -85.706993878108761, 38.316217304999377 ], [ -85.707253875718123, 38.316507306846354 ], [ -85.707504878737524, 38.316786304509982 ], [ -85.707613878083464, 38.316906305718518 ], [ -85.707784877209946, 38.317096306575209 ], [ -85.708234875095343, 38.317587305847184 ], [ -85.708383875381301, 38.317747305422763 ], [ -85.709253879270193, 38.318737306974164 ], [ -85.709513875564028, 38.319036305039376 ], [ -85.709534875607474, 38.319056307329177 ], [ -85.710593879692908, 38.320206305743653 ], [ -85.71082387653469, 38.320447305984494 ], [ -85.711003877769969, 38.320637306485999 ], [ -85.711234878514986, 38.320876305737023 ], [ -85.711474876196959, 38.321146307982914 ], [ -85.7117738802948, 38.321486307102361 ] ], [ [ -85.718124879379886, 38.291706299027389 ], [ -85.718174877448945, 38.291817299394751 ], [ -85.71831487784209, 38.291997300182601 ], [ -85.718454877075487, 38.292136301360252 ], [ -85.719013876692557, 38.2927663000142 ], [ -85.719153880054435, 38.292907301722728 ], [ -85.719553880664947, 38.293277299046501 ], [ -85.719903877134854, 38.293637299103096 ], [ -85.720524877412856, 38.294296301799783 ], [ -85.720614876829018, 38.294396299896974 ], [ -85.721064880729969, 38.2948973020005 ], [ -85.721653881113838, 38.295527302075044 ], [ -85.721753880352935, 38.295636301548896 ], [ -85.722333878149158, 38.296276301935848 ], [ -85.722913881905711, 38.296957302352773 ], [ -85.723693880410181, 38.297806302078527 ], [ -85.724493881931423, 38.298677300050969 ], [ -85.72493487997049, 38.299156300095099 ], [ -85.724974878923007, 38.299207299521086 ], [ -85.725033879972599, 38.299276301690725 ], [ -85.72506488198843, 38.299307301106801 ], [ -85.725253881586042, 38.299536301791093 ], [ -85.725343879656592, 38.299616302985015 ], [ -85.725594881252874, 38.299757303408285 ], [ -85.725573878139315, 38.299827301685518 ], [ -85.72550488018905, 38.300066301389712 ], [ -85.725433879311637, 38.300256300666568 ], [ -85.725353879247407, 38.30048729967934 ], [ -85.725294879453799, 38.300647301469155 ], [ -85.72527387873923, 38.300706300543951 ], [ -85.72521388243787, 38.300856301010135 ], [ -85.725183881317335, 38.30092730190507 ], [ -85.725064882586892, 38.301187299963573 ], [ -85.725033882146121, 38.301256301730213 ] ], [ [ -85.725033882146121, 38.301256301730213 ], [ -85.724934882248746, 38.301367301877903 ], [ -85.724794879121035, 38.301526303619525 ], [ -85.72472387875689, 38.3016273037234 ], [ -85.724643880403022, 38.301756302987066 ], [ -85.724384879157128, 38.302156300376836 ], [ -85.724353879364699, 38.302206300679053 ], [ -85.724313880427673, 38.30226730373937 ], [ -85.723863879538627, 38.302897301883704 ], [ -85.723844880198556, 38.302927301520164 ], [ -85.723804881861525, 38.302987301968315 ], [ -85.723693878740761, 38.303146300483682 ], [ -85.723603880153476, 38.303277302872139 ], [ -85.723444882439793, 38.303517301962046 ], [ -85.723413882918749, 38.303566303006193 ], [ -85.723293881228543, 38.303746303906735 ], [ -85.723153878780977, 38.303946302962814 ], [ -85.722933880816029, 38.304257304383704 ], [ -85.722733879944911, 38.304546302362979 ], [ -85.722544882657317, 38.304826300955625 ], [ -85.722383878805871, 38.305057302017865 ], [ -85.721983880292029, 38.305626301251166 ], [ -85.721544878460449, 38.306256302219722 ], [ -85.72146488059974, 38.306366301291057 ], [ -85.721284878768358, 38.306626300919248 ], [ -85.720860880926082, 38.307191303492388 ], [ -85.72021387908525, 38.308096305089272 ], [ -85.719964878016029, 38.308436302696222 ], [ -85.719733880090132, 38.308757302136321 ], [ -85.719553877167556, 38.309007302215235 ], [ -85.719294879431942, 38.309367304011658 ], [ -85.719243878585203, 38.30942630476806 ], [ -85.718944878049186, 38.309856304613206 ], [ -85.718703881464037, 38.310216305332901 ], [ -85.718534880467331, 38.310506303175131 ], [ -85.718484880246862, 38.310596304007589 ], [ -85.718433879720564, 38.310696303748706 ], [ -85.718253877447765, 38.311066302803319 ], [ -85.71806387915538, 38.311486303980843 ], [ -85.718015877244369, 38.311607302785511 ], [ -85.717973881021749, 38.311696303421755 ], [ -85.717824879309418, 38.312046303544264 ], [ -85.717713879285085, 38.312306302615333 ], [ -85.717663880477843, 38.312416303218697 ], [ -85.71748387913739, 38.312836304793571 ], [ -85.717364878087835, 38.313126304647241 ], [ -85.717023877432183, 38.313946304601536 ], [ -85.716644877086992, 38.314767305396934 ], [ -85.716313878344181, 38.315526304934927 ], [ -85.715903879864868, 38.31643630566446 ], [ -85.715673880801134, 38.316957305991558 ], [ -85.715604879574229, 38.317107307291117 ], [ -85.715254878676063, 38.317896304951127 ], [ -85.715205879103195, 38.317984307415742 ], [ -85.71512487821613, 38.31818730508941 ], [ -85.714984878201534, 38.318496305562775 ], [ -85.714693878912541, 38.319126304459878 ], [ -85.714664878258148, 38.319187306819799 ], [ -85.714434881044966, 38.319666306011491 ], [ -85.714314877866769, 38.319917306569572 ], [ -85.714233878840048, 38.320097306403888 ], [ -85.713894877642019, 38.320786304967143 ], [ -85.713624876776805, 38.321316304850107 ], [ -85.713534879169885, 38.321486306858283 ], [ -85.713343876444483, 38.321836304317394 ], [ -85.713243878021572, 38.322016307746104 ], [ -85.713134878548232, 38.322216307160467 ], [ -85.712954878249036, 38.322607306222828 ] ], [ [ -85.699860507083528, 38.341282540458778 ], [ -85.700206875857845, 38.342149696439691 ], [ -85.700259120148473, 38.342243138500656 ], [ -85.70031679014464, 38.342333333047073 ], [ -85.700379684647785, 38.342419965409007 ], [ -85.700447584232137, 38.342502733344254 ], [ -85.700520252010236, 38.342581348092786 ], [ -85.700597434459382, 38.342655535384182 ], [ -85.700678862306148, 38.342725036394476 ], [ -85.700764251465799, 38.34278960864917 ], [ -85.700853304033373, 38.342849026869168 ], [ -85.700945709323108, 38.34290308375671 ], [ -85.701041144952228, 38.342951590718613 ], [ -85.701139277965794, 38.342994378524232 ], [ -85.701239765998224, 38.343031297895848 ], [ -85.701342258467761, 38.343062220029488 ], [ -85.7014463977996, 38.343087037044299 ], [ -85.701551820673387, 38.343105662358887 ], [ -85.701947606035745, 38.343143660112524 ], [ -85.703377138112472, 38.343102400509842 ], [ -85.703949681840783, 38.343073189200439 ], [ -85.705578003950208, 38.343016530051663 ], [ -85.705694876556748, 38.342987309971903 ], [ -85.705927190428795, 38.342888845945403 ], [ -85.706164877795104, 38.342797310784704 ], [ -85.706254879091347, 38.342767309050302 ], [ -85.706364879488831, 38.342757312284725 ], [ -85.706434878614672, 38.342757309020257 ], [ -85.706574878543648, 38.342807309390103 ], [ -85.706664877956314, 38.342857311082604 ], [ -85.706784877978123, 38.342987310018728 ], [ -85.706785387477595, 38.343053695946018 ], [ -85.706784878673062, 38.343137310548371 ], [ -85.706744879716638, 38.343217311343309 ], [ -85.706684876641631, 38.343267310599934 ], [ -85.706624878156575, 38.343327309802525 ], [ -85.70649487778671, 38.343467309187993 ], [ -85.706444878106865, 38.343517310740197 ], [ -85.70643487962522, 38.343547311785692 ], [ -85.706429230806492, 38.343569905388335 ], [ -85.706424880166907, 38.343636310643035 ], [ -85.706403879306862, 38.34386731105522 ], [ -85.70638487953299, 38.344207311961448 ], [ -85.70635388072553, 38.344536312224172 ], [ -85.706339817235275, 38.344701884408913 ], [ -85.706314880201248, 38.345217311635672 ], [ -85.706314878836011, 38.34532731200602 ], [ -85.706344880389096, 38.345427309463268 ], [ -85.706354862538447, 38.345452272770615 ], [ -85.706384877360421, 38.345527309450617 ], [ -85.706434878795875, 38.345637311877525 ], [ -85.706444879885623, 38.345687311066278 ], [ -85.706434877035434, 38.345727312185502 ], [ -85.706415285333179, 38.345766498974037 ], [ -85.706414878805617, 38.345767310767876 ], [ -85.706374876869475, 38.34580731129612 ], [ -85.706344878639612, 38.345837310784496 ], [ -85.706294876684055, 38.345867312200802 ], [ -85.706214876366346, 38.345927313050304 ], [ -85.70619944136503, 38.345942750746829 ], [ -85.706201047409593, 38.345931772938819 ], [ -85.70613383834332, 38.345996427375589 ], [ -85.706121196888333, 38.346113450912476 ], [ -85.706082825476102, 38.346573847684027 ], [ -85.705944879567284, 38.347206311938407 ], [ -85.705873876990168, 38.347457309871594 ], [ -85.705593878319533, 38.348296310731975 ], [ -85.705084879721241, 38.349576310916824 ], [ -85.70505387719966, 38.34964631232566 ], [ -85.704864879180249, 38.350106313148601 ], [ -85.703803880475206, 38.352736312672121 ], [ -85.703743879900301, 38.352876313791832 ], [ -85.703713877139336, 38.352966312686952 ], [ -85.702924880164829, 38.354946311994411 ], [ -85.702403878917735, 38.356267312417124 ], [ -85.702143878151219, 38.356917314461597 ], [ -85.702104878757098, 38.357026312306772 ], [ -85.70187387650688, 38.35759631398907 ], [ -85.701333877614758, 38.358926315532898 ], [ -85.701281877046867, 38.359046315426944 ], [ -85.700584880300752, 38.360787313397445 ], [ -85.700563878119056, 38.360826313987133 ], [ -85.70040487955751, 38.360787314147153 ] ], [ [ -85.70040487955751, 38.360787314147153 ], [ -85.700053877946203, 38.360697313095201 ], [ -85.698633875496967, 38.364267316363176 ], [ -85.697574877506028, 38.366686314642472 ], [ -85.697214879367593, 38.367447314448299 ], [ -85.696404877756464, 38.368967316339088 ], [ -85.695283875528546, 38.371056316346525 ], [ -85.694004874744294, 38.373447315445539 ], [ -85.692214876662234, 38.376787317999053 ], [ -85.692124878061094, 38.376957317956226 ], [ -85.691444877914492, 38.378217316845905 ], [ -85.691041875182023, 38.378947317813228 ], [ -85.690713877005578, 38.379606318423797 ], [ -85.690203877887527, 38.380387317595606 ], [ -85.689993875525246, 38.380657319657004 ], [ -85.68976387622898, 38.380976317589948 ], [ -85.689710544765049, 38.3810354493734 ], [ -85.689710544765049, 38.3810354493734 ], [ -85.68943287234633, 38.381343316823518 ], [ -85.688664877172499, 38.381087319312343 ], [ -85.687125474709845, 38.380578142173732 ], [ -85.687125748226308, 38.380578519862702 ], [ -85.68627958871329, 38.380300775664985 ], [ -85.686082409520694, 38.380236052529334 ], [ -85.685994875390477, 38.380207319292651 ], [ -85.685852748740515, 38.38045249177361 ], [ -85.685852748672545, 38.38045248834154 ], [ -85.685852748672545, 38.38045248834154 ], [ -85.685792318285564, 38.380556730939958 ], [ -85.685594874579508, 38.380897318773229 ], [ -85.684941170854415, 38.382046251525679 ], [ -85.684941964447361, 38.382046684632989 ], [ -85.685066101728651, 38.382114732646791 ], [ -85.685150601495835, 38.382161045768605 ], [ -85.685474876963852, 38.382357317321166 ], [ -85.685544875062959, 38.382407319900608 ], [ -85.685634875686731, 38.382467320690587 ], [ -85.685754874163791, 38.382557320467846 ], [ -85.685766091111276, 38.38256457722342 ], [ -85.685924874072001, 38.382667320874809 ], [ -85.685984876679015, 38.38271731884759 ], [ -85.686014877097392, 38.382737317860908 ], [ -85.686024874967657, 38.382747318684217 ], [ -85.686039348174944, 38.382759114895642 ], [ -85.686202086039813, 38.382891716786702 ], [ -85.686834877422399, 38.383407319477037 ], [ -85.686913797293215, 38.383471890639676 ], [ -85.687611030001989, 38.382940064183302 ], [ -85.687657494345942, 38.382904622196619 ], [ -85.687844438334423, 38.382762030547809 ], [ -85.688094874735242, 38.38255731971509 ], [ -85.68839487506942, 38.382307320218729 ], [ -85.688415383243751, 38.382289378521286 ], [ -85.688483492018108, 38.382229780759673 ], [ -85.68853862453831, 38.382181537086183 ], [ -85.688581762716552, 38.382143797826906 ], [ -85.688634875999895, 38.382097319397737 ], [ -85.688751107321821, 38.381996247717744 ], [ -85.689085738512389, 38.381701364851622 ], [ -85.68943287234633, 38.381343316823518 ] ], [ [ -85.74715330961665, 38.25147416675938 ], [ -85.747208704075973, 38.251422710609319 ], [ -85.747246541033405, 38.251381809298479 ], [ -85.747320789432337, 38.251287882529894 ], [ -85.747375329638558, 38.251178536923469 ], [ -85.747414852875764, 38.251099291786865 ], [ -85.747434161134422, 38.25104697306859 ], [ -85.747441310384261, 38.251027595026756 ], [ -85.747476056968125, 38.250879902931857 ], [ -85.747481308614439, 38.250857593438035 ], [ -85.747515360237571, 38.250607377974404 ], [ -85.747534884336361, 38.250367290629072 ], [ -85.747464883855613, 38.250267290016154 ], [ -85.747364884993573, 38.250197290139674 ], [ -85.747264881055472, 38.250177291330282 ], [ -85.747104883844742, 38.250187289733205 ], [ -85.747024881202691, 38.250237289878982 ], [ -85.746944882991059, 38.250317290560687 ], [ -85.746904881951238, 38.250417290485714 ], [ -85.746855868585612, 38.250704395866101 ], [ -85.746855868585612, 38.250704395866101 ], [ -85.746855868585612, 38.250704395866101 ], [ -85.746850845521706, 38.250733791464988 ], [ -85.746834884506555, 38.250827290181341 ], [ -85.746834881938497, 38.250897291723675 ], [ -85.746844881954758, 38.250957291871543 ], [ -85.74685488348868, 38.251027292214459 ], [ -85.746861921246449, 38.251051922766514 ], [ -85.746874884791609, 38.25109729141154 ], [ -85.746894881780875, 38.251167290660483 ], [ -85.746944882727107, 38.251267290476868 ], [ -85.747064370207184, 38.251411920654711 ], [ -85.74715330961665, 38.25147416675938 ] ], [ [ -85.74715330961665, 38.25147416675938 ], [ -85.747102117846936, 38.251540488657753 ], [ -85.747068886435727, 38.251569552394592 ], [ -85.747065858786542, 38.251572200254316 ], [ -85.747003629443128, 38.251626624195453 ], [ -85.746993879337964, 38.251635149624946 ], [ -85.746946694004606, 38.251669442067119 ], [ -85.74685150597557, 38.251733768222877 ], [ -85.746753570409524, 38.251793828526651 ], [ -85.746670096194947, 38.251840592002026 ], [ -85.746585060868881, 38.251884452695712 ], [ -85.746498565335784, 38.251925358561834 ], [ -85.74649351447097, 38.251927640972923 ], [ -85.746490067040583, 38.251928721900072 ], [ -85.74630325106304, 38.251999905142974 ], [ -85.745075005739594, 38.252364292836297 ], [ -85.744278000260806, 38.252749972562683 ], [ -85.74368798978341, 38.253094258693473 ], [ -85.743054880685051, 38.253536293493148 ], [ -85.74282388180626, 38.253726290963023 ], [ -85.742633880925069, 38.253947292292935 ], [ -85.742413883915063, 38.254217290695507 ], [ -85.742254883706011, 38.254487292053753 ], [ -85.742154880380724, 38.254716291475518 ], [ -85.742125927125485, 38.254806474386264 ], [ -85.741282737472673, 38.256226866696089 ], [ -85.74066997660789, 38.257097191336442 ], [ -85.740614080405706, 38.257187147435531 ], [ -85.740563931599112, 38.257280429708118 ], [ -85.740519727340867, 38.25737667142846 ], [ -85.740481641413609, 38.257475494236182 ], [ -85.740449823546655, 38.257576509623739 ], [ -85.740424398827315, 38.257679320463772 ], [ -85.7404054672092, 38.257783522570364 ], [ -85.740393103119231, 38.257888706288021 ], [ -85.740387355165026, 38.25799445810221 ], [ -85.740388245943834, 38.258100362264997 ], [ -85.7403957719537, 38.258206002429503 ], [ -85.740520348410385, 38.259406609351728 ], [ -85.740512896918247, 38.259558123266217 ], [ -85.740512137320607, 38.259709818401376 ], [ -85.74051807109673, 38.259861399341204 ], [ -85.740530686690974, 38.260012570892101 ], [ -85.740549959535329, 38.260163038657716 ], [ -85.740575852097237, 38.260312509612277 ], [ -85.740608313952691, 38.260460692671224 ], [ -85.740647281884435, 38.260607299258091 ], [ -85.740692680005054, 38.260752043866503 ], [ -85.740744419904786, 38.26089464461613 ], [ -85.740802400823682, 38.261034823801687 ], [ -85.740866509847834, 38.2611723084337 ], [ -85.741057447154375, 38.261681474037829 ], [ -85.744689600036608, 38.267941047254951 ], [ -85.745547620310646, 38.2698329244121 ], [ -85.745617551849421, 38.269994326637033 ], [ -85.745681553507239, 38.270158170727932 ], [ -85.745739540214572, 38.270324238907001 ], [ -85.745791434896816, 38.270492310440225 ], [ -85.745837168576756, 38.270662161930787 ], [ -85.745876680466239, 38.270833567615981 ], [ -85.745936510688452, 38.271043523928149 ], [ -85.746001669281895, 38.271251888191415 ], [ -85.746072113966903, 38.271458525203741 ], [ -85.746147799033764, 38.271663300883844 ], [ -85.746453883914484, 38.272246295299247 ] ], [ [ -85.747493886104607, 38.272017293560516 ], [ -85.747753886102842, 38.272477295960471 ], [ -85.748073270958344, 38.272831172102848 ], [ -85.748357402324444, 38.273059252675608 ], [ -85.748634885284801, 38.273156296188084 ], [ -85.748904883682371, 38.273136295822205 ], [ -85.749144884024659, 38.273037296144963 ], [ -85.749243885233923, 38.272947294120932 ], [ -85.749354883129001, 38.27273729360347 ], [ -85.749343887325139, 38.27251629409546 ], [ -85.749224883914451, 38.272317295597333 ], [ -85.749013886188038, 38.272186296453945 ], [ -85.748644884931878, 38.272047296283773 ], [ -85.748004885488058, 38.272027295981914 ], [ -85.747493886104607, 38.272017293560516 ] ] ] } },
{ "type": "Feature", "properties": { "OBJECTID": 18, "ROUTE_NAME": "Clarksville", "ROUTE_TYPE": "Local Route", "ROUTE_NUMBER": 72, "TARC_WEB": "https://www.ridetarc.org/bus_routes/clarksville/", "SHAPELEN": 72061.634544453904 }, "geometry": { "type": "MultiLineString", "coordinates": [ [ [ -85.763624888581106, 38.254567289939686 ], [ -85.765024889016587, 38.254687291167322 ] ], [ [ -85.747124738763333, 38.251491306455527 ], [ -85.747599882919673, 38.251789292672669 ], [ -85.747773882586742, 38.251887290109835 ], [ -85.747993884653525, 38.25198629016058 ], [ -85.74812388353665, 38.252047291409411 ], [ -85.748253883188639, 38.252096290872778 ], [ -85.7485048854589, 38.252147290843133 ], [ -85.74914488373318, 38.252206291532211 ], [ -85.750643883010142, 38.2523462924621 ], [ -85.75154388498926, 38.252436292687335 ], [ -85.752223884225998, 38.252507292606808 ], [ -85.75310488536725, 38.252607292029694 ], [ -85.753873885805746, 38.25268729162714 ], [ -85.755444886712681, 38.252877290442179 ], [ -85.757111887022532, 38.253063289977888 ], [ -85.758793888630407, 38.253246291332857 ], [ -85.759513885308735, 38.253327292092841 ], [ -85.75956488603687, 38.253337292283064 ], [ -85.75976488690246, 38.253356290163509 ], [ -85.759833885285289, 38.253366291026353 ], [ -85.760424889470016, 38.253446289672773 ], [ -85.760453888568321, 38.253446292268315 ], [ -85.762104887688025, 38.253626289655017 ], [ -85.762134888195121, 38.25362629260102 ], [ -85.762544886191648, 38.253667290967549 ], [ -85.762663886736121, 38.253667291194205 ], [ -85.762944886551409, 38.253636290712706 ], [ -85.76381488874874, 38.253497290427312 ], [ -85.76437389071387, 38.253397291633533 ], [ -85.764704889814453, 38.253356290601658 ], [ -85.764894888049156, 38.253346290978811 ], [ -85.765263891289379, 38.253336289489667 ], [ -85.765524890147702, 38.253376292368095 ], [ -85.765434889282091, 38.253777291507809 ], [ -85.765294888260186, 38.254417290441069 ], [ -85.765223889216145, 38.254716289555873 ], [ -85.765024889016587, 38.254687291167322 ] ], [ [ -85.762653891725776, 38.313617302665236 ], [ -85.761543894118262, 38.314206302174128 ], [ -85.761393890598157, 38.314286303515104 ], [ -85.76074489410982, 38.314646302109367 ], [ -85.760313891233451, 38.314887302954816 ], [ -85.760244889782342, 38.31502630179488 ], [ -85.760304894215281, 38.315106303705548 ], [ -85.760983891448689, 38.31580630141449 ], [ -85.761403892265733, 38.316247302102553 ], [ -85.762724891712551, 38.317726302342052 ], [ -85.76305389549745, 38.318107303148828 ], [ -85.763264893760223, 38.318287304148527 ], [ -85.763994892533177, 38.318647302083988 ], [ -85.764313894092396, 38.318866304734726 ], [ -85.764744892733589, 38.319316303508074 ], [ -85.765033892610418, 38.319637304720395 ], [ -85.765543895479226, 38.320197305017167 ], [ -85.765974892777407, 38.320666304182616 ], [ -85.766327894030312, 38.32104730409722 ], [ -85.76663389551571, 38.321381304645008 ], [ -85.767123895186998, 38.321946302078992 ], [ -85.767616897231335, 38.3224903038452 ], [ -85.767883893954419, 38.322736302787405 ], [ -85.768124894603389, 38.322906303745924 ], [ -85.768664894550454, 38.323167303670566 ], [ -85.768804897269661, 38.323247305726852 ], [ -85.768934895185296, 38.323347304064214 ], [ -85.769133895369521, 38.323456302825761 ] ], [ [ -85.767703892861462, 38.325317302916048 ], [ -85.767463895901983, 38.32538730572729 ], [ -85.767193895339645, 38.325436303305921 ], [ -85.765803892704653, 38.325567304887713 ], [ -85.765403892172941, 38.325667304826858 ], [ -85.765213894056672, 38.325747303864262 ], [ -85.765123893954069, 38.325796304880924 ], [ -85.765083896445802, 38.325816305172232 ], [ -85.765014895466308, 38.325857306415166 ], [ -85.764254893688843, 38.326266304085138 ], [ -85.764053895383114, 38.326377305811562 ], [ -85.763233891642528, 38.32683730448926 ], [ -85.762353893085802, 38.327326305837289 ], [ -85.761403892106756, 38.327866305660677 ], [ -85.760964894247294, 38.328107304448132 ], [ -85.760604893380219, 38.328306305338756 ], [ -85.760114893456404, 38.328586305726759 ], [ -85.760913895102306, 38.329506305720457 ], [ -85.761363891944541, 38.330026305858432 ], [ -85.762213893142373, 38.331026305130734 ], [ -85.762693895274552, 38.331586307591515 ], [ -85.762864893738637, 38.331746304893763 ], [ -85.76307389618502, 38.33162730616467 ], [ -85.76341389370792, 38.331447307518367 ], [ -85.763603892256143, 38.331347304510636 ], [ -85.763904894065121, 38.331186305889005 ], [ -85.764603894388955, 38.330797305554654 ], [ -85.764963894720765, 38.330586304614371 ], [ -85.765334895920091, 38.330367305388343 ], [ -85.765623896238083, 38.330206306715304 ], [ -85.764434894012126, 38.328866306633401 ], [ -85.764853892849402, 38.328627304675955 ], [ -85.765704894148968, 38.328136305510611 ], [ -85.766583896016996, 38.327676303551911 ], [ -85.766904895463668, 38.327477305970007 ], [ -85.767123895786114, 38.327316305235719 ], [ -85.7674948958214, 38.326937303030256 ], [ -85.767684894344939, 38.32665730388684 ], [ -85.76775389438437, 38.326516302864235 ], [ -85.767793895747801, 38.326426303887722 ], [ -85.767883893820368, 38.326117303408566 ], [ -85.767894896851686, 38.325937305195126 ], [ -85.767873895328734, 38.325757303680057 ], [ -85.767703892861462, 38.325317302916048 ] ], [ [ -85.769133895369521, 38.323456302825761 ], [ -85.769223896272891, 38.323687303408548 ], [ -85.769263895921725, 38.323857304880164 ], [ -85.769223897216264, 38.324076304190093 ], [ -85.769124896954622, 38.324337303269573 ], [ -85.768794895348762, 38.324716303686024 ], [ -85.768653897502347, 38.324777305567906 ], [ -85.768093895906304, 38.325096303715341 ], [ -85.767703892861462, 38.325317302916048 ] ], [ [ -85.762653891725776, 38.313617302665236 ], [ -85.762793890958861, 38.31369730143745 ], [ -85.761644890377823, 38.314347302015307 ], [ -85.760424890261234, 38.315037302777547 ], [ -85.761114891907155, 38.315767302229865 ], [ -85.7615048923888, 38.316186304146662 ], [ -85.762843892068787, 38.317657304998903 ], [ -85.763323892912879, 38.318166304942594 ], [ -85.764085893978219, 38.318557302890532 ], [ -85.76440389361575, 38.318766304373419 ], [ -85.76486389545029, 38.319226304776883 ], [ -85.76516489207566, 38.319537304524701 ], [ -85.765683893944654, 38.320116302223695 ], [ -85.76610689564032, 38.320580303221689 ], [ -85.766443891578135, 38.320966302754975 ], [ -85.766774896288936, 38.321316302257124 ], [ -85.767274893371962, 38.321846304368435 ], [ -85.76777489346135, 38.322396304701151 ], [ -85.767994892171075, 38.322597303441327 ], [ -85.768233893276303, 38.322766303688375 ], [ -85.768494896604636, 38.322916304687958 ], [ -85.768764894889372, 38.323036304468985 ], [ -85.768956894289943, 38.323177303700582 ], [ -85.769043895055262, 38.323266305270501 ], [ -85.769133895369521, 38.323456302825761 ] ], [ [ -85.758433891326163, 38.295707299092385 ], [ -85.758613890453816, 38.295846299861168 ], [ -85.758693891806487, 38.295897300312468 ], [ -85.759243889720196, 38.29627629916471 ], [ -85.759434890202272, 38.296407298594367 ], [ -85.75970489094243, 38.296626300474912 ], [ -85.759873891404794, 38.296787299034889 ], [ -85.760124889394746, 38.297086299807674 ], [ -85.760574890507797, 38.297667299033336 ], [ -85.76087489181603, 38.298076298554768 ], [ -85.76113389013851, 38.298427299132207 ], [ -85.761414892176376, 38.298826299049438 ], [ -85.76171389062452, 38.299246298330843 ], [ -85.761864892415502, 38.299467301462776 ], [ -85.762023890017744, 38.29969629929041 ], [ -85.76219489290601, 38.299927300896869 ], [ -85.762314893508858, 38.300097299576613 ], [ -85.762364891689316, 38.30016630029963 ], [ -85.762793892300664, 38.300757298851309 ], [ -85.763134890610871, 38.301246299112989 ], [ -85.763333889978384, 38.30150629866467 ], [ -85.763603892326032, 38.301846299889405 ], [ -85.763264891554911, 38.302036299137626 ], [ -85.762923890060037, 38.302216299057932 ], [ -85.761403891689355, 38.303067298994918 ], [ -85.760083889950806, 38.30380729940164 ], [ -85.759934889871616, 38.303897300175386 ], [ -85.758783890226823, 38.304537300739611 ], [ -85.757874888871598, 38.305067300193755 ], [ -85.757694891601375, 38.305147299533715 ], [ -85.757414889791448, 38.305237301242364 ], [ -85.757223889055595, 38.305276301331048 ], [ -85.756043891051149, 38.30538629930895 ], [ -85.755823890753192, 38.305396301919927 ], [ -85.755603889851187, 38.305356299844789 ], [ -85.755413890961464, 38.305306302117572 ], [ -85.755000890353699, 38.305116300083235 ], [ -85.754753887259824, 38.305077299811984 ], [ -85.754373890902841, 38.305057302640506 ], [ -85.753674890911029, 38.305026300379829 ], [ -85.753153887985221, 38.305006300670243 ], [ -85.753073890528668, 38.306247301810714 ], [ -85.753253889189992, 38.306397299719293 ], [ -85.753774891189281, 38.307047302607074 ], [ -85.753954889949682, 38.307266301626086 ], [ -85.754184888926773, 38.307567301598887 ], [ -85.755093888383584, 38.308906301879944 ], [ -85.756194891747271, 38.310107302424278 ], [ -85.756483889864697, 38.310297302477018 ], [ -85.759664890520142, 38.311997303192086 ], [ -85.760453889758566, 38.312447303487708 ], [ -85.761713893146762, 38.313096302608685 ], [ -85.762653891725776, 38.313617302665236 ] ], [ [ -85.755354889069153, 38.293676297932841 ], [ -85.755574887021666, 38.293756300845622 ], [ -85.755873889392049, 38.293946300050067 ], [ -85.75623389017305, 38.294187298353449 ], [ -85.756673890487292, 38.294476300433843 ], [ -85.756903891091426, 38.294627299222945 ], [ -85.757083889348792, 38.294727300554854 ], [ -85.757133888888234, 38.294756299258637 ], [ -85.75733489029065, 38.294897300267223 ], [ -85.757623891874616, 38.29508730049686 ], [ -85.757914891038595, 38.295276299293569 ], [ -85.758144891178205, 38.295437299316674 ], [ -85.758253891610877, 38.295517298143039 ], [ -85.758433891326163, 38.295707299092385 ] ], [ [ -85.755354889069153, 38.293676297932841 ], [ -85.755484890309603, 38.293817300044651 ], [ -85.755804887421945, 38.294046298465666 ], [ -85.756154887125177, 38.294287298862386 ], [ -85.756323891193929, 38.294406300237632 ], [ -85.756593887090688, 38.294596297340462 ], [ -85.756834890854165, 38.294756299790258 ], [ -85.757004890742493, 38.294866299898189 ], [ -85.757263888165525, 38.295016299263281 ], [ -85.757814889845861, 38.295366300483025 ], [ -85.758144891384276, 38.295576299491103 ], [ -85.758433891326163, 38.295707299092385 ] ], [ [ -85.747493886104607, 38.272017293560516 ], [ -85.747303883583143, 38.272017294959014 ], [ -85.746844886569235, 38.272057293579351 ], [ -85.746544153991877, 38.272202663032417 ] ], [ [ -85.763624888581106, 38.254567289939686 ], [ -85.761973888378762, 38.25440729019062 ], [ -85.760313888974864, 38.25419728969846 ], [ -85.760283888303277, 38.254197289716792 ], [ -85.7601248880611, 38.254186290069683 ], [ -85.759984886015559, 38.254176290757755 ], [ -85.759603888362122, 38.254146292277483 ], [ -85.759413888760335, 38.254137292097738 ], [ -85.758894884726232, 38.254096290398586 ], [ -85.758674886954935, 38.254076289415003 ], [ -85.757464889100959, 38.253916292765361 ], [ -85.757284884317258, 38.25389629135902 ], [ -85.756993887060275, 38.25385729227488 ], [ -85.75536388609649, 38.253626291834543 ], [ -85.754974886260058, 38.25359729119112 ], [ -85.753833887117182, 38.253507293053943 ], [ -85.752054884515957, 38.253327290809345 ], [ -85.751394886636646, 38.25325629017037 ], [ -85.751003885986776, 38.253217291548125 ], [ -85.750404886458824, 38.253147289961966 ], [ -85.750164885289621, 38.253037291142881 ], [ -85.749584884291295, 38.252697292924715 ], [ -85.749463886008542, 38.25263629100786 ], [ -85.749447185573686, 38.252630367281775 ], [ -85.749306073589125, 38.252580293078324 ], [ -85.749105698876207, 38.252525847116999 ], [ -85.747734883711928, 38.252367292521718 ], [ -85.747574183240914, 38.252371708229283 ], [ -85.747324881389133, 38.252367290334973 ], [ -85.746924883774199, 38.252427290216914 ], [ -85.746488861193981, 38.25251690645289 ], [ -85.745074843315479, 38.253008582428535 ], [ -85.74449616296593, 38.253242467846555 ], [ -85.74397633070204, 38.253544733951784 ], [ -85.743554881916438, 38.253887292131175 ], [ -85.74318488112894, 38.254287290370677 ], [ -85.743095970920265, 38.254416617085894 ], [ -85.742964881260434, 38.254607290875242 ], [ -85.742855159155724, 38.254774488035416 ], [ -85.742754879800998, 38.254927293594818 ], [ -85.742677211637456, 38.25510482261393 ], [ -85.742614883162574, 38.255247293862432 ], [ -85.742584858465037, 38.255464956267147 ], [ -85.742553530789877, 38.255692099969181 ], [ -85.742534880510192, 38.255827291259266 ], [ -85.742524882081, 38.256187292433886 ], [ -85.742516440272212, 38.256364599223723 ], [ -85.742504884043029, 38.256607292130973 ], [ -85.742501489951891, 38.256715840953078 ], [ -85.742494881754141, 38.256927292512962 ], [ -85.74245488169116, 38.257147293122046 ], [ -85.742394881863333, 38.257387292183566 ], [ -85.742392704591978, 38.257391298799206 ], [ -85.742333156018347, 38.257500736738407 ], [ -85.742146043173562, 38.257844620553364 ], [ -85.742024880269042, 38.258067291889901 ], [ -85.741968743502909, 38.258147674132204 ], [ -85.741711590009032, 38.258515868010051 ], [ -85.741584879656344, 38.25869729407632 ], [ -85.741583382062672, 38.258700056131829 ], [ -85.74139873280248, 38.259040199569299 ], [ -85.741394881629432, 38.259047293165999 ], [ -85.741304881327565, 38.259267293155666 ], [ -85.741224884226469, 38.259647292084367 ], [ -85.741274884733727, 38.259947294709967 ], [ -85.741438988847918, 38.260537469893492 ], [ -85.741610362301628, 38.260872857708947 ], [ -85.742021528146552, 38.261577081367491 ], [ -85.746112561235762, 38.269483270670733 ], [ -85.746183882960921, 38.269626294118858 ], [ -85.746334886712347, 38.269916294987581 ], [ -85.74660388576676, 38.270436295616221 ], [ -85.746903883306501, 38.270976293628074 ], [ -85.747183886841341, 38.271446295171884 ], [ -85.747493886104607, 38.272017293560516 ] ], [ [ -85.763624888581106, 38.254567289939686 ], [ -85.76444488780605, 38.254636291394498 ], [ -85.765024889016587, 38.254687291167322 ] ], [ [ -85.747124738763333, 38.251491306455527 ], [ -85.747120680695687, 38.251480081198174 ], [ -85.746944882727107, 38.251267290476868 ], [ -85.746894881780875, 38.251167290660483 ], [ -85.746874884791609, 38.25109729141154 ], [ -85.74685488348868, 38.251027292214459 ], [ -85.746844881954758, 38.250957291871543 ], [ -85.746834881938497, 38.250897291723675 ], [ -85.746834884506555, 38.250827290181341 ], [ -85.746850845521706, 38.250733791464988 ], [ -85.746855868585612, 38.250704395866101 ], [ -85.746855868585612, 38.250704395866101 ], [ -85.746904881951238, 38.250417290485714 ], [ -85.746944882991059, 38.250317290560687 ], [ -85.747024881202691, 38.250237289878982 ], [ -85.747104883844742, 38.250187289733205 ], [ -85.747264881055472, 38.250177291330282 ], [ -85.747364884993573, 38.250197290139674 ], [ -85.747464883855613, 38.250267290016154 ], [ -85.747534884336361, 38.250367290629072 ], [ -85.747554885488825, 38.250597289765921 ], [ -85.747504884705762, 38.250857291143085 ], [ -85.747464882178633, 38.251027292795648 ], [ -85.747320723734575, 38.251270759761589 ], [ -85.747259109933651, 38.251362832105769 ], [ -85.747145175377028, 38.251482726415645 ], [ -85.747124738763333, 38.251491306455527 ] ], [ [ -85.747124738763333, 38.251491306455527 ], [ -85.747123510085331, 38.251496114619336 ], [ -85.74706444285809, 38.251575527778492 ], [ -85.747004885445165, 38.25163729147063 ], [ -85.746844882717994, 38.251777292336683 ], [ -85.746674882239731, 38.251877289784701 ], [ -85.74659900480745, 38.251901952983438 ], [ -85.746487995069728, 38.251938031174035 ], [ -85.74627488374928, 38.252007292410042 ], [ -85.745804884364006, 38.252137290761318 ], [ -85.745445640621341, 38.252249555675817 ], [ -85.745324881684752, 38.252287292109827 ], [ -85.744964885221535, 38.252437293385825 ], [ -85.744756003560511, 38.252538750321115 ], [ -85.744614885259423, 38.25260729304398 ], [ -85.744424884248261, 38.252707292485745 ], [ -85.744080269350903, 38.252892851860565 ], [ -85.74403488177019, 38.252917291535468 ], [ -85.743669979168303, 38.253178922642384 ], [ -85.743504880965787, 38.253297291087314 ], [ -85.743144881958727, 38.253597293186026 ], [ -85.743015920652795, 38.253718192458159 ], [ -85.742988567642954, 38.253743836147741 ], [ -85.742824880518967, 38.253897290980028 ], [ -85.74255030290233, 38.254226786955343 ], [ -85.742424882218728, 38.254377290744564 ], [ -85.74225488097872, 38.254657292117464 ], [ -85.742056273750009, 38.255047417148859 ], [ -85.742039626786834, 38.255080115878023 ], [ -85.741974880062514, 38.25520729294378 ], [ -85.741721722862152, 38.255664613949328 ], [ -85.741652115655427, 38.255748305842609 ], [ -85.740875541057946, 38.256813312468118 ], [ -85.740602108066909, 38.257216291896967 ], [ -85.740554498326304, 38.257289819108593 ], [ -85.740512600146843, 38.257366744272282 ], [ -85.740476654708502, 38.257446624580957 ], [ -85.740446868925332, 38.257529000216742 ], [ -85.740423414254266, 38.257613396997819 ], [ -85.740406425708272, 38.257699329107972 ], [ -85.740396001079134, 38.257786301893127 ], [ -85.740392200374515, 38.257873814708738 ], [ -85.740395045472553, 38.257961363801634 ], [ -85.740404519995892, 38.258048445209859 ], [ -85.740455417180542, 38.258760607544801 ], [ -85.740519006732939, 38.259649027361185 ], [ -85.740560574375579, 38.260053777733887 ], [ -85.74057531905153, 38.260120065294345 ], [ -85.740649340587765, 38.260548514536382 ], [ -85.740768525953101, 38.260904593957243 ], [ -85.741094883722525, 38.261667295233494 ], [ -85.741409257102063, 38.262217998973107 ], [ -85.741749736786716, 38.262814418138902 ], [ -85.741820675299337, 38.262938681098554 ], [ -85.741971920687376, 38.263203616906182 ], [ -85.743103599268963, 38.265185886495523 ], [ -85.743679218627435, 38.266194108521063 ], [ -85.743858750095356, 38.266508561091065 ], [ -85.744194883919235, 38.267097294495464 ], [ -85.744564461560842, 38.267741920122354 ], [ -85.744733814940176, 38.268037297668045 ], [ -85.744785073820367, 38.26812670187909 ], [ -85.745016006884342, 38.268660076990727 ], [ -85.745731823476135, 38.270241840755787 ], [ -85.745744885935139, 38.270277293831484 ], [ -85.745874883924017, 38.270767293430175 ], [ -85.745894885120862, 38.27086729328115 ], [ -85.745964883352485, 38.271107294125663 ], [ -85.74600488393817, 38.271227295710716 ], [ -85.746034885199265, 38.271307294113278 ], [ -85.746044884585388, 38.271347293848393 ], [ -85.746134883379867, 38.271547295165064 ], [ -85.746154886692779, 38.271627294559252 ], [ -85.746224884084924, 38.271757296581661 ], [ -85.746464885650511, 38.272117295052595 ], [ -85.746544153991877, 38.272202663032417 ], [ -85.746453883914484, 38.272246295299247 ], [ -85.746334886793193, 38.27230729542714 ], [ -85.746334886793193, 38.27230729542714 ], [ -85.746204883442132, 38.272377296841704 ], [ -85.745683884730937, 38.272626293473728 ], [ -85.745113886019041, 38.272906296456554 ], [ -85.744833884008031, 38.273037296964922 ], [ -85.744734886638398, 38.273086295390634 ], [ -85.74451388631617, 38.273187294886959 ], [ -85.743533882944149, 38.27366729590986 ], [ -85.743464881726965, 38.273696293875794 ], [ -85.74289388274768, 38.273997294487174 ], [ -85.742683882933406, 38.274097295067463 ], [ -85.742643886097397, 38.274117294948262 ], [ -85.74230488475466, 38.274284296006165 ], [ -85.742514884818405, 38.274557296401305 ], [ -85.742673882044201, 38.274766295343532 ], [ -85.742953883761885, 38.275126294380946 ], [ -85.743003882027651, 38.275187297490739 ], [ -85.743234886614218, 38.275496297319663 ], [ -85.743916883114608, 38.276385294958168 ], [ -85.744213882695817, 38.27676629621363 ], [ -85.745184885659768, 38.278026296579839 ], [ -85.74520388488979, 38.278057296712461 ], [ -85.745404884057194, 38.2782962974753 ], [ -85.745683883925494, 38.278646295947865 ], [ -85.74592388315925, 38.278947296859606 ], [ -85.746174884702825, 38.279256295925585 ], [ -85.74638488536371, 38.279546296408292 ], [ -85.746514886876255, 38.279706295824759 ], [ -85.746543884740731, 38.27974629589179 ], [ -85.746574887495342, 38.279796297918082 ], [ -85.746643885925295, 38.279886298010311 ], [ -85.746763886412438, 38.280086295549459 ], [ -85.746884885402039, 38.280376295558881 ], [ -85.747093888074588, 38.280906298259282 ], [ -85.747233884930324, 38.281266296075067 ], [ -85.74732388540815, 38.281497295966304 ], [ -85.74744388693729, 38.281757297344477 ], [ -85.747543887920642, 38.281996298126337 ], [ -85.74767388733396, 38.282297297868951 ], [ -85.747813887027789, 38.282667295149622 ], [ -85.747903884705309, 38.282896296662067 ], [ -85.747933884243594, 38.282976298014958 ], [ -85.748023884080141, 38.283177296839334 ], [ -85.748123884574667, 38.283416297141606 ], [ -85.748324885274755, 38.283886296201985 ], [ -85.748364885608922, 38.283966296221486 ], [ -85.748473887150794, 38.28421629669468 ], [ -85.748594885121221, 38.284496298236071 ], [ -85.748663886261099, 38.284686298957169 ], [ -85.748713886372016, 38.284817297516533 ], [ -85.748803887783509, 38.285036298120417 ], [ -85.748824886120175, 38.285097296614261 ], [ -85.748954886521304, 38.285457297049504 ], [ -85.749063885431113, 38.285717297198872 ], [ -85.749303888077549, 38.286316298810476 ], [ -85.74934388651188, 38.286427298058051 ], [ -85.749373885863136, 38.286537296158969 ], [ -85.749383885374854, 38.286627296490622 ], [ -85.749383886112142, 38.286836297848566 ], [ -85.749354888690149, 38.287106297174056 ], [ -85.749333887158343, 38.287237296777711 ], [ -85.749283887422081, 38.287646297872769 ], [ -85.749253889396385, 38.287957299381603 ], [ -85.74922488851702, 38.288237298850383 ], [ -85.74915388517573, 38.288777299398866 ], [ -85.749134888243347, 38.288976297075955 ], [ -85.749103885841663, 38.289207299653597 ], [ -85.749063885806919, 38.289456299866899 ], [ -85.749234888039197, 38.289567297164055 ], [ -85.750854885663472, 38.290648299133615 ], [ -85.751654889237798, 38.291176297370761 ], [ -85.752284886528727, 38.291596298887995 ], [ -85.752564888459162, 38.291786300041096 ], [ -85.752943888453117, 38.292036298597054 ], [ -85.753494890761644, 38.292426299866221 ], [ -85.753893889095053, 38.292686299191381 ], [ -85.754603887344331, 38.293156299973525 ], [ -85.754904889944328, 38.293357299053696 ], [ -85.755354889069153, 38.293676297932841 ] ], [ [ -85.747493886104607, 38.272017293560516 ], [ -85.747753886102842, 38.272477295960471 ], [ -85.747993884349228, 38.272906297231579 ], [ -85.748353884383562, 38.27308629454307 ], [ -85.748634885284801, 38.273156296188084 ], [ -85.748904883682371, 38.273136295822205 ], [ -85.749144884024659, 38.273037296144963 ], [ -85.749243885233923, 38.272947294120932 ], [ -85.749354883129001, 38.27273729360347 ], [ -85.749343887325139, 38.27251629409546 ], [ -85.749224883914451, 38.272317295597333 ], [ -85.749013886188038, 38.272186296453945 ], [ -85.748644884931878, 38.272047296283773 ], [ -85.748004885488058, 38.272027295981914 ], [ -85.747493886104607, 38.272017293560516 ] ] ] } },
{ "type": "Feature", "properties": { "OBJECTID": 19, "ROUTE_NAME": "Bluegrass Circulator", "ROUTE_TYPE": "Limited Trip Service", "ROUTE_NUMBER": 75, "TARC_WEB": "https://www.ridetarc.org/bus_routes/bluegrass-circulator/", "SHAPELEN": 60642.018711798701 }, "geometry": { "type": "MultiLineString", "coordinates": [ [ [ -85.595743834328275, 38.212116291586646 ], [ -85.595904837133403, 38.212326292529312 ], [ -85.596274837430727, 38.212727291907981 ], [ -85.598233837498583, 38.21152629133978 ], [ -85.597823835217241, 38.211156292083764 ], [ -85.597683835584661, 38.211007290542831 ], [ -85.597013833950342, 38.211396291046078 ], [ -85.595743834328275, 38.212116291586646 ] ], [ [ -85.581774833826913, 38.216407291022442 ], [ -85.581903830503478, 38.216436292968616 ], [ -85.582014834177258, 38.216497291971095 ], [ -85.582163834286433, 38.216597290748417 ], [ -85.582274834970733, 38.216687290500865 ], [ -85.582573831099523, 38.216996293779346 ], [ -85.582873833452979, 38.217336290584065 ], [ -85.583274834559163, 38.217757292260295 ], [ -85.58369383171663, 38.218227293885896 ], [ -85.584153831626253, 38.218796293127362 ], [ -85.584593832276639, 38.21855729247828 ], [ -85.585133833571419, 38.218297290704839 ], [ -85.585474833392439, 38.218127290342878 ], [ -85.586004833553901, 38.217867292449391 ], [ -85.586954835617107, 38.217487292430498 ], [ -85.588413835205458, 38.216916294008335 ], [ -85.588944834063994, 38.216677290604011 ], [ -85.58932383264424, 38.216497292660414 ], [ -85.589803835473319, 38.216247291227432 ], [ -85.590363836007995, 38.215926290388687 ], [ -85.591063835850377, 38.215486291094301 ], [ -85.59159483476509, 38.215006290347475 ], [ -85.592004834817303, 38.214607290216158 ], [ -85.592143834817321, 38.214476289556451 ], [ -85.592224836553385, 38.214396292006334 ], [ -85.592574835897921, 38.214077289605754 ], [ -85.592934835233365, 38.213766289841011 ], [ -85.593583833350024, 38.21323629183938 ], [ -85.593943834170048, 38.212966291216013 ], [ -85.594453836206981, 38.212596292075176 ], [ -85.594673836742217, 38.212467290437253 ], [ -85.595313834320791, 38.212066291070663 ], [ -85.595533835634143, 38.211917291191746 ], [ -85.595743834328275, 38.212116291586646 ] ], [ [ -85.581774833826913, 38.216407291022442 ], [ -85.581353832849757, 38.216227291073849 ], [ -85.581083833226103, 38.21614729097378 ], [ -85.580853831054299, 38.216106291769336 ], [ -85.58060483387338, 38.216096291245663 ], [ -85.580403831093832, 38.216106292430347 ], [ -85.580214830051972, 38.216127292763431 ], [ -85.579963832493405, 38.216186293908791 ], [ -85.579794830229403, 38.216247292169797 ], [ -85.579444832515563, 38.216427292542228 ], [ -85.579193829659999, 38.216526291954914 ], [ -85.578843832289081, 38.216616290753983 ], [ -85.578414832935323, 38.216656291699998 ], [ -85.578329202854221, 38.216650685277784 ], [ -85.576058688424212, 38.216590584432048 ], [ -85.575951334235711, 38.216588144416107 ] ], [ [ -85.581774833826913, 38.216407291022442 ], [ -85.581964831378656, 38.216536293589108 ], [ -85.582144834019061, 38.216697291053521 ], [ -85.582293833456404, 38.216847292986962 ], [ -85.582473830847562, 38.217066291933484 ], [ -85.582783834974791, 38.21744629142227 ], [ -85.583134834658622, 38.217857291155475 ], [ -85.58355383211557, 38.218346294255902 ], [ -85.584003834976642, 38.218886290598007 ], [ -85.584214834096414, 38.218956292447658 ], [ -85.585213831771227, 38.218426293079013 ], [ -85.585694832632541, 38.218186294025564 ], [ -85.586104832516, 38.218006291882752 ], [ -85.587044832294239, 38.217626292345024 ], [ -85.58768483276576, 38.217397292428942 ], [ -85.588183832833508, 38.217217292850208 ], [ -85.588574835320657, 38.217057290216921 ], [ -85.588773835546689, 38.216976292215989 ], [ -85.589074835824221, 38.216847292506792 ], [ -85.589583832428346, 38.216587292437104 ], [ -85.589974833953775, 38.216386292987686 ], [ -85.590244834366359, 38.216247292460068 ], [ -85.590763833516803, 38.215936290096053 ], [ -85.591274835533483, 38.215617292809782 ], [ -85.591663836176181, 38.215237292518928 ], [ -85.592034835480945, 38.214856292883532 ], [ -85.592454834019406, 38.21447629048243 ], [ -85.593153835129968, 38.213877292255326 ], [ -85.593763835421242, 38.213416289834598 ], [ -85.594233837432043, 38.213077291133068 ], [ -85.594663836005623, 38.212797288883138 ], [ -85.594824835517272, 38.212686292387701 ], [ -85.595743834328275, 38.212116291586646 ] ], [ [ -85.575951334235711, 38.216588144416107 ], [ -85.57233482938409, 38.216587292165229 ], [ -85.571403829692301, 38.215237290635656 ], [ -85.570683829903146, 38.21409629122401 ], [ -85.569883829294085, 38.212766292426025 ], [ -85.569383826850114, 38.212066293833601 ], [ -85.569113829545159, 38.211747293719988 ], [ -85.5688148299716, 38.211496292901799 ], [ -85.568383830086447, 38.211297290143534 ], [ -85.565733827965545, 38.210226292501808 ], [ -85.564153825087459, 38.209606291498375 ], [ -85.563104826674504, 38.209186289844673 ], [ -85.561233827183372, 38.208436293330919 ], [ -85.560684826200657, 38.208317290028205 ], [ -85.560063826239215, 38.208217293350813 ], [ -85.559113823103672, 38.208137289926327 ], [ -85.558363826360818, 38.208076293391564 ], [ -85.557643824224087, 38.208066291139254 ], [ -85.556973822270379, 38.208186290292829 ], [ -85.556163826414632, 38.20837629329926 ], [ -85.554612822130679, 38.208767292852841 ], [ -85.552794823588627, 38.209236290890743 ], [ -85.551013822851687, 38.209696293267768 ], [ -85.55053382340877, 38.20978629329273 ], [ -85.55003382497857, 38.209837293602476 ], [ -85.54960482417637, 38.209847292182481 ], [ -85.549294824059686, 38.209816291031728 ], [ -85.548963821254119, 38.2097262921666 ], [ -85.548693821574602, 38.209636293372071 ], [ -85.548333821853987, 38.209526292805272 ], [ -85.547904820990979, 38.209456292591049 ], [ -85.547534822589924, 38.209436293696612 ], [ -85.547264822893879, 38.209456290834446 ], [ -85.547044822756078, 38.2094872936459 ], [ -85.546703822358054, 38.209546293034101 ], [ -85.546303821430925, 38.209677291833749 ], [ -85.545843820505596, 38.209866291007003 ], [ -85.545493819871723, 38.210017291305135 ], [ -85.545213822688964, 38.21011729446591 ], [ -85.544913820182586, 38.210187292537363 ], [ -85.544574820353176, 38.21025629083951 ], [ -85.544093821948138, 38.210367294732606 ], [ -85.543524819675838, 38.210406292711447 ], [ -85.542823822366415, 38.210346294135292 ], [ -85.542483821909855, 38.210297292869924 ], [ -85.542033820499583, 38.210156292393457 ], [ -85.541572417058887, 38.210028979589723 ], [ -85.541406424067091, 38.210013048934222 ], [ -85.541239908291615, 38.210004107143114 ], [ -85.541073163856552, 38.210002170010675 ], [ -85.540906485289852, 38.210007240958547 ], [ -85.54074016700315, 38.21001931102969 ], [ -85.54057450277169, 38.210038358904214 ], [ -85.540409785215431, 38.210064350937031 ], [ -85.538777376431014, 38.21029534308007 ], [ -85.538089098686811, 38.210329163888353 ], [ -85.537347372574175, 38.210322327766718 ], [ -85.535990576074298, 38.210268746600825 ], [ -85.535776837427051, 38.210269351620298 ], [ -85.53556323285477, 38.210276945175316 ], [ -85.535349990797968, 38.21029151914491 ], [ -85.535137339309472, 38.210313057942876 ], [ -85.53492550581052, 38.210341538534436 ], [ -85.534714716847517, 38.210376930460882 ], [ -85.534505197849839, 38.21041919587212 ], [ -85.534430726256218, 38.210433056775578 ], [ -85.534409696020674, 38.210437579252961 ] ], [ [ -85.534423692355475, 38.210479903394813 ], [ -85.534513817550575, 38.210686293878446 ], [ -85.534574820227988, 38.210907292330312 ], [ -85.534723819316937, 38.211537294448483 ], [ -85.535043820219627, 38.213126294111575 ], [ -85.535093818562387, 38.21334729327284 ], [ -85.53558381981945, 38.214816295235913 ], [ -85.536154819420545, 38.216546295233115 ], [ -85.536273819479021, 38.21702729323821 ], [ -85.536285932758091, 38.21706954178498 ], [ -85.535168191497348, 38.217222026051495 ], [ -85.535015029790401, 38.217235984831461 ], [ -85.534861383737947, 38.217242785315193 ], [ -85.534707587713385, 38.217242412703065 ], [ -85.534553976416461, 38.217234867805992 ], [ -85.534400884144944, 38.217220167043614 ], [ -85.534248644067048, 38.217198342408565 ], [ -85.534097587496404, 38.217169441396884 ], [ -85.533978713627036, 38.217139399419786 ], [ -85.533861404436152, 38.217103733316257 ], [ -85.533745925848336, 38.217062523936676 ], [ -85.533632539638461, 38.217015864697323 ], [ -85.533521502838227, 38.21696386136859 ], [ -85.533413067153518, 38.216906631835222 ], [ -85.53295322002181, 38.216635626781468 ], [ -85.532845814991816, 38.216583168972242 ], [ -85.532735528888168, 38.216537075181371 ], [ -85.532622738406971, 38.216497502848014 ], [ -85.532507828798359, 38.216464587136471 ], [ -85.532382315562558, 38.216439040028618 ], [ -85.532255656710518, 38.216419967475531 ], [ -85.532128186002893, 38.216407419735596 ], [ -85.532000239339652, 38.216401429873535 ], [ -85.531872153874986, 38.216402013673346 ], [ -85.531744267128829, 38.216409169596631 ], [ -85.531616916097477, 38.216422878786723 ], [ -85.531064815294982, 38.216536294380887 ], [ -85.531953817472242, 38.21861629393711 ], [ -85.532313818645591, 38.219297293546845 ], [ -85.532385931036359, 38.219420692860041 ], [ -85.532463334493841, 38.219540843982259 ], [ -85.532545882960434, 38.219657520192605 ], [ -85.532633420670152, 38.219770501327226 ], [ -85.532725782442412, 38.219879574194721 ], [ -85.532822793993844, 38.219984532978479 ], [ -85.53292427226711, 38.220085179625002 ], [ -85.533030025776299, 38.220181324217634 ], [ -85.533139854968312, 38.220272785334963 ], [ -85.533253552599348, 38.220359390393099 ], [ -85.533804817794007, 38.22073729399721 ], [ -85.535304821506685, 38.221666296251009 ], [ -85.536234818088275, 38.221007296112745 ], [ -85.536893819258623, 38.220537295368125 ], [ -85.536982360417326, 38.220466697624047 ], [ -85.537048965775483, 38.22042426663549 ], [ -85.537111874332339, 38.220376525919114 ], [ -85.537170663855036, 38.220323795903504 ], [ -85.537224939757067, 38.220266430504651 ], [ -85.537274337746652, 38.220204814750574 ], [ -85.537318526271847, 38.220139362197031 ], [ -85.537357208745874, 38.220070512151793 ], [ -85.537390125537726, 38.219998726726118 ], [ -85.537417055714798, 38.219924487733067 ], [ -85.53743781852576, 38.219848293453715 ], [ -85.537459612407005, 38.219680070182768 ], [ -85.537475434347996, 38.219511180549198 ], [ -85.537485264494038, 38.219341836490024 ], [ -85.537489090509411, 38.219172250512564 ], [ -85.537486907592921, 38.219002635427671 ], [ -85.537478718483868, 38.218833204082756 ], [ -85.537464533458632, 38.218664169094644 ], [ -85.537444370317814, 38.218495742582782 ], [ -85.5374182543638, 38.218328135903043 ], [ -85.537094820547182, 38.217086293647668 ], [ -85.538163819546497, 38.217006295106373 ], [ -85.538423819840901, 38.216986295851747 ], [ -85.538804818733965, 38.217006295247231 ], [ -85.539013819627229, 38.217016294443859 ], [ -85.539733822562724, 38.217037294693618 ], [ -85.539971566652937, 38.217045755952455 ], [ -85.540738780495673, 38.217044192807869 ], [ -85.540914818776784, 38.21706629342863 ], [ -85.541094821236129, 38.21711729578935 ], [ -85.541324820742844, 38.217207294774461 ], [ -85.541644819132031, 38.217407295551823 ], [ -85.541774822052744, 38.21752629542145 ], [ -85.541893820608522, 38.217667294527189 ], [ -85.542033822155574, 38.217886295870116 ], [ -85.542103820908807, 38.218047294504927 ], [ -85.54213481977574, 38.21818629448925 ], [ -85.542174823158547, 38.218467294468944 ], [ -85.542203818799862, 38.219037294594024 ], [ -85.542264821516625, 38.219487295045383 ], [ -85.54235481985846, 38.219747295425179 ], [ -85.542483819677102, 38.219937293680779 ], [ -85.542523822759705, 38.220007293004663 ], [ -85.542684820427439, 38.220177293969151 ], [ -85.542854822974633, 38.220316295853138 ], [ -85.543193820666616, 38.220506295043371 ], [ -85.543354821466025, 38.22056729500612 ], [ -85.543534820501236, 38.220616295818026 ], [ -85.543723820015771, 38.220647294265873 ], [ -85.543953822820754, 38.220666293250147 ], [ -85.544114821665502, 38.22066629375994 ], [ -85.544323822207872, 38.22064729652989 ], [ -85.544453821826096, 38.220627293707736 ], [ -85.544803822695727, 38.22053729571136 ], [ -85.545273822191206, 38.220396295307367 ], [ -85.54590382186133, 38.220246294286511 ], [ -85.546404821710709, 38.220156293853513 ], [ -85.546793824476552, 38.220136295546787 ], [ -85.547153821024139, 38.220156295221464 ], [ -85.54807482220825, 38.220287292850976 ], [ -85.549123824815723, 38.220447294649944 ], [ -85.550194823841707, 38.220606293732942 ], [ -85.551203823780199, 38.220756293420159 ], [ -85.552333822557657, 38.220927296354269 ], [ -85.552752824272332, 38.220993293763776 ], [ -85.553104824707191, 38.2210872944896 ], [ -85.553133823819948, 38.221097293411624 ], [ -85.553803825225515, 38.221277295062229 ], [ -85.554334823662188, 38.221421293919249 ], [ -85.554493826780813, 38.221476293452753 ], [ -85.555060684336524, 38.221642572702194 ], [ -85.555119176305723, 38.221664083363251 ], [ -85.555175943897154, 38.221689802219458 ], [ -85.555230684823599, 38.221719592318017 ], [ -85.555283107589858, 38.22175329502678 ], [ -85.555581912300468, 38.222053068735789 ], [ -85.555623824651732, 38.222097295889149 ], [ -85.556044826613842, 38.22258629432573 ], [ -85.556118453855618, 38.222654975806094 ], [ -85.556176761820566, 38.222697498385742 ], [ -85.556238375905025, 38.222735070891012 ], [ -85.556302876904425, 38.222767437689335 ], [ -85.556369825972425, 38.222794378566277 ], [ -85.556438767606735, 38.222815710223841 ], [ -85.556509232748226, 38.222831287527534 ], [ -85.556580741972269, 38.222841004493837 ], [ -85.556652808750556, 38.222844795011298 ], [ -85.556724942761392, 38.22284263329032 ], [ -85.55764840211171, 38.22277846282477 ], [ -85.559623825077523, 38.222586293630364 ], [ -85.561143825177439, 38.222496294801566 ], [ -85.562884825306284, 38.222506293024161 ], [ -85.563825369355484, 38.222475365645394 ], [ -85.565841904847389, 38.22237666483943 ], [ -85.568544828193481, 38.222236293152555 ], [ -85.56961126138853, 38.222178511145088 ], [ -85.571089283420321, 38.222137943702286 ], [ -85.572145778278326, 38.222163099884419 ], [ -85.57294168732821, 38.222205061650548 ], [ -85.573119897081881, 38.222220635544389 ], [ -85.574583811080515, 38.22234786583909 ], [ -85.574963832877856, 38.222386292815877 ], [ -85.575397574940965, 38.222416597570238 ], [ -85.576132118802178, 38.222435904482303 ], [ -85.577106292881425, 38.222414106942153 ], [ -85.577202099649739, 38.222403137636398 ], [ -85.577296961205562, 38.222385801323433 ], [ -85.57739045489997, 38.222362175243994 ], [ -85.577482164178392, 38.222332364662392 ], [ -85.577571680436606, 38.22229650239759 ], [ -85.577743833105643, 38.222206292310013 ], [ -85.578153831173424, 38.221956294885388 ], [ -85.578923833620195, 38.221496294705034 ], [ -85.579743833381187, 38.221026293166055 ], [ -85.577774830597235, 38.218606292290161 ], [ -85.577334833074843, 38.218027291693595 ], [ -85.57730092130987, 38.217984990669741 ], [ -85.577262622838745, 38.21794661604882 ], [ -85.577220389258912, 38.21791262032621 ], [ -85.57717471856877, 38.217883404363384 ], [ -85.577126149295495, 38.217859312661162 ], [ -85.577075254145001, 38.217840629297498 ], [ -85.577022633248816, 38.217827574577797 ], [ -85.576968907087661, 38.217820302437111 ], [ -85.576550365800429, 38.217811749987526 ], [ -85.576492785971197, 38.21780480149873 ], [ -85.576436447425479, 38.21779102882666 ], [ -85.576382155956736, 38.217770628957744 ], [ -85.576330688079722, 38.217743893665244 ], [ -85.576282779924156, 38.217711205336109 ], [ -85.576239116706191, 38.217673031501789 ], [ -85.576200322927832, 38.217629918151296 ], [ -85.576166953444968, 38.217582481922065 ], [ -85.575956523198954, 38.217055141877452 ], [ -85.575948219149126, 38.216938916657611 ], [ -85.57594770690406, 38.216662387215344 ], [ -85.575951334235711, 38.216588144416107 ] ], [ [ -85.534423692355475, 38.210479903394813 ], [ -85.534319504105781, 38.210500630802613 ], [ -85.534041561326305, 38.210562232510121 ], [ -85.533640316526174, 38.210664773802932 ], [ -85.533597283498921, 38.210675178273021 ], [ -85.533163888565753, 38.210815139411018 ], [ -85.532781794538437, 38.210941394194549 ], [ -85.532121515825295, 38.211192762122423 ], [ -85.531749521037966, 38.211343698054641 ], [ -85.531396822623108, 38.211492512290945 ], [ -85.531234059515953, 38.211559633682569 ], [ -85.531069665681358, 38.211622655721605 ], [ -85.53090374434683, 38.211681538834746 ], [ -85.530736399699109, 38.211736246047622 ], [ -85.53053035141474, 38.211799776151778 ], [ -85.529766449265267, 38.212001251654051 ], [ -85.52859438309784, 38.212273941978822 ], [ -85.528266134874684, 38.212335943487865 ], [ -85.527746390881404, 38.212419109848405 ], [ -85.527235124868412, 38.212468810374077 ], [ -85.526976837733983, 38.212471636195659 ], [ -85.526424813682326, 38.212406294504063 ], [ -85.525963816935359, 38.212306292711538 ], [ -85.52580780819801, 38.212272725380586 ], [ -85.525647223977799, 38.212212974003151 ], [ -85.525179754598057, 38.212020692773763 ], [ -85.524488752147676, 38.211706382244088 ], [ -85.524020179106572, 38.211515804309052 ], [ -85.522723394319897, 38.210964962050312 ], [ -85.520654087543505, 38.210095919784813 ], [ -85.520559266983895, 38.210032994538587 ], [ -85.520484400585744, 38.209929581289195 ], [ -85.520991219904602, 38.210092843258785 ], [ -85.521738108201475, 38.21040367832115 ], [ -85.522379450784968, 38.210691340900333 ], [ -85.52376375076679, 38.211271272830423 ], [ -85.52447322679113, 38.211553985611296 ], [ -85.525537278695651, 38.212025725708529 ], [ -85.525916847738046, 38.212167473586931 ], [ -85.526302941461978, 38.21226766977361 ], [ -85.526572023012562, 38.212311929083647 ], [ -85.5269786122836, 38.212340378896243 ], [ -85.527187076412815, 38.212339529705275 ], [ -85.527502181475427, 38.212320348852977 ], [ -85.527992374471182, 38.212257767798654 ], [ -85.528597710397577, 38.212145293743909 ], [ -85.530088893001292, 38.211789956429357 ], [ -85.530529083665428, 38.211667838060443 ], [ -85.530871543816232, 38.211555372586965 ], [ -85.531210308095993, 38.211438659027905 ], [ -85.531724951069137, 38.211221315416999 ], [ -85.532426983753382, 38.210938976390658 ], [ -85.532807049938853, 38.21080034559062 ], [ -85.533176361660466, 38.210668985827681 ], [ -85.533565894543742, 38.210553135298312 ], [ -85.533986359015231, 38.210444093851663 ], [ -85.534242798796456, 38.210388351867103 ], [ -85.534384985320983, 38.210362856997925 ], [ -85.534423692355475, 38.210479903394813 ] ] ] } },
{ "type": "Feature", "properties": { "OBJECTID": 20, "ROUTE_NAME": "UPS UofL Shuttle", "ROUTE_TYPE": "Limited Trip Service", "ROUTE_NUMBER": 93, "TARC_WEB": "https://www.ridetarc.org/bus_routes/ups-shuttle-uofl-jctc/", "SHAPELEN": 145129.05814902202 }, "geometry": { "type": "MultiLineString", "coordinates": [ [ [ -85.750974880816244, 38.207346282061458 ], [ -85.75099388217518, 38.207507281267652 ] ], [ [ -85.75099388217518, 38.207507281267652 ], [ -85.751013881251168, 38.207857283987238 ], [ -85.751034880132295, 38.20819628144114 ], [ -85.751074882538745, 38.20866728310498 ], [ -85.751154883779947, 38.209816284652071 ], [ -85.751244881369132, 38.211017283816268 ], [ -85.751244882979478, 38.211087282203174 ], [ -85.751273879874901, 38.211606284389049 ], [ -85.751304880162408, 38.211897283640809 ], [ -85.751313882908974, 38.21232628311229 ], [ -85.751254880098799, 38.212606283745203 ], [ -85.751093882834297, 38.213496283337442 ], [ -85.751034881258946, 38.213797283305617 ], [ -85.750974883844094, 38.214196283472752 ], [ -85.751384881909416, 38.214226284645001 ], [ -85.751654883584891, 38.214257282099808 ], [ -85.751863881671909, 38.214276282852204 ], [ -85.752393881796522, 38.214347284793583 ] ], [ [ -85.75981288349351, 38.22043328542982 ], [ -85.759614885664163, 38.220727285326362 ], [ -85.759453887341763, 38.221066286571727 ], [ -85.759314884392765, 38.221746285919707 ], [ -85.759074887011465, 38.223036285073704 ] ], [ [ -85.759074887011465, 38.223036285073704 ], [ -85.759063885691049, 38.223067286320024 ], [ -85.758944883128819, 38.22379728526753 ], [ -85.758843885763497, 38.22435628470938 ], [ -85.758753884058891, 38.224836286424733 ], [ -85.758634887058165, 38.225677286661089 ], [ -85.758354884380509, 38.226957285244701 ], [ -85.758063885743667, 38.228786285627201 ], [ -85.757833885743324, 38.230156287561798 ], [ -85.757533882644225, 38.231877287336161 ], [ -85.757414884907618, 38.232547288991952 ], [ -85.757163886314885, 38.234016288754731 ], [ -85.75704388632937, 38.234736286823527 ], [ -85.756794885944856, 38.236066285899675 ], [ -85.756604883661723, 38.23708628770035 ], [ -85.756353885023003, 38.238596288046089 ], [ -85.755844883749489, 38.241527290770094 ], [ -85.755834885736292, 38.241556287540639 ], [ -85.755524883125304, 38.243317288697412 ], [ -85.755413883824303, 38.243836287796498 ], [ -85.75527388398126, 38.244597290047018 ], [ -85.755183885947247, 38.245056287893277 ], [ -85.755024883796224, 38.245876289849321 ] ], [ [ -85.753404885706175, 38.245726290690818 ], [ -85.75327488396303, 38.24636728903986 ], [ -85.753253882166689, 38.246467290493818 ], [ -85.753163884934949, 38.246956290615579 ], [ -85.753123885050314, 38.247146291467907 ], [ -85.752903886248362, 38.248406292130255 ], [ -85.753173883155782, 38.248447291333854 ], [ -85.75433388534266, 38.248596289423048 ], [ -85.754544885863893, 38.24862728991404 ], [ -85.756196888209061, 38.248797290913728 ], [ -85.757883885447171, 38.24894629109663 ], [ -85.759543885522845, 38.249136289779997 ], [ -85.760283885933475, 38.249216288662339 ], [ -85.761183886995582, 38.249326290312908 ], [ -85.761483887585413, 38.249357290447392 ], [ -85.761914888701043, 38.249406288925719 ], [ -85.762113889414948, 38.249427290163652 ], [ -85.762454887276618, 38.24946629135853 ], [ -85.762844886802455, 38.249500290074792 ], [ -85.763124888458151, 38.249537288434205 ], [ -85.76356388901371, 38.249586290500233 ], [ -85.764133889224553, 38.249646291172596 ], [ -85.764493886306724, 38.249686289719925 ], [ -85.764773890749012, 38.249717290139607 ], [ -85.765863890051833, 38.249817290359971 ], [ -85.765983891136841, 38.249177288963686 ], [ -85.76610488833515, 38.24851628867421 ], [ -85.766234887775312, 38.247706290090797 ], [ -85.76632488855924, 38.247076289941887 ], [ -85.766364889327591, 38.246856290211149 ], [ -85.765623886441091, 38.24675729006664 ], [ -85.765031887404589, 38.246675288588726 ], [ -85.763394887415785, 38.246446288048517 ], [ -85.762063887876735, 38.246346289555667 ], [ -85.761721885225896, 38.246331290012392 ], [ -85.761123889036369, 38.246297291334756 ], [ -85.7607738853402, 38.246287291401316 ], [ -85.760463888897434, 38.246266288679692 ], [ -85.76001388755806, 38.246236288514183 ], [ -85.758324886736048, 38.246107291243703 ], [ -85.757464884882111, 38.246047288519904 ], [ -85.756773884889014, 38.245996290544184 ], [ -85.756683885901111, 38.24598629113521 ], [ -85.755024883796224, 38.245876289849321 ] ], [ [ -85.753653884483356, 38.244237289777047 ], [ -85.753634883370182, 38.244397291012774 ], [ -85.753404885706175, 38.245726290690818 ] ], [ [ -85.761204885375435, 38.220586284766377 ], [ -85.761163886003516, 38.220807284918017 ], [ -85.760974886411418, 38.221817283424279 ], [ -85.76095388574457, 38.22190728302008 ], [ -85.760863885848124, 38.222466286395772 ], [ -85.76074488735479, 38.223216284517882 ] ], [ [ -85.762364887549097, 38.223376286000224 ], [ -85.762198884800227, 38.224238284508047 ], [ -85.76212388685623, 38.224697287485931 ], [ -85.762983887222077, 38.224777284265294 ], [ -85.763804884116823, 38.22485728612866 ], [ -85.7648738853065, 38.224986287006764 ], [ -85.765074887378461, 38.225026285440713 ], [ -85.765183886722625, 38.225076286631122 ], [ -85.765254884793052, 38.225127285588329 ], [ -85.765313885736319, 38.225206285129993 ], [ -85.765344885616088, 38.225296283464239 ], [ -85.765363886313466, 38.225397285758 ], [ -85.765353886320327, 38.225546286785033 ], [ -85.76521388443949, 38.226256286652216 ], [ -85.765194888939135, 38.226366285576972 ], [ -85.766094885400378, 38.226456286767949 ], [ -85.766573884925862, 38.226507286532332 ], [ -85.766843889026219, 38.22653628580067 ], [ -85.767054887880491, 38.22656728705001 ], [ -85.768704890119622, 38.226767286681401 ], [ -85.769003889516043, 38.226826285700149 ], [ -85.769154886219511, 38.226497284763475 ], [ -85.769304889009504, 38.226266284182138 ], [ -85.768013887370302, 38.225466284860133 ], [ -85.767174885104296, 38.224947286032247 ], [ -85.766504885002718, 38.224536284874581 ], [ -85.766223886048337, 38.224376284359494 ], [ -85.766133887472876, 38.22430628400987 ], [ -85.765863885651726, 38.223997285732388 ], [ -85.765663887011812, 38.223787284690296 ], [ -85.765604887528013, 38.223746284982937 ], [ -85.765524888404954, 38.223727285195693 ], [ -85.764034883589602, 38.223546286430825 ], [ -85.763984885620744, 38.22355628626763 ], [ -85.763264886474403, 38.223466284443056 ], [ -85.763193883716497, 38.223456284454358 ], [ -85.762364887549097, 38.223376286000224 ] ], [ [ -85.762831886933938, 38.220750283977573 ], [ -85.762594886871071, 38.222097284608381 ], [ -85.762513887406527, 38.222617283989571 ], [ -85.762364887549097, 38.223376286000224 ] ], [ [ -85.762831886933938, 38.220750283977573 ], [ -85.762864887249407, 38.220557283240673 ], [ -85.762933884573997, 38.220107286439372 ], [ -85.762944886337138, 38.220036283685765 ], [ -85.763053884772958, 38.219457285579104 ], [ -85.763094886975509, 38.219156285836668 ], [ -85.763124885195154, 38.218947284997839 ], [ -85.76319388588405, 38.218546283411065 ], [ -85.763444884766699, 38.217207283552362 ], [ -85.76353488580672, 38.216656283265358 ], [ -85.76355388452852, 38.216566285024967 ], [ -85.763814885542445, 38.215247285271779 ], [ -85.763863886036546, 38.214977284175248 ], [ -85.764013883605486, 38.213916283825263 ], [ -85.764264885220399, 38.212977282258429 ], [ -85.764304883217122, 38.212447283837292 ], [ -85.764444883857479, 38.211657281622244 ], [ -85.764673886355851, 38.210336284108038 ], [ -85.764114887274872, 38.210287283733393 ], [ -85.763013885523577, 38.210176283967023 ], [ -85.762944883017468, 38.210577282444596 ], [ -85.762833883851968, 38.211136282429706 ], [ -85.762803884677396, 38.211316281540043 ], [ -85.762774882851446, 38.211467283026266 ], [ -85.762713884433111, 38.211807283281622 ], [ -85.762613885307459, 38.212306282885635 ], [ -85.762584883376576, 38.212447284020058 ], [ -85.762473883374469, 38.212987281939192 ], [ -85.762404887082567, 38.213357283431534 ], [ -85.76237488229242, 38.213527282160904 ], [ -85.762364885743395, 38.213566283348207 ], [ -85.76232488472364, 38.213756285110819 ], [ -85.762303887031123, 38.213907282276679 ], [ -85.762234883796594, 38.214347282226861 ], [ -85.762213884869908, 38.214476284257977 ], [ -85.762173884909046, 38.214756285004633 ], [ -85.762144884556477, 38.214967284470731 ], [ -85.762104884059539, 38.21524728518078 ], [ -85.762073884378026, 38.215446284775069 ], [ -85.762063887193051, 38.215476284652148 ], [ -85.76201488587995, 38.215767284453221 ], [ -85.761893883855805, 38.21645628578537 ], [ -85.761874886141115, 38.216607284374817 ], [ -85.761803885362738, 38.216996281919954 ], [ -85.761774887270349, 38.217166284526463 ], [ -85.761694884568527, 38.217667282851068 ], [ -85.761583884396373, 38.218297285374433 ], [ -85.761573884662809, 38.21892728451018 ], [ -85.761464885889296, 38.219226283774695 ], [ -85.761443883007715, 38.219297285411194 ], [ -85.761433885094533, 38.219377283155509 ], [ -85.761384886576607, 38.219637286098283 ], [ -85.761324883572115, 38.219946286222054 ], [ -85.761303884713172, 38.220076283542397 ], [ -85.761284884866768, 38.220177284055524 ], [ -85.761204885375435, 38.220586284766377 ] ], [ [ -85.756683884872487, 38.220076285479458 ], [ -85.756773885531871, 38.220087283475095 ], [ -85.757223885458387, 38.220146285612458 ], [ -85.757874882460499, 38.22021628461399 ], [ -85.758994885853028, 38.220346286212127 ], [ -85.75981288349351, 38.22043328542982 ] ], [ [ -85.752554883105603, 38.214357282849285 ], [ -85.752523883822946, 38.214556283019434 ], [ -85.752474880897992, 38.21484628281371 ], [ -85.752393882618719, 38.215507284202069 ], [ -85.752353883981939, 38.215996284082308 ], [ -85.752343880781382, 38.216777284470822 ], [ -85.752353881199866, 38.217477283766286 ], [ -85.752334884026538, 38.218056283345867 ], [ -85.752303879813383, 38.218326284225057 ], [ -85.752294880345005, 38.218387283861986 ], [ -85.752163883665261, 38.218906284652768 ], [ -85.751683880341275, 38.220416285159772 ], [ -85.751564884015977, 38.2208972856005 ], [ -85.751453883391108, 38.221367286782971 ], [ -85.751344881187208, 38.221966287009224 ], [ -85.751223881316463, 38.222746283535137 ], [ -85.751143883340845, 38.22316728500487 ], [ -85.751114882094328, 38.223656286716867 ], [ -85.751124881230652, 38.224026287572755 ], [ -85.751143883304337, 38.224266286125186 ], [ -85.751344883596701, 38.225086286411688 ], [ -85.751533885211074, 38.225787285614672 ], [ -85.751553884144599, 38.225857287621849 ], [ -85.751643884911047, 38.226237286144809 ], [ -85.75168388182621, 38.226546285069126 ], [ -85.751694883233952, 38.226786286855393 ], [ -85.75168388086071, 38.227178285001642 ], [ -85.751643882108766, 38.22757728514862 ], [ -85.751553880960046, 38.228117285406967 ], [ -85.751373884852882, 38.22913628846166 ], [ -85.751173884377991, 38.230406285606804 ], [ -85.751074882948458, 38.231007288140063 ], [ -85.751024884787356, 38.23131628720153 ], [ -85.751013885202411, 38.231357287824409 ], [ -85.750974881720808, 38.231736287952529 ], [ -85.750913883476244, 38.232216287264791 ], [ -85.750884881411011, 38.232527285503174 ], [ -85.750873884647675, 38.233016288639597 ], [ -85.750923883238215, 38.233456288203627 ], [ -85.75097488094228, 38.233736288208654 ], [ -85.751034882267618, 38.233986288443283 ], [ -85.7510938812174, 38.234186286599382 ], [ -85.751204884569432, 38.2344762877173 ], [ -85.751334881690426, 38.234767287249767 ], [ -85.751524882348562, 38.235166288684105 ], [ -85.751943883775397, 38.235896286532252 ], [ -85.752334883053081, 38.236636289857721 ], [ -85.752703885099478, 38.237326288872197 ], [ -85.752903883486411, 38.237706288447825 ], [ -85.753054885735651, 38.238046289189434 ], [ -85.753114883542779, 38.238232287581994 ], [ -85.753184883980325, 38.23846728983743 ], [ -85.753253885384979, 38.238786289072806 ], [ -85.753293883184298, 38.239156287653643 ], [ -85.753293883495161, 38.239486288670967 ], [ -85.753274883048078, 38.239817289539737 ], [ -85.75320388567458, 38.240216287138878 ], [ -85.753094882318024, 38.240856287656456 ], [ -85.753023882900322, 38.241247289721208 ], [ -85.752954884660596, 38.241687288745375 ], [ -85.752874883869879, 38.242137288782367 ], [ -85.752793884363427, 38.242677289964234 ], [ -85.752853883667925, 38.243047288619636 ], [ -85.752914882581663, 38.243346287472292 ], [ -85.753004883716386, 38.243517289021 ], [ -85.753094884288942, 38.243636287918982 ], [ -85.75349488697114, 38.243967287981263 ], [ -85.753653884483356, 38.244237289777047 ] ], [ [ -85.752903879928297, 38.212386284368591 ], [ -85.752583882028475, 38.214177285911717 ], [ -85.752554883105603, 38.214357282849285 ] ], [ [ -85.750974880816244, 38.207346282061458 ], [ -85.751543882173934, 38.20771628218467 ], [ -85.752033881671252, 38.208127283603709 ], [ -85.752273879788845, 38.20838728124901 ], [ -85.752504884360079, 38.208657281166033 ], [ -85.7528248826344, 38.209236283906691 ], [ -85.752983881096142, 38.209647282385241 ], [ -85.753083880833373, 38.210027281924944 ], [ -85.753123883720349, 38.210336284153939 ], [ -85.753134882308302, 38.210776281275926 ], [ -85.753094883768625, 38.211207284986898 ], [ -85.753004880512904, 38.211786282836698 ], [ -85.752903879928297, 38.212386284368591 ] ], [ [ -85.752393881796522, 38.214347284793583 ], [ -85.752363883866607, 38.214537284494419 ], [ -85.752313884170221, 38.2148672843554 ], [ -85.752244880370299, 38.215456282488965 ], [ -85.752204882755066, 38.216096285190574 ], [ -85.752194883031123, 38.216816284942297 ], [ -85.752204883886748, 38.217466282931028 ], [ -85.752173882149378, 38.218047283888396 ], [ -85.75215488075159, 38.218307284494074 ], [ -85.752144882516617, 38.218366285246255 ], [ -85.752064880125857, 38.2186962829688 ], [ -85.751773880842208, 38.219647284252204 ], [ -85.751533882648943, 38.220447284973865 ], [ -85.75130488445194, 38.221406285989559 ], [ -85.751204879719353, 38.221926284055805 ], [ -85.751083880516376, 38.222617287442098 ], [ -85.750974884644705, 38.223376287686072 ], [ -85.750953884128407, 38.223846284519816 ], [ -85.7509848840769, 38.224137287005185 ], [ -85.751003881781386, 38.224337284629009 ], [ -85.751394884420165, 38.225836286917108 ], [ -85.751413884335676, 38.225916284877954 ], [ -85.751493880792722, 38.226227285827399 ], [ -85.751533884601855, 38.226577288129 ], [ -85.751553885422268, 38.226777286474103 ], [ -85.751543884451578, 38.227156288217714 ], [ -85.751403883801217, 38.228117285083371 ], [ -85.751223884620742, 38.229117286422898 ], [ -85.751083880376655, 38.229856286160576 ], [ -85.750863885265986, 38.231306286548786 ], [ -85.750863881600196, 38.231337286318535 ], [ -85.750773884516647, 38.232006286306579 ], [ -85.75075488378279, 38.232226288677076 ], [ -85.750714883270277, 38.232576286015998 ], [ -85.750714880807905, 38.233036286835109 ], [ -85.750743882100551, 38.233366285918549 ], [ -85.750813882201967, 38.233756288131197 ], [ -85.750913883774558, 38.23416628618974 ], [ -85.751043881056205, 38.234487286750792 ], [ -85.75116488217185, 38.234777286395783 ], [ -85.751233881343225, 38.234916289364094 ], [ -85.751484885473218, 38.235407285954039 ], [ -85.751733883372836, 38.235857287275373 ], [ -85.752144881370853, 38.236616289530318 ], [ -85.752583885383132, 38.237426287231571 ], [ -85.752834885991547, 38.237937288414848 ], [ -85.752943885475645, 38.238216287025757 ], [ -85.753004884959964, 38.238377287426971 ], [ -85.753054882042434, 38.23858628844377 ], [ -85.753104883786563, 38.238856289807543 ], [ -85.753123883978802, 38.239136288797688 ], [ -85.753134883703481, 38.239457287724001 ], [ -85.753104882300903, 38.239797290657485 ], [ -85.753054882282626, 38.24016728735927 ], [ -85.7529248857483, 38.240907289081022 ], [ -85.75287488350483, 38.241237288158601 ], [ -85.75283488428262, 38.241457289754507 ], [ -85.752793884669941, 38.241676288044282 ], [ -85.75255488284445, 38.242286288208582 ], [ -85.752393885306901, 38.242977290979219 ], [ -85.752313883205659, 38.243327288194955 ], [ -85.75219488496505, 38.243787288317165 ], [ -85.752093882687106, 38.244237290011895 ], [ -85.751993883099644, 38.244516289492722 ], [ -85.751844885124385, 38.244947288803203 ], [ -85.751723884101963, 38.245626289219736 ], [ -85.752183882035254, 38.245647290966481 ], [ -85.752353885258273, 38.245657291087625 ], [ -85.752903886093264, 38.245696291499407 ], [ -85.753404885706175, 38.245726290690818 ] ], [ [ -85.75099388217518, 38.207507281267652 ], [ -85.751484882526128, 38.207826281978882 ], [ -85.751813882725727, 38.208106282738655 ], [ -85.752054880689158, 38.2083462845901 ], [ -85.752223879711352, 38.208556281480561 ], [ -85.752384879582593, 38.208757283702482 ], [ -85.752533883082137, 38.208996281861886 ], [ -85.752744883322407, 38.209377283296639 ], [ -85.752874881092396, 38.209757281286912 ], [ -85.752943880955002, 38.210136282848289 ], [ -85.752973881612604, 38.210387283280589 ], [ -85.752983884038244, 38.210757284500026 ], [ -85.75289388055549, 38.211486282837257 ], [ -85.75275388436134, 38.212277282264743 ], [ -85.752424882558401, 38.214167282733399 ], [ -85.752393881796522, 38.214347284793583 ] ], [ [ -85.75099388217518, 38.207507281267652 ], [ -85.750664881993615, 38.207327280910739 ], [ -85.750314879918307, 38.207157282098436 ], [ -85.7498738813659, 38.207016282773452 ], [ -85.749473879998646, 38.206896283325655 ], [ -85.748983881291252, 38.206806282242688 ], [ -85.748464882555197, 38.206746281456205 ], [ -85.747903880420125, 38.206707281403794 ], [ -85.747514879764765, 38.206787283517997 ], [ -85.747403882065257, 38.206826281505258 ], [ -85.747334878619881, 38.206887281589005 ], [ -85.747273881960439, 38.206977283691522 ], [ -85.747254880644817, 38.207088282116828 ], [ -85.747273879349933, 38.207176283055134 ], [ -85.747334878200817, 38.207266282168575 ], [ -85.747403881179736, 38.207327283205622 ], [ -85.74752488119104, 38.207376281399981 ], [ -85.748843882946815, 38.207577283262822 ], [ -85.749984879531425, 38.207746283162912 ], [ -85.750323878545089, 38.207796283925312 ], [ -85.750584881564464, 38.207806282981615 ], [ -85.750764882349486, 38.207736284112471 ], [ -85.75099388217518, 38.207507281267652 ] ], [ [ -85.756683884872487, 38.220076285479458 ], [ -85.756633882101795, 38.220156284098863 ], [ -85.756403883054546, 38.220506285034922 ], [ -85.756263883428815, 38.220727283649282 ], [ -85.756233882686331, 38.220766284860673 ], [ -85.756133882081087, 38.220987285593971 ], [ -85.756033884718732, 38.221386286039731 ], [ -85.755813883137108, 38.222697283700612 ], [ -85.75575488210373, 38.223026285292121 ], [ -85.755884881616353, 38.223456284663769 ], [ -85.756064883226216, 38.223676285678195 ], [ -85.75668388222752, 38.224176286542644 ], [ -85.756933883917483, 38.224446283587547 ], [ -85.757043884801632, 38.224656286966962 ], [ -85.757064886719746, 38.224896286443816 ], [ -85.756983885258379, 38.225376283716102 ], [ -85.756964885334824, 38.22548728707217 ], [ -85.756903884074845, 38.225706284699257 ], [ -85.756893883414691, 38.22573628753603 ], [ -85.75670488262773, 38.226796285883424 ], [ -85.75665488334441, 38.226996287443434 ], [ -85.75638488519084, 38.228446286312447 ], [ -85.75636388480406, 38.228626287219555 ], [ -85.756194883733357, 38.229606285083598 ], [ -85.755813882878684, 38.231817286735762 ], [ -85.755804885678756, 38.231856288057827 ], [ -85.75570488510067, 38.232406286939373 ], [ -85.755344884650484, 38.234597289396874 ], [ -85.755174885385529, 38.235577287415261 ], [ -85.754953883940615, 38.236906289387782 ], [ -85.754674885885976, 38.238416289548098 ], [ -85.754397886027533, 38.2399232899662 ], [ -85.75440488279952, 38.239946289978619 ], [ -85.754343882390614, 38.240257289266026 ], [ -85.754143882476683, 38.241357289725045 ], [ -85.754143884139097, 38.241376287753567 ], [ -85.753843883615033, 38.243137289016573 ], [ -85.753843883310395, 38.243166287301946 ], [ -85.753653884483356, 38.244237289777047 ] ], [ [ -85.752904880862758, 38.214394285295462 ], [ -85.753194882325232, 38.214437284301873 ], [ -85.753544882975163, 38.214476282793846 ], [ -85.754044882150581, 38.214537282373804 ], [ -85.754653884054719, 38.214607283629299 ], [ -85.754934882065584, 38.214636284848659 ], [ -85.755154881064996, 38.214656284520977 ], [ -85.755064882403772, 38.215067284208317 ], [ -85.755003881502347, 38.215347285119485 ], [ -85.754974883050281, 38.215486282645301 ], [ -85.754873882447768, 38.215926285013694 ], [ -85.754833884833403, 38.21617628544054 ], [ -85.75479388328371, 38.21641728462729 ], [ -85.754754882355201, 38.21668728298711 ], [ -85.754703885085561, 38.217027283315936 ], [ -85.754693883937946, 38.217066283833312 ], [ -85.754664883034607, 38.21725628501995 ], [ -85.75444488366918, 38.21776728351319 ], [ -85.754364883150998, 38.217957286148966 ], [ -85.754333883852553, 38.218027285802215 ], [ -85.754304881553352, 38.218217283449945 ], [ -85.75432388197666, 38.218587285153561 ], [ -85.754584884827992, 38.218726283603267 ], [ -85.75488388286378, 38.218947286123708 ], [ -85.755164884296974, 38.219156284806822 ], [ -85.755394884684321, 38.219326286201053 ], [ -85.755603880888714, 38.219467285052609 ], [ -85.756083883120397, 38.219806286146472 ], [ -85.75632388354289, 38.219946286403996 ], [ -85.756683884872487, 38.220076285479458 ] ], [ [ -85.752554883105603, 38.214357282849285 ], [ -85.752904880862758, 38.214394285295462 ] ], [ [ -85.752393881796522, 38.214347284793583 ], [ -85.752554883105603, 38.214357282849285 ] ], [ [ -85.721994871732534, 38.161047276137353 ], [ -85.721943867768189, 38.16141727347663 ], [ -85.72186486901856, 38.162026274084667 ], [ -85.721713868008379, 38.163076276554882 ] ], [ [ -85.721994871732534, 38.161047276137353 ], [ -85.723567467239576, 38.161073830675626 ], [ -85.723517919169652, 38.162785303770839 ], [ -85.722203867951706, 38.163066275894984 ], [ -85.721713868008379, 38.163076276554882 ] ], [ [ -85.721713868008379, 38.163076276554882 ], [ -85.721644870831312, 38.16384727630755 ], [ -85.721504868095451, 38.165406276880198 ], [ -85.72127487071792, 38.168067277023454 ], [ -85.721263869615015, 38.168136277756005 ] ], [ [ -85.721263869615015, 38.168136277756005 ], [ -85.721554868216742, 38.168146277437273 ], [ -85.721753868615721, 38.168216274803036 ], [ -85.721883869115203, 38.168306277828577 ], [ -85.721973870521794, 38.16844727758469 ], [ -85.722004870658665, 38.168627275389831 ], [ -85.721983870725012, 38.168776277328476 ], [ -85.721923869660273, 38.168887277443723 ], [ -85.721833869310487, 38.168977275468677 ], [ -85.721724870304769, 38.169067276228709 ], [ -85.721604870454058, 38.169136275413912 ], [ -85.721443871034325, 38.169186275173374 ], [ -85.721343869340899, 38.169206277072995 ], [ -85.721213871688732, 38.169226276118245 ] ], [ [ -85.721213871688732, 38.169226276118245 ], [ -85.720813869737754, 38.169216276696211 ], [ -85.720503870709138, 38.169216277991332 ], [ -85.717208869314419, 38.169188275475896 ], [ -85.717203866261585, 38.16873627811956 ], [ -85.717266867752841, 38.165314277095142 ], [ -85.718130867825195, 38.165340276486589 ] ], [ [ -85.753404885706175, 38.245726290690818 ], [ -85.755024883796224, 38.245876289849321 ] ], [ [ -85.75275387863158, 38.173336277203347 ], [ -85.752874877089354, 38.173767275249467 ], [ -85.752933881475826, 38.173986274535196 ], [ -85.753523881278156, 38.17609727670505 ], [ -85.756403878494467, 38.175326276451756 ], [ -85.756583879210325, 38.17528727751241 ], [ -85.756704882274889, 38.175287276891943 ], [ -85.756824878735742, 38.175336277935386 ], [ -85.756903881997701, 38.175467276661941 ], [ -85.758954879998541, 38.180487276168343 ], [ -85.759034882554829, 38.180796278358017 ], [ -85.758833882761564, 38.180806275909767 ], [ -85.758643880595656, 38.180857278744632 ], [ -85.75769488032968, 38.181076276827802 ], [ -85.756723882235761, 38.181417278136919 ], [ -85.7563448820448, 38.181526277171102 ], [ -85.755053881344239, 38.181777276468104 ], [ -85.754773881227322, 38.181826278879029 ], [ -85.754683879075742, 38.181837278526849 ], [ -85.754383880484056, 38.181886276986987 ], [ -85.75410388156206, 38.181966277644186 ], [ -85.753950878646265, 38.182044276854697 ], [ -85.753724880697661, 38.182217277051727 ], [ -85.753364877744843, 38.182596276517614 ], [ -85.753173881658071, 38.182796278209487 ], [ -85.753423880253521, 38.182927276739235 ], [ -85.754004881211003, 38.183256276794779 ], [ -85.754394880371493, 38.183457276403416 ], [ -85.754553881247844, 38.183547278392147 ], [ -85.754693878296393, 38.18364727835754 ], [ -85.754823882577512, 38.183737276287808 ], [ -85.754934880604154, 38.183856277356654 ], [ -85.755034879080071, 38.184017278624694 ], [ -85.755093881502617, 38.18417727751752 ], [ -85.755193878216474, 38.184516279099292 ], [ -85.755354879718595, 38.185116276062978 ], [ -85.75622388033608, 38.188366279978588 ], [ -85.756514882810635, 38.189466280274587 ], [ -85.75668388088782, 38.190137279655517 ], [ -85.756734879516316, 38.190327278971722 ], [ -85.756744880527393, 38.190356278732857 ], [ -85.756824883357922, 38.19069627863221 ], [ -85.756893879712251, 38.190927279084924 ], [ -85.756924882987036, 38.191066278595109 ], [ -85.756933880049544, 38.19119727848134 ], [ -85.75693388128893, 38.191307278232181 ], [ -85.756914883927749, 38.191407279287603 ], [ -85.756893882671065, 38.191497278460702 ], [ -85.756843880484951, 38.191596279210579 ], [ -85.75678488012656, 38.191706278691299 ], [ -85.75670488001397, 38.191806281217076 ], [ -85.756604880437834, 38.19189628069585 ], [ -85.756493879810975, 38.191986281353515 ], [ -85.75636388168175, 38.19205627938026 ], [ -85.756233879536168, 38.192117279453505 ], [ -85.756104882841626, 38.192156278125857 ], [ -85.755943881893216, 38.192197279144182 ], [ -85.755794882037705, 38.192217279989748 ], [ -85.755633879701335, 38.192217280444289 ], [ -85.755444881511863, 38.192217281382106 ], [ -85.755124879460965, 38.192207279017822 ], [ -85.754823880434628, 38.192207278189265 ], [ -85.754394883557367, 38.192197278643434 ], [ -85.753644880905199, 38.192197277742601 ], [ -85.751884880335155, 38.192256280648081 ], [ -85.751474879641577, 38.192266280486166 ], [ -85.750944879508026, 38.192287280256622 ], [ -85.750944879998301, 38.192706279246266 ], [ -85.750944878921814, 38.193166278353161 ], [ -85.750934878975514, 38.194036280123676 ], [ -85.750903882277143, 38.194897279385785 ], [ -85.750873881791463, 38.196726280774079 ], [ -85.750863878988866, 38.197206281869228 ], [ -85.750863881682264, 38.197587280972506 ], [ -85.75082388065978, 38.199927282639017 ], [ -85.750794879691227, 38.201536281486916 ], [ -85.750754881040393, 38.202496282807516 ], [ -85.750733881066793, 38.202946280036151 ], [ -85.750733880552616, 38.203357283215581 ], [ -85.750743878916481, 38.204126282775341 ], [ -85.750764881493467, 38.205036280852113 ], [ -85.75079488219373, 38.205456283953836 ], [ -85.750903881149497, 38.206396284073683 ], [ -85.75090387970333, 38.206777282916086 ], [ -85.750923879269422, 38.206936281607547 ], [ -85.750974880816244, 38.207346282061458 ] ], [ [ -85.75275387863158, 38.173336277203347 ], [ -85.752883879386488, 38.17327627609972 ], [ -85.752993879431287, 38.173176277282316 ], [ -85.753063879047644, 38.173056274735913 ], [ -85.75309487802123, 38.172937275849691 ], [ -85.753083879000741, 38.172816274212714 ], [ -85.753044880323202, 38.172726276181386 ], [ -85.752943880374531, 38.172597274815061 ], [ -85.752834880223332, 38.172536277528415 ], [ -85.752713878144476, 38.172507275717102 ], [ -85.752523878868416, 38.172507275180138 ], [ -85.75275387863158, 38.173336277203347 ] ], [ [ -85.75275387863158, 38.173336277203347 ], [ -85.752564878981389, 38.173387274619294 ], [ -85.752424877366309, 38.17339727564346 ], [ -85.752334879704492, 38.173377277098787 ], [ -85.752223880728664, 38.173346274972467 ], [ -85.752114877852122, 38.173287275045013 ], [ -85.751983881236853, 38.17318627404871 ], [ -85.751754878705597, 38.172976277218126 ], [ -85.751514879393341, 38.172786274460925 ], [ -85.751363877155768, 38.172696275522007 ], [ -85.751103878333268, 38.172587276645487 ], [ -85.750913879847133, 38.17250727453883 ], [ -85.750434880276444, 38.172317275094599 ], [ -85.750034879588966, 38.172156276030712 ], [ -85.749864878701246, 38.172076276021038 ], [ -85.749774880121734, 38.172016274363834 ], [ -85.749544880204169, 38.1718672765926 ], [ -85.749674875642896, 38.171726274337857 ], [ -85.749783877498913, 38.171587275480974 ], [ -85.749864879693973, 38.17142727644417 ], [ -85.749913876171902, 38.171286275045638 ], [ -85.749954879915705, 38.171137274535468 ], [ -85.749973878748094, 38.170977276138181 ], [ -85.749954876151477, 38.170816276424567 ], [ -85.749913879780934, 38.170646276684025 ], [ -85.749833877362732, 38.170456276607275 ], [ -85.74949487918893, 38.16991627574761 ], [ -85.748803876608264, 38.168807275063791 ], [ -85.747903875489953, 38.167336274796611 ], [ -85.747493878692723, 38.166657275430275 ], [ -85.746593879014995, 38.165197275060855 ], [ -85.746063877785858, 38.16427627426112 ], [ -85.745883873928676, 38.163916275464082 ], [ -85.745714878544248, 38.163577275587834 ], [ -85.745563876636623, 38.163246273654849 ], [ -85.745423875731646, 38.162916273688239 ], [ -85.745304876293446, 38.162587274550461 ], [ -85.745184874024815, 38.162276273575202 ], [ -85.745084875939597, 38.16196727499139 ], [ -85.744994874077037, 38.161666274091488 ], [ -85.744803877233636, 38.16088727421333 ], [ -85.744783877357619, 38.160787273524328 ], [ -85.744113874778634, 38.157796273888025 ], [ -85.743864877693781, 38.156907274099332 ], [ -85.743104874723869, 38.154767271551194 ], [ -85.742953875590374, 38.154466274119493 ], [ -85.742773873620663, 38.154227273287091 ], [ -85.74239487555522, 38.15391627128448 ], [ -85.741953874756149, 38.153677271709881 ], [ -85.741453875520179, 38.153527273357078 ], [ -85.740904875671959, 38.153466271238386 ], [ -85.740763914880489, 38.153466274156479 ], [ -85.739448496918698, 38.1534045298392 ], [ -85.738479508473006, 38.153382570348128 ], [ -85.736880914175998, 38.15339914680041 ], [ -85.736263740072616, 38.153381265769617 ], [ -85.733894872626237, 38.153278273339019 ], [ -85.732984869769709, 38.155066275449556 ], [ -85.732833872054798, 38.155356273966241 ], [ -85.73232387156061, 38.156346275111972 ], [ -85.732034871042359, 38.156937275831673 ], [ -85.731923870640117, 38.157207272343015 ], [ -85.731653872702182, 38.157737273664104 ], [ -85.731643872356287, 38.157766275500109 ], [ -85.731573871467944, 38.157907274935646 ], [ -85.73148387352245, 38.158087272937109 ], [ -85.731314872732312, 38.158437272984699 ], [ -85.731144869974202, 38.158727273548436 ], [ -85.730983872884011, 38.158936275047367 ], [ -85.730763871135863, 38.159106274907501 ], [ -85.730523872540061, 38.159257276004652 ], [ -85.730454870507074, 38.159286274789892 ], [ -85.730253869027436, 38.159357275967011 ], [ -85.729933870654904, 38.159427273718634 ], [ -85.729723873815203, 38.159447274469883 ], [ -85.729403869739969, 38.159427275276379 ], [ -85.729334871718578, 38.15940627543047 ], [ -85.72907487137158, 38.159347274361991 ], [ -85.728174872014975, 38.158997273010677 ], [ -85.727863869667445, 38.158907273835027 ], [ -85.727693870144591, 38.158887274616376 ], [ -85.72760387180324, 38.158876275729362 ], [ -85.727354869237786, 38.158876274895881 ], [ -85.726973869671752, 38.158876273156878 ], [ -85.726383869433292, 38.158866275550146 ], [ -85.725834869745825, 38.15885627457908 ], [ -85.725154869017516, 38.158846273162531 ], [ -85.725083868387998, 38.158846275072136 ], [ -85.724574867951304, 38.158846274100227 ], [ -85.724093870696123, 38.158847273037445 ], [ -85.723913868841649, 38.158856272927451 ], [ -85.723603870774582, 38.15889727617138 ], [ -85.723383870061866, 38.158946273517486 ], [ -85.723183868708659, 38.159016274840432 ], [ -85.722944867990932, 38.159126274984452 ], [ -85.722814867388877, 38.159216274468541 ], [ -85.722567868465717, 38.159394275630966 ], [ -85.722483871613534, 38.15949627579775 ], [ -85.722393868673947, 38.159596274765931 ], [ -85.722274868157442, 38.159787273644994 ], [ -85.722193870430971, 38.159956274866595 ], [ -85.722113868609455, 38.160206274793737 ], [ -85.722054867706518, 38.160656275629449 ], [ -85.721994871732534, 38.161047276137353 ] ], [ [ -85.721263869615015, 38.168136277756005 ], [ -85.721213871688732, 38.169226276118245 ] ], [ [ -85.721213871688732, 38.169226276118245 ], [ -85.721163868410258, 38.170186278083307 ], [ -85.721104867447011, 38.172027276594385 ], [ -85.721094872161601, 38.172256278800049 ], [ -85.720983868793752, 38.173047278885093 ], [ -85.720964872063192, 38.173166278588575 ], [ -85.720834870736795, 38.173816278708607 ], [ -85.720824870356111, 38.17394727647558 ], [ -85.72083886801903, 38.174123276600355 ], [ -85.720903870422703, 38.174266277933853 ], [ -85.720983872244204, 38.174406278512059 ], [ -85.721094871381382, 38.174567279022938 ], [ -85.721623871015652, 38.175017278372678 ], [ -85.721713869799274, 38.175107278176007 ], [ -85.721853870322278, 38.175256277810014 ], [ -85.721994869774349, 38.175537279556814 ], [ -85.722023869181513, 38.175696279023974 ], [ -85.722023870810673, 38.175846279211392 ], [ -85.721994870679296, 38.176036278952516 ], [ -85.721893869358055, 38.176267277289959 ], [ -85.721644872042845, 38.176557277321137 ], [ -85.721383871404683, 38.176817279828754 ], [ -85.721263870314772, 38.176956276719977 ], [ -85.720993870107264, 38.17726727870329 ], [ -85.720683871737208, 38.177617278102623 ], [ -85.720583869002397, 38.177736279160854 ], [ -85.720644871685735, 38.177877278128975 ], [ -85.720713869354284, 38.177977279326754 ], [ -85.720794868222214, 38.178067280008776 ], [ -85.720914867981449, 38.178247278582397 ], [ -85.720953869499795, 38.178466277184079 ], [ -85.720943871694161, 38.178877278115252 ], [ -85.72090386939513, 38.179196279541678 ], [ -85.720943869573119, 38.179566278404707 ], [ -85.721064869072237, 38.17994727827994 ], [ -85.721393872220077, 38.180536278031511 ], [ -85.721734871220178, 38.181186277053143 ], [ -85.721914872819369, 38.181757277872933 ], [ -85.721994870875619, 38.181886278615231 ], [ -85.722094871398156, 38.182047279683445 ], [ -85.722343870779397, 38.182446279276839 ], [ -85.722553871493332, 38.182767279149765 ], [ -85.722733869750741, 38.183046280785817 ], [ -85.722873870255, 38.183236279262552 ], [ -85.723044871142179, 38.183457280716333 ], [ -85.723243871806616, 38.183706277858263 ], [ -85.723283871275854, 38.183757277642684 ], [ -85.723444870824849, 38.183937281278716 ], [ -85.723693872268854, 38.184226278886186 ], [ -85.723974872835228, 38.184516279279443 ], [ -85.72426387313142, 38.18478628045402 ], [ -85.724943872838026, 38.185396280488924 ], [ -85.725523873231083, 38.185966280378906 ], [ -85.726203873477672, 38.186627280340986 ], [ -85.726944871671478, 38.187437281454628 ], [ -85.727494872964883, 38.188057278568046 ], [ -85.727953872892996, 38.188587280445596 ], [ -85.728273870960336, 38.188967280267825 ], [ -85.729254872668662, 38.190076279828389 ], [ -85.729393874865721, 38.1902462794909 ], [ -85.729554872665304, 38.190436278668784 ], [ -85.729673873764725, 38.190567279017195 ], [ -85.72982487167738, 38.190736281565648 ], [ -85.730244876556128, 38.191227279775809 ], [ -85.730994874563336, 38.192117281129967 ], [ -85.731243873415906, 38.192387278861752 ], [ -85.731733876205226, 38.19294728209708 ], [ -85.73199487373337, 38.193236281906259 ], [ -85.732254873476691, 38.193547282005554 ], [ -85.732494876974812, 38.193856280110985 ], [ -85.732833873412716, 38.194347282238809 ], [ -85.733053876889585, 38.194717279794922 ], [ -85.73319387663301, 38.194977281787885 ], [ -85.733283876132873, 38.195167282324 ], [ -85.733413875658968, 38.195457281452619 ], [ -85.733493875445475, 38.195686280477162 ], [ -85.733583874000814, 38.195956282768222 ], [ -85.73368387614812, 38.196296279684539 ], [ -85.733754874978928, 38.19651728085703 ], [ -85.733773873696933, 38.196646280375667 ], [ -85.733893873867117, 38.197447280295542 ], [ -85.734014874259131, 38.198247282087088 ], [ -85.734064873253402, 38.198507280877116 ], [ -85.734123873594839, 38.198757281653393 ], [ -85.734163875927649, 38.19891628250236 ], [ -85.734263877626091, 38.199196280893737 ], [ -85.734443874289383, 38.199646282046928 ], [ -85.734654877623981, 38.20004728106499 ], [ -85.734793875751009, 38.200287283173665 ], [ -85.734933876950961, 38.200506283177425 ], [ -85.735073878019179, 38.200696281283982 ], [ -85.735163877405185, 38.200806281908463 ], [ -85.735353877137669, 38.20103728193385 ], [ -85.735634877959541, 38.201326280272049 ], [ -85.735824877684323, 38.201506282772108 ], [ -85.736044874557933, 38.201706281146478 ], [ -85.736243877265281, 38.201866281149428 ], [ -85.736484875987273, 38.202046281983549 ], [ -85.736714877794299, 38.202216281418487 ], [ -85.736944874812679, 38.202367282408467 ], [ -85.737164877585769, 38.202496281369946 ], [ -85.737704875923228, 38.202796283006812 ], [ -85.738323876158248, 38.203116281143295 ], [ -85.738903878532099, 38.20341628214512 ], [ -85.739483875302298, 38.203707282568359 ], [ -85.739983878618759, 38.203956282809983 ], [ -85.740904878541372, 38.204427283469904 ], [ -85.74146387928559, 38.204717282530041 ], [ -85.741953880081425, 38.20496728114437 ], [ -85.742244878058656, 38.205116283719633 ], [ -85.742664878178147, 38.205337283457602 ], [ -85.742884878885562, 38.205437283841135 ], [ -85.743384881222042, 38.20565628275827 ], [ -85.743954878261619, 38.205877284535653 ], [ -85.744293879570662, 38.205987283558734 ], [ -85.744883877294626, 38.206157281994976 ], [ -85.74515387829851, 38.206227282396775 ], [ -85.7457248781175, 38.206347281827156 ], [ -85.74642488058565, 38.206447282246401 ], [ -85.747104880158261, 38.206517283676845 ], [ -85.747893880179475, 38.206587283020816 ], [ -85.748504880125736, 38.206626283183581 ], [ -85.749174882287122, 38.206726281589553 ], [ -85.749684880554796, 38.206836282902188 ], [ -85.75012488130389, 38.206977282017128 ], [ -85.750593882184134, 38.207157282918246 ], [ -85.750974880816244, 38.207346282061458 ] ], [ [ -85.75981288349351, 38.22043328542982 ], [ -85.760574886507754, 38.220516283153472 ], [ -85.761204885375435, 38.220586284766377 ] ], [ [ -85.761204885375435, 38.220586284766377 ], [ -85.762094882982638, 38.220676283933024 ], [ -85.762831886933938, 38.220750283977573 ] ], [ [ -85.752903879928297, 38.212386284368591 ], [ -85.752893881884461, 38.213087282974797 ], [ -85.752864884854361, 38.213607282094763 ], [ -85.752834882634275, 38.214147284344754 ], [ -85.752904880862758, 38.214394285295462 ] ], [ [ -85.718130867825195, 38.165340276486589 ], [ -85.718280868221058, 38.165411277394512 ], [ -85.718476870179543, 38.165456277880629 ], [ -85.718649866384226, 38.165447275244119 ], [ -85.718799868656873, 38.165331274654783 ], [ -85.718799867526229, 38.165233277068012 ], [ -85.718706869624853, 38.165161277644124 ], [ -85.718430869662299, 38.16514427805901 ], [ -85.718268867867224, 38.165197276272607 ], [ -85.718188868780757, 38.165242276697732 ], [ -85.718130867825195, 38.165340276486589 ] ], [ [ -85.76074488735479, 38.223216284517882 ], [ -85.762364887549097, 38.223376286000224 ] ], [ [ -85.759074887011465, 38.223036285073704 ], [ -85.76074488735479, 38.223216284517882 ] ] ] } },
{ "type": "Feature", "properties": { "OBJECTID": 21, "ROUTE_NAME": "UofL Cardinal Shuttle", "ROUTE_TYPE": "High Frequency", "ROUTE_NUMBER": 94, "TARC_WEB": "https://www.ridetarc.org/bus_routes/cardinal-shuttle/", "SHAPELEN": 15477.203121185601 }, "geometry": { "type": "MultiLineString", "coordinates": [ [ [ -85.76232488472364, 38.213756285110819 ], [ -85.762303887031123, 38.213907282276679 ] ], [ [ -85.762303887031123, 38.213907282276679 ], [ -85.762234883796594, 38.214347282226861 ] ], [ [ -85.762234883796594, 38.214347282226861 ], [ -85.762213884869908, 38.214476284257977 ] ], [ [ -85.762213884869908, 38.214476284257977 ], [ -85.762173884909046, 38.214756285004633 ] ], [ [ -85.762173884909046, 38.214756285004633 ], [ -85.762144884556477, 38.214967284470731 ] ], [ [ -85.762144884556477, 38.214967284470731 ], [ -85.762104884059539, 38.21524728518078 ] ], [ [ -85.762104884059539, 38.21524728518078 ], [ -85.762073884378026, 38.215446284775069 ] ], [ [ -85.762073884378026, 38.215446284775069 ], [ -85.762063887193051, 38.215476284652148 ] ], [ [ -85.762063887193051, 38.215476284652148 ], [ -85.76201488587995, 38.215767284453221 ] ], [ [ -85.76201488587995, 38.215767284453221 ], [ -85.761893883855805, 38.21645628578537 ] ], [ [ -85.761893883855805, 38.21645628578537 ], [ -85.761874886141115, 38.216607284374817 ] ], [ [ -85.761874886141115, 38.216607284374817 ], [ -85.761803885362738, 38.216996281919954 ] ], [ [ -85.761803885362738, 38.216996281919954 ], [ -85.761774887270349, 38.217166284526463 ] ], [ [ -85.761774887270349, 38.217166284526463 ], [ -85.761694884568527, 38.217667282851068 ] ], [ [ -85.761694884568527, 38.217667282851068 ], [ -85.761583884396373, 38.218297285374433 ] ], [ [ -85.761583884396373, 38.218297285374433 ], [ -85.761483884645656, 38.2186472852515 ] ], [ [ -85.761483884645656, 38.2186472852515 ], [ -85.76145388498233, 38.218757285326696 ] ], [ [ -85.76145388498233, 38.218757285326696 ], [ -85.761363883610073, 38.218966283244882 ] ], [ [ -85.761363883610073, 38.218966283244882 ], [ -85.761234884375668, 38.219156283171039 ] ], [ [ -85.761234884375668, 38.219156283171039 ], [ -85.761194885282293, 38.219197286113349 ] ], [ [ -85.761194885282293, 38.219197286113349 ], [ -85.761083884168684, 38.219336285951307 ] ], [ [ -85.761083884168684, 38.219336285951307 ], [ -85.761043884819628, 38.219377285409138 ] ], [ [ -85.761043884819628, 38.219377285409138 ], [ -85.760654884240836, 38.219716283661285 ] ], [ [ -85.760654884240836, 38.219716283661285 ], [ -85.7605338834653, 38.219817285667361 ] ], [ [ -85.7605338834653, 38.219817285667361 ], [ -85.760344885307603, 38.219976285213875 ] ], [ [ -85.760344885307603, 38.219976285213875 ], [ -85.760164884364414, 38.220136283770941 ] ], [ [ -85.760164884364414, 38.220136283770941 ], [ -85.75982388568066, 38.220436284313593 ] ], [ [ -85.758994885853028, 38.220346286212127 ], [ -85.75982388568066, 38.220436284313593 ] ], [ [ -85.757874882460499, 38.22021628461399 ], [ -85.758994885853028, 38.220346286212127 ] ], [ [ -85.757223885458387, 38.220146285612458 ], [ -85.757874882460499, 38.22021628461399 ] ], [ [ -85.756773885531871, 38.220087283475095 ], [ -85.757223885458387, 38.220146285612458 ] ], [ [ -85.756683884872487, 38.220076285479458 ], [ -85.756773885531871, 38.220087283475095 ] ], [ [ -85.75632388354289, 38.219946286403996 ], [ -85.756683884872487, 38.220076285479458 ] ], [ [ -85.756083883120397, 38.219806286146472 ], [ -85.75632388354289, 38.219946286403996 ] ], [ [ -85.755603880888714, 38.219467285052609 ], [ -85.756083883120397, 38.219806286146472 ] ], [ [ -85.755394884684321, 38.219326286201053 ], [ -85.755603880888714, 38.219467285052609 ] ], [ [ -85.755164884296974, 38.219156284806822 ], [ -85.755394884684321, 38.219326286201053 ] ], [ [ -85.75488388286378, 38.218947286123708 ], [ -85.755164884296974, 38.219156284806822 ] ], [ [ -85.754584884827992, 38.218726283603267 ], [ -85.75488388286378, 38.218947286123708 ] ], [ [ -85.75432388197666, 38.218587285153561 ], [ -85.754584884827992, 38.218726283603267 ] ], [ [ -85.754304881553352, 38.218217283449945 ], [ -85.75432388197666, 38.218587285153561 ] ], [ [ -85.754333883852553, 38.218027285802215 ], [ -85.754304881553352, 38.218217283449945 ] ], [ [ -85.754364883150998, 38.217957286148966 ], [ -85.754333883852553, 38.218027285802215 ] ], [ [ -85.75444488366918, 38.21776728351319 ], [ -85.754364883150998, 38.217957286148966 ] ], [ [ -85.754664883034607, 38.21725628501995 ], [ -85.75444488366918, 38.21776728351319 ] ], [ [ -85.754693883937946, 38.217066283833312 ], [ -85.754664883034607, 38.21725628501995 ] ], [ [ -85.754703885085561, 38.217027283315936 ], [ -85.754693883937946, 38.217066283833312 ] ], [ [ -85.754754882355201, 38.21668728298711 ], [ -85.754703885085561, 38.217027283315936 ] ], [ [ -85.75479388328371, 38.21641728462729 ], [ -85.754754882355201, 38.21668728298711 ] ], [ [ -85.754833884833403, 38.21617628544054 ], [ -85.75479388328371, 38.21641728462729 ] ], [ [ -85.754873882447768, 38.215926285013694 ], [ -85.754833884833403, 38.21617628544054 ] ], [ [ -85.754974883050281, 38.215486282645301 ], [ -85.754873882447768, 38.215926285013694 ] ], [ [ -85.755003881502347, 38.215347285119485 ], [ -85.754974883050281, 38.215486282645301 ] ], [ [ -85.755064882403772, 38.215067284208317 ], [ -85.755003881502347, 38.215347285119485 ] ], [ [ -85.755154881064996, 38.214656284520977 ], [ -85.755064882403772, 38.215067284208317 ] ], [ [ -85.755174884781482, 38.214517282758422 ], [ -85.755154881064996, 38.214656284520977 ] ], [ [ -85.755233881273199, 38.214067282426591 ], [ -85.755174884781482, 38.214517282758422 ] ], [ [ -85.755264882781901, 38.213846282872062 ], [ -85.755233881273199, 38.214067282426591 ] ], [ [ -85.755333884508872, 38.213347281535569 ], [ -85.755264882781901, 38.213846282872062 ] ], [ [ -85.755363881274633, 38.213167284660202 ], [ -85.755333884508872, 38.213347281535569 ] ], [ [ -85.755373882577771, 38.213106282093975 ], [ -85.755363881274633, 38.213167284660202 ] ], [ [ -85.75540388269927, 38.21297728206509 ], [ -85.755373882577771, 38.213106282093975 ] ], [ [ -85.755444883788186, 38.212746283650318 ], [ -85.75540388269927, 38.21297728206509 ] ], [ [ -85.755574883172599, 38.212077283817052 ], [ -85.755444883788186, 38.212746283650318 ] ], [ [ -85.755614883510674, 38.211866285025494 ], [ -85.755574883172599, 38.212077283817052 ] ], [ [ -85.755693884441541, 38.211396283185792 ], [ -85.755614883510674, 38.211866285025494 ] ], [ [ -85.755863882169763, 38.210436281860133 ], [ -85.755693884441541, 38.211396283185792 ] ], [ [ -85.755953881839318, 38.209917283098591 ], [ -85.755863882169763, 38.210436281860133 ] ], [ [ -85.756254881816119, 38.20818628366375 ], [ -85.755953881839318, 38.209917283098591 ] ], [ [ -85.756344882774755, 38.207656281698277 ], [ -85.756254881816119, 38.20818628366375 ] ], [ [ -85.756443880953071, 38.20705728415183 ], [ -85.756344882774755, 38.207656281698277 ] ], [ [ -85.75646488284265, 38.206967281809341 ], [ -85.756443880953071, 38.20705728415183 ] ], [ [ -85.756953881397536, 38.204196282128706 ], [ -85.756924881843148, 38.204357282390042 ] ], [ [ -85.757064881718364, 38.203537281576281 ], [ -85.756953881397536, 38.204196282128706 ] ], [ [ -85.757133880873994, 38.203156280386892 ], [ -85.757064881718364, 38.203537281576281 ] ], [ [ -85.757133880873994, 38.203156280386892 ], [ -85.757994882515135, 38.203257280180367 ] ], [ [ -85.757994882515135, 38.203257280180367 ], [ -85.758584882934187, 38.203357283043104 ] ], [ [ -85.758584882934187, 38.203357283043104 ], [ -85.758883884848046, 38.203426282975968 ] ], [ [ -85.758883884848046, 38.203426282975968 ], [ -85.759233881337835, 38.203516281442994 ] ], [ [ -85.759233881337835, 38.203516281442994 ], [ -85.759974884735641, 38.203737280382306 ] ], [ [ -85.759974884735641, 38.203737280382306 ], [ -85.76031388489578, 38.203846282162203 ] ], [ [ -85.76031388489578, 38.203846282162203 ], [ -85.760733881531394, 38.203977280217799 ] ], [ [ -85.760733881531394, 38.203977280217799 ], [ -85.762594884571314, 38.20447628147339 ] ], [ [ -85.762594884571314, 38.20447628147339 ], [ -85.76320388327278, 38.2046372834861 ] ], [ [ -85.76320388327278, 38.2046372834861 ], [ -85.763473884641343, 38.204697282576781 ] ], [ [ -85.763473884641343, 38.204697282576781 ], [ -85.763934885354843, 38.204817280646921 ] ], [ [ -85.763934885354843, 38.204817280646921 ], [ -85.763833886334467, 38.205396279981379 ] ], [ [ -85.763833886334467, 38.205396279981379 ], [ -85.763704883774153, 38.206216280979852 ] ], [ [ -85.763704883774153, 38.206216280979852 ], [ -85.763674884438103, 38.206396280452303 ] ], [ [ -85.763674884438103, 38.206396280452303 ], [ -85.763473885593413, 38.207526283029537 ] ], [ [ -85.763473885593413, 38.207526283029537 ], [ -85.76347388446824, 38.207546283620005 ] ], [ [ -85.76347388446824, 38.207546283620005 ], [ -85.763253885244623, 38.20884728181133 ] ], [ [ -85.763253885244623, 38.20884728181133 ], [ -85.763013885523577, 38.210176283967023 ] ], [ [ -85.763013885523577, 38.210176283967023 ], [ -85.762944883017468, 38.210577282444596 ] ], [ [ -85.762944883017468, 38.210577282444596 ], [ -85.762833883851968, 38.211136282429706 ] ], [ [ -85.762833883851968, 38.211136282429706 ], [ -85.762803884677396, 38.211316281540043 ] ], [ [ -85.762803884677396, 38.211316281540043 ], [ -85.762774882851446, 38.211467283026266 ] ], [ [ -85.762774882851446, 38.211467283026266 ], [ -85.762713884433111, 38.211807283281622 ] ], [ [ -85.762713884433111, 38.211807283281622 ], [ -85.762613885307459, 38.212306282885635 ] ], [ [ -85.762613885307459, 38.212306282885635 ], [ -85.762584883376576, 38.212447284020058 ] ], [ [ -85.762584883376576, 38.212447284020058 ], [ -85.762473883374469, 38.212987281939192 ] ], [ [ -85.762473883374469, 38.212987281939192 ], [ -85.762404887082567, 38.213357283431534 ] ], [ [ -85.762404887082567, 38.213357283431534 ], [ -85.76237488229242, 38.213527282160904 ] ], [ [ -85.76237488229242, 38.213527282160904 ], [ -85.762364885743395, 38.213566283348207 ] ], [ [ -85.762364885743395, 38.213566283348207 ], [ -85.76232488472364, 38.213756285110819 ] ], [ [ -85.756604882481852, 38.206877281475407 ], [ -85.75646488284265, 38.206967281809341 ] ], [ [ -85.756683882658976, 38.206797282531191 ], [ -85.756604882481852, 38.206877281475407 ] ], [ [ -85.75689388192464, 38.205697280531957 ], [ -85.756683882658976, 38.206797282531191 ] ], [ [ -85.757123884852945, 38.204527282043628 ], [ -85.75689388192464, 38.205697280531957 ] ], [ [ -85.757073884129525, 38.204466281610756 ], [ -85.757123884852945, 38.204527282043628 ] ], [ [ -85.757004884794952, 38.204396281443287 ], [ -85.757073884129525, 38.204466281610756 ] ], [ [ -85.756924881843148, 38.204357282390042 ], [ -85.757004884794952, 38.204396281443287 ] ] ] } },
{ "type": "Feature", "properties": { "OBJECTID": 22, "ROUTE_NAME": "UPS West Louisville", "ROUTE_TYPE": "Limited Trip Service", "ROUTE_NUMBER": 99, "TARC_WEB": "https://www.ridetarc.org/bus_routes/ups-west-louisville/", "SHAPELEN": 165338.04539330502 }, "geometry": { "type": "MultiLineString", "coordinates": [ [ [ -85.757464884882111, 38.246047288519904 ], [ -85.758324886736048, 38.246107291243703 ] ], [ [ -85.756773884889014, 38.245996290544184 ], [ -85.757464884882111, 38.246047288519904 ] ], [ [ -85.756683885901111, 38.24598629113521 ], [ -85.756773884889014, 38.245996290544184 ] ], [ [ -85.750944879508026, 38.192287280256622 ], [ -85.750944879998301, 38.192706279246266 ] ], [ [ -85.750944879998301, 38.192706279246266 ], [ -85.750944878921814, 38.193166278353161 ] ], [ [ -85.750944878921814, 38.193166278353161 ], [ -85.750934878975514, 38.194036280123676 ] ], [ [ -85.750934878975514, 38.194036280123676 ], [ -85.750903882277143, 38.194897279385785 ] ], [ [ -85.750903882277143, 38.194897279385785 ], [ -85.750873881791463, 38.196726280774079 ] ], [ [ -85.750873881791463, 38.196726280774079 ], [ -85.750863878988866, 38.197206281869228 ] ], [ [ -85.750863878988866, 38.197206281869228 ], [ -85.750863881682264, 38.197587280972506 ] ], [ [ -85.750863881682264, 38.197587280972506 ], [ -85.75082388065978, 38.199927282639017 ] ], [ [ -85.75082388065978, 38.199927282639017 ], [ -85.750794879691227, 38.201536281486916 ] ], [ [ -85.750794879691227, 38.201536281486916 ], [ -85.750754881040393, 38.202496282807516 ] ], [ [ -85.750754881040393, 38.202496282807516 ], [ -85.750733881066793, 38.202946280036151 ] ], [ [ -85.750733881066793, 38.202946280036151 ], [ -85.750733880552616, 38.203357283215581 ] ], [ [ -85.750733880552616, 38.203357283215581 ], [ -85.750743878916481, 38.204126282775341 ] ], [ [ -85.750743878916481, 38.204126282775341 ], [ -85.750764881493467, 38.205036280852113 ] ], [ [ -85.750764881493467, 38.205036280852113 ], [ -85.75079488219373, 38.205456283953836 ] ], [ [ -85.75079488219373, 38.205456283953836 ], [ -85.750903881149497, 38.206396284073683 ] ], [ [ -85.750903881149497, 38.206396284073683 ], [ -85.75090387970333, 38.206777282916086 ] ], [ [ -85.75090387970333, 38.206777282916086 ], [ -85.750923879269422, 38.206936281607547 ] ], [ [ -85.750923879269422, 38.206936281607547 ], [ -85.750974880816244, 38.207346282061458 ] ], [ [ -85.750974880816244, 38.207346282061458 ], [ -85.75099388217518, 38.207507281267652 ] ], [ [ -85.755024883796224, 38.245876289849321 ], [ -85.756683885901111, 38.24598629113521 ] ], [ [ -85.758324886736048, 38.246107291243703 ], [ -85.76001388755806, 38.246236288514183 ] ], [ [ -85.761123889036369, 38.246297291334756 ], [ -85.761721885225896, 38.246331290012392 ] ], [ [ -85.7607738853402, 38.246287291401316 ], [ -85.761123889036369, 38.246297291334756 ] ], [ [ -85.760463888897434, 38.246266288679692 ], [ -85.7607738853402, 38.246287291401316 ] ], [ [ -85.76001388755806, 38.246236288514183 ], [ -85.760463888897434, 38.246266288679692 ] ], [ [ -85.767553889230285, 38.229637285656118 ], [ -85.767433887152038, 38.229927287847687 ] ], [ [ -85.767433887152038, 38.229927287847687 ], [ -85.767373888790743, 38.230056286014189 ] ], [ [ -85.767373888790743, 38.230056286014189 ], [ -85.767314889579893, 38.230167285774279 ] ], [ [ -85.767314889579893, 38.230167285774279 ], [ -85.767044886864625, 38.230666286689839 ] ], [ [ -85.767044886864625, 38.230666286689839 ], [ -85.766983888803409, 38.230797285314452 ] ], [ [ -85.766983888803409, 38.230797285314452 ], [ -85.767103887237482, 38.231517287135631 ] ], [ [ -85.7676538889977, 38.229436285891481 ], [ -85.767553889230285, 38.229637285656118 ] ], [ [ -85.767774889672964, 38.229207284835638 ], [ -85.7676538889977, 38.229436285891481 ] ], [ [ -85.767994886457899, 38.228757285743413 ], [ -85.767774889672964, 38.229207284835638 ] ], [ [ -85.768323888786256, 38.228097287535654 ], [ -85.767994886457899, 38.228757285743413 ] ], [ [ -85.76872388753506, 38.227346286739014 ], [ -85.768323888786256, 38.228097287535654 ] ], [ [ -85.769003889516043, 38.226826285700149 ], [ -85.76872388753506, 38.227346286739014 ] ], [ [ -85.769154886219511, 38.226497284763475 ], [ -85.769003889516043, 38.226826285700149 ] ], [ [ -85.769304889009504, 38.226266284182138 ], [ -85.769154886219511, 38.226497284763475 ] ], [ [ -85.769593888779696, 38.225816286598096 ], [ -85.769304889009504, 38.226266284182138 ] ], [ [ -85.77018388771269, 38.225037286290792 ], [ -85.769593888779696, 38.225816286598096 ] ], [ [ -85.770363886262146, 38.22481628529593 ], [ -85.77018388771269, 38.225037286290792 ] ], [ [ -85.770594890759654, 38.22461728424458 ], [ -85.770363886262146, 38.22481628529593 ] ], [ [ -85.771033888987603, 38.224276286556162 ], [ -85.770594890759654, 38.22461728424458 ] ], [ [ -85.771883887038896, 38.223717284140335 ], [ -85.771033888987603, 38.224276286556162 ] ], [ [ -85.772103887989985, 38.223576282969354 ], [ -85.771883887038896, 38.223717284140335 ] ], [ [ -85.77229388754148, 38.2234562842252 ], [ -85.772103887989985, 38.223576282969354 ] ], [ [ -85.77335488936113, 38.222756283131801 ], [ -85.77229388754148, 38.2234562842252 ] ], [ [ -85.773754891310972, 38.222496283801767 ], [ -85.77335488936113, 38.222756283131801 ] ], [ [ -85.774633889242708, 38.22191728327843 ], [ -85.773754891310972, 38.222496283801767 ] ], [ [ -85.775743890505566, 38.221187284953885 ], [ -85.774633889242708, 38.22191728327843 ] ], [ [ -85.776314887987112, 38.220796283940842 ], [ -85.775743890505566, 38.221187284953885 ] ], [ [ -85.776513888730506, 38.220666283714493 ], [ -85.776314887987112, 38.220796283940842 ] ], [ [ -85.776843890129484, 38.220447282657624 ], [ -85.776513888730506, 38.220666283714493 ] ], [ [ -85.777174891934877, 38.22022628328186 ], [ -85.776843890129484, 38.220447282657624 ] ], [ [ -85.777453888206807, 38.220097284382369 ], [ -85.777174891934877, 38.22022628328186 ] ], [ [ -85.78535489497115, 38.263816290718552 ], [ -85.785073894123101, 38.264297291613182 ] ], [ [ -85.784644896769706, 38.262417292308804 ], [ -85.784734894208285, 38.262626290643958 ] ], [ [ -85.784734894208285, 38.262626290643958 ], [ -85.784883893880888, 38.262837290910724 ] ], [ [ -85.784883893880888, 38.262837290910724 ], [ -85.785184893676274, 38.263117290867804 ] ], [ [ -85.785184893676274, 38.263117290867804 ], [ -85.785264895183502, 38.263217292611557 ] ], [ [ -85.785264895183502, 38.263217292611557 ], [ -85.785354896511862, 38.263327293588745 ] ], [ [ -85.785354896511862, 38.263327293588745 ], [ -85.785414894617816, 38.263456292201255 ] ], [ [ -85.785414894617816, 38.263456292201255 ], [ -85.785423894473624, 38.263526292520503 ] ], [ [ -85.785423894473624, 38.263526292520503 ], [ -85.785423894773174, 38.263616291522375 ] ], [ [ -85.785423894773174, 38.263616291522375 ], [ -85.78535489497115, 38.263816290718552 ] ], [ [ -85.794272896290394, 38.272612292742636 ], [ -85.794954900539238, 38.272866293480426 ] ], [ [ -85.794954900539238, 38.272866293480426 ], [ -85.796114899754627, 38.273297293455109 ] ], [ [ -85.796114899754627, 38.273297293455109 ], [ -85.796413899139736, 38.273397293601271 ] ], [ [ -85.796413899139736, 38.273397293601271 ], [ -85.796654898325556, 38.273487295032922 ] ], [ [ -85.796654898325556, 38.273487295032922 ], [ -85.797654899356544, 38.273796292243162 ] ], [ [ -85.797654899356544, 38.273796292243162 ], [ -85.79791490149934, 38.273886293408275 ] ], [ [ -85.79791490149934, 38.273886293408275 ], [ -85.798533901021401, 38.274126294990538 ] ], [ [ -85.798533901021401, 38.274126294990538 ], [ -85.799044900301553, 38.274316292420821 ] ], [ [ -85.799044900301553, 38.274316292420821 ], [ -85.799134901305692, 38.274357293851637 ] ], [ [ -85.799134901305692, 38.274357293851637 ], [ -85.800733902361443, 38.274927295118324 ] ], [ [ -85.800953901738154, 38.274917292474797 ], [ -85.800733902361443, 38.274927295118324 ] ], [ [ -85.801344899436316, 38.27489729466231 ], [ -85.800953901738154, 38.274917292474797 ] ], [ [ -85.802784900096157, 38.274807293650966 ], [ -85.801344899436316, 38.27489729466231 ] ], [ [ -85.804584900230637, 38.274696291617126 ], [ -85.802784900096157, 38.274807293650966 ] ], [ [ -85.804503903227399, 38.273966294011075 ], [ -85.804584900230637, 38.274696291617126 ] ], [ [ -85.804444900708404, 38.273436291062076 ], [ -85.804503903227399, 38.273966294011075 ] ], [ [ -85.804434903697768, 38.273336294110578 ], [ -85.804444900708404, 38.273436291062076 ] ], [ [ -85.804413902545278, 38.273127291709699 ], [ -85.804434903697768, 38.273336294110578 ] ], [ [ -85.804394901099784, 38.272976293930626 ], [ -85.804413902545278, 38.273127291709699 ] ], [ [ -85.804324902777807, 38.272403291386809 ], [ -85.804394901099784, 38.272976293930626 ] ], [ [ -85.804363900106893, 38.272186291698638 ], [ -85.804324902777807, 38.272403291386809 ] ], [ [ -85.804404903212742, 38.272057293998543 ], [ -85.804363900106893, 38.272186291698638 ] ], [ [ -85.804543899042329, 38.27178629130303 ], [ -85.804404903212742, 38.272057293998543 ] ], [ [ -85.804614901747712, 38.27166729283622 ], [ -85.804543899042329, 38.27178629130303 ] ], [ [ -85.804743901621109, 38.271446293925266 ], [ -85.804614901747712, 38.27166729283622 ] ], [ [ -85.804804902543239, 38.271286290928749 ], [ -85.804743901621109, 38.271446293925266 ] ], [ [ -85.804833900481739, 38.271176293071562 ], [ -85.804804902543239, 38.271286290928749 ] ], [ [ -85.804884900408425, 38.270986291781703 ], [ -85.804833900481739, 38.271176293071562 ] ], [ [ -85.804953899038239, 38.270597291092812 ], [ -85.804884900408425, 38.270986291781703 ] ], [ [ -85.804993901717353, 38.270337293266273 ], [ -85.804953899038239, 38.270597291092812 ] ], [ [ -85.805034899706243, 38.269726293273145 ], [ -85.804993901717353, 38.270337293266273 ] ], [ [ -85.805074902953251, 38.269597291412786 ], [ -85.805034899706243, 38.269726293273145 ] ], [ [ -85.80516490226529, 38.269476292270291 ], [ -85.805074902953251, 38.269597291412786 ] ], [ [ -85.805223901177683, 38.269417293613408 ], [ -85.80516490226529, 38.269476292270291 ] ], [ [ -85.805384901667665, 38.26930629339904 ], [ -85.805223901177683, 38.269417293613408 ] ], [ [ -85.805643904097195, 38.269147292394102 ], [ -85.805384901667665, 38.26930629339904 ] ], [ [ -85.805773899130713, 38.269036292552478 ], [ -85.805643904097195, 38.269147292394102 ] ], [ [ -85.805874900113309, 38.268916292930314 ], [ -85.805773899130713, 38.269036292552478 ] ], [ [ -85.805934900797169, 38.268777291865874 ], [ -85.805874900113309, 38.268916292930314 ] ], [ [ -85.805953902098651, 38.26861729141104 ], [ -85.805934900797169, 38.268777291865874 ] ], [ [ -85.80601490164301, 38.268077289888765 ], [ -85.805953902098651, 38.26861729141104 ] ], [ [ -85.806213901731269, 38.266187290012823 ], [ -85.80601490164301, 38.268077289888765 ] ], [ [ -85.806294901047963, 38.265557290148458 ], [ -85.806213901731269, 38.266187290012823 ] ], [ [ -85.806334902760355, 38.265316289810436 ], [ -85.806294901047963, 38.265557290148458 ] ], [ [ -85.806393900393502, 38.264847291616427 ], [ -85.806334902760355, 38.265316289810436 ] ], [ [ -85.80655490373988, 38.263507291740723 ], [ -85.806393900393502, 38.264847291616427 ] ], [ [ -85.806703903039065, 38.262227291864392 ], [ -85.80655490373988, 38.263507291740723 ] ], [ [ -85.777453888206807, 38.220097284382369 ], [ -85.77761489119483, 38.220306282551995 ] ], [ [ -85.77761489119483, 38.220306282551995 ], [ -85.777674888200153, 38.220387285005394 ] ], [ [ -85.777674888200153, 38.220387285005394 ], [ -85.777714888573399, 38.220416285267994 ] ], [ [ -85.777714888573399, 38.220416285267994 ], [ -85.777963891132657, 38.220637283125107 ] ], [ [ -85.777963891132657, 38.220637283125107 ], [ -85.778244888325432, 38.220846282154525 ] ], [ [ -85.80681389965288, 38.261376290286719 ], [ -85.806703903039065, 38.262227291864392 ] ], [ [ -85.806824900158063, 38.261317291848179 ], [ -85.80681389965288, 38.261376290286719 ] ], [ [ -85.806864903188171, 38.2610862914579 ], [ -85.806824900158063, 38.261317291848179 ] ], [ [ -85.806903903913948, 38.260936288745185 ], [ -85.806864903188171, 38.2610862914579 ] ], [ [ -85.751643884911047, 38.226237286144809 ], [ -85.75168388182621, 38.226546285069126 ] ], [ [ -85.751553884144599, 38.225857287621849 ], [ -85.751643884911047, 38.226237286144809 ] ], [ [ -85.751533885211074, 38.225787285614672 ], [ -85.751553884144599, 38.225857287621849 ] ], [ [ -85.751344883596701, 38.225086286411688 ], [ -85.751533885211074, 38.225787285614672 ] ], [ [ -85.751143883304337, 38.224266286125186 ], [ -85.751344883596701, 38.225086286411688 ] ], [ [ -85.751124881230652, 38.224026287572755 ], [ -85.751143883304337, 38.224266286125186 ] ], [ [ -85.751114882094328, 38.223656286716867 ], [ -85.751124881230652, 38.224026287572755 ] ], [ [ -85.751143883340845, 38.22316728500487 ], [ -85.751114882094328, 38.223656286716867 ] ], [ [ -85.751223881316463, 38.222746283535137 ], [ -85.751143883340845, 38.22316728500487 ] ], [ [ -85.751344881187208, 38.221966287009224 ], [ -85.751223881316463, 38.222746283535137 ] ], [ [ -85.751453883391108, 38.221367286782971 ], [ -85.751344881187208, 38.221966287009224 ] ], [ [ -85.751564884015977, 38.2208972856005 ], [ -85.751453883391108, 38.221367286782971 ] ], [ [ -85.751683880341275, 38.220416285159772 ], [ -85.751564884015977, 38.2208972856005 ] ], [ [ -85.752163883665261, 38.218906284652768 ], [ -85.751683880341275, 38.220416285159772 ] ], [ [ -85.752294880345005, 38.218387283861986 ], [ -85.752163883665261, 38.218906284652768 ] ], [ [ -85.752144882516617, 38.218366285246255 ], [ -85.752064880125857, 38.2186962829688 ] ], [ [ -85.752064880125857, 38.2186962829688 ], [ -85.751773880842208, 38.219647284252204 ] ], [ [ -85.751773880842208, 38.219647284252204 ], [ -85.751533882648943, 38.220447284973865 ] ], [ [ -85.751533882648943, 38.220447284973865 ], [ -85.75130488445194, 38.221406285989559 ] ], [ [ -85.75130488445194, 38.221406285989559 ], [ -85.751204879719353, 38.221926284055805 ] ], [ [ -85.751204879719353, 38.221926284055805 ], [ -85.751083880516376, 38.222617287442098 ] ], [ [ -85.751083880516376, 38.222617287442098 ], [ -85.750974884644705, 38.223376287686072 ] ], [ [ -85.750974884644705, 38.223376287686072 ], [ -85.750953884128407, 38.223846284519816 ] ], [ [ -85.750953884128407, 38.223846284519816 ], [ -85.7509848840769, 38.224137287005185 ] ], [ [ -85.7509848840769, 38.224137287005185 ], [ -85.751003881781386, 38.224337284629009 ] ], [ [ -85.751003881781386, 38.224337284629009 ], [ -85.751394884420165, 38.225836286917108 ] ], [ [ -85.751394884420165, 38.225836286917108 ], [ -85.751413884335676, 38.225916284877954 ] ], [ [ -85.751413884335676, 38.225916284877954 ], [ -85.751493880792722, 38.226227285827399 ] ], [ [ -85.751493880792722, 38.226227285827399 ], [ -85.751533884601855, 38.226577288129 ] ], [ [ -85.752303879813383, 38.218326284225057 ], [ -85.752294880345005, 38.218387283861986 ] ], [ [ -85.752334884026538, 38.218056283345867 ], [ -85.752303879813383, 38.218326284225057 ] ], [ [ -85.752353881199866, 38.217477283766286 ], [ -85.752334884026538, 38.218056283345867 ] ], [ [ -85.752343880781382, 38.216777284470822 ], [ -85.752353881199866, 38.217477283766286 ] ], [ [ -85.752353883981939, 38.215996284082308 ], [ -85.752343880781382, 38.216777284470822 ] ], [ [ -85.752393882618719, 38.215507284202069 ], [ -85.752353883981939, 38.215996284082308 ] ], [ [ -85.752474880897992, 38.21484628281371 ], [ -85.752393882618719, 38.215507284202069 ] ], [ [ -85.752523883822946, 38.214556283019434 ], [ -85.752474880897992, 38.21484628281371 ] ], [ [ -85.752554883105603, 38.214357282849285 ], [ -85.752523883822946, 38.214556283019434 ] ], [ [ -85.752583882028475, 38.214177285911717 ], [ -85.752554883105603, 38.214357282849285 ] ], [ [ -85.752903879928297, 38.212386284368591 ], [ -85.752583882028475, 38.214177285911717 ] ], [ [ -85.753004880512904, 38.211786282836698 ], [ -85.752903879928297, 38.212386284368591 ] ], [ [ -85.753094883768625, 38.211207284986898 ], [ -85.753004880512904, 38.211786282836698 ] ], [ [ -85.753134882308302, 38.210776281275926 ], [ -85.753094883768625, 38.211207284986898 ] ], [ [ -85.753123883720349, 38.210336284153939 ], [ -85.753134882308302, 38.210776281275926 ] ], [ [ -85.753083880833373, 38.210027281924944 ], [ -85.753123883720349, 38.210336284153939 ] ], [ [ -85.752983881096142, 38.209647282385241 ], [ -85.753083880833373, 38.210027281924944 ] ], [ [ -85.7528248826344, 38.209236283906691 ], [ -85.752983881096142, 38.209647282385241 ] ], [ [ -85.752504884360079, 38.208657281166033 ], [ -85.7528248826344, 38.209236283906691 ] ], [ [ -85.752273879788845, 38.20838728124901 ], [ -85.752504884360079, 38.208657281166033 ] ], [ [ -85.752033881671252, 38.208127283603709 ], [ -85.752273879788845, 38.20838728124901 ] ], [ [ -85.751543882173934, 38.20771628218467 ], [ -85.752033881671252, 38.208127283603709 ] ], [ [ -85.750974880816244, 38.207346282061458 ], [ -85.751543882173934, 38.20771628218467 ] ], [ [ -85.750593882184134, 38.207157282918246 ], [ -85.750974880816244, 38.207346282061458 ] ], [ [ -85.75012488130389, 38.206977282017128 ], [ -85.750593882184134, 38.207157282918246 ] ], [ [ -85.749684880554796, 38.206836282902188 ], [ -85.75012488130389, 38.206977282017128 ] ], [ [ -85.749174882287122, 38.206726281589553 ], [ -85.749684880554796, 38.206836282902188 ] ], [ [ -85.748504880125736, 38.206626283183581 ], [ -85.749174882287122, 38.206726281589553 ] ], [ [ -85.747893880179475, 38.206587283020816 ], [ -85.748504880125736, 38.206626283183581 ] ], [ [ -85.747104880158261, 38.206517283676845 ], [ -85.747893880179475, 38.206587283020816 ] ], [ [ -85.74642488058565, 38.206447282246401 ], [ -85.747104880158261, 38.206517283676845 ] ], [ [ -85.7457248781175, 38.206347281827156 ], [ -85.74642488058565, 38.206447282246401 ] ], [ [ -85.74515387829851, 38.206227282396775 ], [ -85.7457248781175, 38.206347281827156 ] ], [ [ -85.744883877294626, 38.206157281994976 ], [ -85.74515387829851, 38.206227282396775 ] ], [ [ -85.75215488075159, 38.218307284494074 ], [ -85.752144882516617, 38.218366285246255 ] ], [ [ -85.752173882149378, 38.218047283888396 ], [ -85.75215488075159, 38.218307284494074 ] ], [ [ -85.752204883886748, 38.217466282931028 ], [ -85.752173882149378, 38.218047283888396 ] ], [ [ -85.752194883031123, 38.216816284942297 ], [ -85.752204883886748, 38.217466282931028 ] ], [ [ -85.752204882755066, 38.216096285190574 ], [ -85.752194883031123, 38.216816284942297 ] ], [ [ -85.752244880370299, 38.215456282488965 ], [ -85.752204882755066, 38.216096285190574 ] ], [ [ -85.752313884170221, 38.2148672843554 ], [ -85.752244880370299, 38.215456282488965 ] ], [ [ -85.752363883866607, 38.214537284494419 ], [ -85.752313884170221, 38.2148672843554 ] ], [ [ -85.752393881796522, 38.214347284793583 ], [ -85.752363883866607, 38.214537284494419 ] ], [ [ -85.752424882558401, 38.214167282733399 ], [ -85.752393881796522, 38.214347284793583 ] ], [ [ -85.75275388436134, 38.212277282264743 ], [ -85.752424882558401, 38.214167282733399 ] ], [ [ -85.75289388055549, 38.211486282837257 ], [ -85.75275388436134, 38.212277282264743 ] ], [ [ -85.752983884038244, 38.210757284500026 ], [ -85.75289388055549, 38.211486282837257 ] ], [ [ -85.752973881612604, 38.210387283280589 ], [ -85.752983884038244, 38.210757284500026 ] ], [ [ -85.752943880955002, 38.210136282848289 ], [ -85.752973881612604, 38.210387283280589 ] ], [ [ -85.752874881092396, 38.209757281286912 ], [ -85.752943880955002, 38.210136282848289 ] ], [ [ -85.752744883322407, 38.209377283296639 ], [ -85.752874881092396, 38.209757281286912 ] ], [ [ -85.752533883082137, 38.208996281861886 ], [ -85.752744883322407, 38.209377283296639 ] ], [ [ -85.752384879582593, 38.208757283702482 ], [ -85.752533883082137, 38.208996281861886 ] ], [ [ -85.752223879711352, 38.208556281480561 ], [ -85.752384879582593, 38.208757283702482 ] ], [ [ -85.752054880689158, 38.2083462845901 ], [ -85.752223879711352, 38.208556281480561 ] ], [ [ -85.751813882725727, 38.208106282738655 ], [ -85.752054880689158, 38.2083462845901 ] ], [ [ -85.751484882526128, 38.207826281978882 ], [ -85.751813882725727, 38.208106282738655 ] ], [ [ -85.75099388217518, 38.207507281267652 ], [ -85.751484882526128, 38.207826281978882 ] ], [ [ -85.750664881993615, 38.207327280910739 ], [ -85.75099388217518, 38.207507281267652 ] ], [ [ -85.750314879918307, 38.207157282098436 ], [ -85.750664881993615, 38.207327280910739 ] ], [ [ -85.7498738813659, 38.207016282773452 ], [ -85.750314879918307, 38.207157282098436 ] ], [ [ -85.749473879998646, 38.206896283325655 ], [ -85.7498738813659, 38.207016282773452 ] ], [ [ -85.748983881291252, 38.206806282242688 ], [ -85.749473879998646, 38.206896283325655 ] ], [ [ -85.748464882555197, 38.206746281456205 ], [ -85.748983881291252, 38.206806282242688 ] ], [ [ -85.747903880420125, 38.206707281403794 ], [ -85.748464882555197, 38.206746281456205 ] ], [ [ -85.744293879570662, 38.205987283558734 ], [ -85.744883877294626, 38.206157281994976 ] ], [ [ -85.743954878261619, 38.205877284535653 ], [ -85.744293879570662, 38.205987283558734 ] ], [ [ -85.743384881222042, 38.20565628275827 ], [ -85.743954878261619, 38.205877284535653 ] ], [ [ -85.742884878885562, 38.205437283841135 ], [ -85.743384881222042, 38.20565628275827 ] ], [ [ -85.742664878178147, 38.205337283457602 ], [ -85.742884878885562, 38.205437283841135 ] ], [ [ -85.742244878058656, 38.205116283719633 ], [ -85.742664878178147, 38.205337283457602 ] ], [ [ -85.741953880081425, 38.20496728114437 ], [ -85.742244878058656, 38.205116283719633 ] ], [ [ -85.74146387928559, 38.204717282530041 ], [ -85.741953880081425, 38.20496728114437 ] ], [ [ -85.740904878541372, 38.204427283469904 ], [ -85.74146387928559, 38.204717282530041 ] ], [ [ -85.739983878618759, 38.203956282809983 ], [ -85.740904878541372, 38.204427283469904 ] ], [ [ -85.739483875302298, 38.203707282568359 ], [ -85.739983878618759, 38.203956282809983 ] ], [ [ -85.738903878532099, 38.20341628214512 ], [ -85.739483875302298, 38.203707282568359 ] ], [ [ -85.738323876158248, 38.203116281143295 ], [ -85.738903878532099, 38.20341628214512 ] ], [ [ -85.737704875923228, 38.202796283006812 ], [ -85.738323876158248, 38.203116281143295 ] ], [ [ -85.737164877585769, 38.202496281369946 ], [ -85.737704875923228, 38.202796283006812 ] ], [ [ -85.736944874812679, 38.202367282408467 ], [ -85.737164877585769, 38.202496281369946 ] ], [ [ -85.736714877794299, 38.202216281418487 ], [ -85.736944874812679, 38.202367282408467 ] ], [ [ -85.736484875987273, 38.202046281983549 ], [ -85.736714877794299, 38.202216281418487 ] ], [ [ -85.736243877265281, 38.201866281149428 ], [ -85.736484875987273, 38.202046281983549 ] ], [ [ -85.736044874557933, 38.201706281146478 ], [ -85.736243877265281, 38.201866281149428 ] ], [ [ -85.735824877684323, 38.201506282772108 ], [ -85.736044874557933, 38.201706281146478 ] ], [ [ -85.735634877959541, 38.201326280272049 ], [ -85.735824877684323, 38.201506282772108 ] ], [ [ -85.735353877137669, 38.20103728193385 ], [ -85.735634877959541, 38.201326280272049 ] ], [ [ -85.735163877405185, 38.200806281908463 ], [ -85.735353877137669, 38.20103728193385 ] ], [ [ -85.735073878019179, 38.200696281283982 ], [ -85.735163877405185, 38.200806281908463 ] ], [ [ -85.734933876950961, 38.200506283177425 ], [ -85.735073878019179, 38.200696281283982 ] ], [ [ -85.734793875751009, 38.200287283173665 ], [ -85.734933876950961, 38.200506283177425 ] ], [ [ -85.734654877623981, 38.20004728106499 ], [ -85.734793875751009, 38.200287283173665 ] ], [ [ -85.734443874289383, 38.199646282046928 ], [ -85.734654877623981, 38.20004728106499 ] ], [ [ -85.734263877626091, 38.199196280893737 ], [ -85.734443874289383, 38.199646282046928 ] ], [ [ -85.734163875927649, 38.19891628250236 ], [ -85.734263877626091, 38.199196280893737 ] ], [ [ -85.734123873594839, 38.198757281653393 ], [ -85.734163875927649, 38.19891628250236 ] ], [ [ -85.734064873253402, 38.198507280877116 ], [ -85.734123873594839, 38.198757281653393 ] ], [ [ -85.734014874259131, 38.198247282087088 ], [ -85.734064873253402, 38.198507280877116 ] ], [ [ -85.733893873867117, 38.197447280295542 ], [ -85.734014874259131, 38.198247282087088 ] ], [ [ -85.733773873696933, 38.196646280375667 ], [ -85.733893873867117, 38.197447280295542 ] ], [ [ -85.733754874978928, 38.19651728085703 ], [ -85.733773873696933, 38.196646280375667 ] ], [ [ -85.73368387614812, 38.196296279684539 ], [ -85.733754874978928, 38.19651728085703 ] ], [ [ -85.733583874000814, 38.195956282768222 ], [ -85.73368387614812, 38.196296279684539 ] ], [ [ -85.733493875445475, 38.195686280477162 ], [ -85.733583874000814, 38.195956282768222 ] ], [ [ -85.733413875658968, 38.195457281452619 ], [ -85.733493875445475, 38.195686280477162 ] ], [ [ -85.733283876132873, 38.195167282324 ], [ -85.733413875658968, 38.195457281452619 ] ], [ [ -85.73319387663301, 38.194977281787885 ], [ -85.733283876132873, 38.195167282324 ] ], [ [ -85.733053876889585, 38.194717279794922 ], [ -85.73319387663301, 38.194977281787885 ] ], [ [ -85.732833873412716, 38.194347282238809 ], [ -85.733053876889585, 38.194717279794922 ] ], [ [ -85.732494876974812, 38.193856280110985 ], [ -85.732833873412716, 38.194347282238809 ] ], [ [ -85.732254873476691, 38.193547282005554 ], [ -85.732494876974812, 38.193856280110985 ] ], [ [ -85.73199487373337, 38.193236281906259 ], [ -85.732254873476691, 38.193547282005554 ] ], [ [ -85.731733876205226, 38.19294728209708 ], [ -85.73199487373337, 38.193236281906259 ] ], [ [ -85.783583896421916, 38.266557293148935 ], [ -85.783024894426788, 38.267506292803333 ] ], [ [ -85.783024894426788, 38.267506292803333 ], [ -85.782744894023679, 38.268036293856539 ] ], [ [ -85.782744894023679, 38.268036293856539 ], [ -85.782553897203556, 38.268386292495968 ] ], [ [ -85.781494893669333, 38.248926289154795 ], [ -85.782034894964482, 38.248997289729651 ] ], [ [ -85.74773488445517, 38.24426629049475 ], [ -85.747573884620621, 38.245276290572498 ] ], [ [ -85.747813881635523, 38.243787288542499 ], [ -85.74773488445517, 38.24426629049475 ] ], [ [ -85.747843881801785, 38.243616288862825 ], [ -85.747813881635523, 38.243787288542499 ] ], [ [ -85.747964880366879, 38.242926290127997 ], [ -85.747843881801785, 38.243616288862825 ] ], [ [ -85.748033880617029, 38.242527290951209 ], [ -85.747964880366879, 38.242926290127997 ] ], [ [ -85.748094884703789, 38.242196288036951 ], [ -85.748033880617029, 38.242527290951209 ] ], [ [ -85.748343881846267, 38.240736290562005 ], [ -85.748094884703789, 38.242196288036951 ] ], [ [ -85.748583881423087, 38.239306288218749 ], [ -85.748343881846267, 38.240736290562005 ] ], [ [ -85.748835883716524, 38.237769286758208 ], [ -85.748583881423087, 38.239306288218749 ] ], [ [ -85.749004881635159, 38.236827287690517 ], [ -85.748835883716524, 38.237769286758208 ] ], [ [ -85.749113881527478, 38.236236286472973 ], [ -85.749004881635159, 38.236827287690517 ] ], [ [ -85.749234882611546, 38.235526288520227 ], [ -85.749113881527478, 38.236236286472973 ] ], [ [ -85.74950488338699, 38.234026287559757 ], [ -85.749234882611546, 38.235526288520227 ] ], [ [ -85.747503881517702, 38.234206286673043 ], [ -85.747313879919957, 38.23533628821292 ] ], [ [ -85.747313879919957, 38.23533628821292 ], [ -85.746934882016859, 38.237577289130449 ] ], [ [ -85.746934882016859, 38.237577289130449 ], [ -85.746844883794196, 38.238066287869891 ] ], [ [ -85.746844883794196, 38.238066287869891 ], [ -85.746794881884639, 38.238336289600838 ] ], [ [ -85.746794881884639, 38.238336289600838 ], [ -85.746664881865129, 38.239087289846317 ] ], [ [ -85.746664881865129, 38.239087289846317 ], [ -85.746413883479349, 38.240537288449218 ] ], [ [ -85.746413883479349, 38.240537288449218 ], [ -85.746344880831259, 38.240977290016922 ] ], [ [ -85.746344880831259, 38.240977290016922 ], [ -85.746174883288091, 38.241977290137172 ] ], [ [ -85.746174883288091, 38.241977290137172 ], [ -85.74611488443476, 38.242327290820221 ] ], [ [ -85.74611488443476, 38.242327290820221 ], [ -85.746034881190539, 38.242787289276031 ] ], [ [ -85.746034881190539, 38.242787289276031 ], [ -85.745923881240074, 38.24341729026267 ] ], [ [ -85.745923881240074, 38.24341729026267 ], [ -85.745804880766102, 38.244086289025553 ] ], [ [ -85.745804880766102, 38.244086289025553 ], [ -85.745634883528936, 38.245166289603482 ] ], [ [ -85.749584882995777, 38.233576286197199 ], [ -85.74950488338699, 38.234026287559757 ] ], [ [ -85.74969388213492, 38.232946289035453 ], [ -85.749584882995777, 38.233576286197199 ] ], [ [ -85.749724882626523, 38.232717289438831 ], [ -85.74969388213492, 38.232946289035453 ] ], [ [ -85.749833882167493, 38.232096286435208 ], [ -85.749724882626523, 38.232717289438831 ] ], [ [ -85.749864880835375, 38.231946286291212 ], [ -85.749833882167493, 38.232096286435208 ] ], [ [ -85.749984883811337, 38.231236286160069 ], [ -85.749864880835375, 38.231946286291212 ] ], [ [ -85.749994883801548, 38.231206287419319 ], [ -85.749984883811337, 38.231236286160069 ] ], [ [ -85.75002388442654, 38.23099728639378 ], [ -85.749994883801548, 38.231206287419319 ] ], [ [ -85.750183884674072, 38.230056285884132 ], [ -85.75002388442654, 38.23099728639378 ] ], [ [ -85.750203882623111, 38.229966287651607 ], [ -85.750183884674072, 38.230056285884132 ] ], [ [ -85.750363883475245, 38.229036285971013 ], [ -85.750203882623111, 38.229966287651607 ] ], [ [ -85.750484883402336, 38.228317288099959 ], [ -85.750363883475245, 38.229036285971013 ] ], [ [ -85.750534881599933, 38.227827285766352 ], [ -85.749113883548048, 38.228307288395577 ] ], [ [ -85.749113883548048, 38.228307288395577 ], [ -85.748814881372283, 38.228426286182369 ] ], [ [ -85.748814881372283, 38.228426286182369 ], [ -85.748594882589046, 38.228586285286987 ] ], [ [ -85.748594882589046, 38.228586285286987 ], [ -85.748464884453426, 38.228776286530426 ] ], [ [ -85.748464884453426, 38.228776286530426 ], [ -85.748393881463386, 38.228917286982039 ] ], [ [ -85.748393881463386, 38.228917286982039 ], [ -85.748263881733308, 38.229766287684185 ] ], [ [ -85.748263881733308, 38.229766287684185 ], [ -85.748104881449891, 38.230786285660905 ] ], [ [ -85.748104881449891, 38.230786285660905 ], [ -85.747924880325755, 38.231727288877579 ] ], [ [ -85.747924880325755, 38.231727288877579 ], [ -85.747843881812756, 38.23212628798592 ] ], [ [ -85.747843881812756, 38.23212628798592 ], [ -85.747773882743616, 38.232527288085137 ] ], [ [ -85.747773882743616, 38.232527288085137 ], [ -85.747644881810018, 38.233366288302562 ] ], [ [ -85.747644881810018, 38.233366288302562 ], [ -85.747583880213455, 38.233726286159161 ] ], [ [ -85.747583880213455, 38.233726286159161 ], [ -85.747503881517702, 38.234206286673043 ] ], [ [ -85.731923870640117, 38.157207272343015 ], [ -85.731653872702182, 38.157737273664104 ] ], [ [ -85.731653872702182, 38.157737273664104 ], [ -85.731643872356287, 38.157766275500109 ] ], [ [ -85.731643872356287, 38.157766275500109 ], [ -85.731573871467944, 38.157907274935646 ] ], [ [ -85.731573871467944, 38.157907274935646 ], [ -85.73148387352245, 38.158087272937109 ] ], [ [ -85.73148387352245, 38.158087272937109 ], [ -85.731314872732312, 38.158437272984699 ] ], [ [ -85.731314872732312, 38.158437272984699 ], [ -85.731144869974202, 38.158727273548436 ] ], [ [ -85.731144869974202, 38.158727273548436 ], [ -85.730983872884011, 38.158936275047367 ] ], [ [ -85.730983872884011, 38.158936275047367 ], [ -85.730763871135863, 38.159106274907501 ] ], [ [ -85.730763871135863, 38.159106274907501 ], [ -85.730523872540061, 38.159257276004652 ] ], [ [ -85.730523872540061, 38.159257276004652 ], [ -85.730454870507074, 38.159286274789892 ] ], [ [ -85.730454870507074, 38.159286274789892 ], [ -85.730253869027436, 38.159357275967011 ] ], [ [ -85.730253869027436, 38.159357275967011 ], [ -85.729933870654904, 38.159427273718634 ] ], [ [ -85.729723873815203, 38.159447274469883 ], [ -85.729933870654904, 38.159427273718634 ] ], [ [ -85.729403869739969, 38.159427275276379 ], [ -85.729723873815203, 38.159447274469883 ] ], [ [ -85.729334871718578, 38.15940627543047 ], [ -85.729403869739969, 38.159427275276379 ] ], [ [ -85.72907487137158, 38.159347274361991 ], [ -85.729334871718578, 38.15940627543047 ] ], [ [ -85.728174872014975, 38.158997273010677 ], [ -85.72907487137158, 38.159347274361991 ] ], [ [ -85.727863869667445, 38.158907273835027 ], [ -85.728174872014975, 38.158997273010677 ] ], [ [ -85.727693870144591, 38.158887274616376 ], [ -85.727863869667445, 38.158907273835027 ] ], [ [ -85.72760387180324, 38.158876275729362 ], [ -85.727693870144591, 38.158887274616376 ] ], [ [ -85.727354869237786, 38.158876274895881 ], [ -85.72760387180324, 38.158876275729362 ] ], [ [ -85.726973869671752, 38.158876273156878 ], [ -85.727354869237786, 38.158876274895881 ] ], [ [ -85.726383869433292, 38.158866275550146 ], [ -85.726973869671752, 38.158876273156878 ] ], [ [ -85.725834869745825, 38.15885627457908 ], [ -85.726383869433292, 38.158866275550146 ] ], [ [ -85.725154869017516, 38.158846273162531 ], [ -85.725834869745825, 38.15885627457908 ] ], [ [ -85.725154869017516, 38.158846273162531 ], [ -85.725083868387998, 38.158846275072136 ] ], [ [ -85.725083868387998, 38.158846275072136 ], [ -85.724574867951304, 38.158846274100227 ] ], [ [ -85.724574867951304, 38.158846274100227 ], [ -85.724093870696123, 38.158847273037445 ] ], [ [ -85.724093870696123, 38.158847273037445 ], [ -85.723913868841649, 38.158856272927451 ] ], [ [ -85.723913868841649, 38.158856272927451 ], [ -85.723603870774582, 38.15889727617138 ] ], [ [ -85.723603870774582, 38.15889727617138 ], [ -85.723383870061866, 38.158946273517486 ] ], [ [ -85.723383870061866, 38.158946273517486 ], [ -85.723183868708659, 38.159016274840432 ] ], [ [ -85.723183868708659, 38.159016274840432 ], [ -85.722944867990932, 38.159126274984452 ] ], [ [ -85.722944867990932, 38.159126274984452 ], [ -85.722814867388877, 38.159216274468541 ] ], [ [ -85.722814867388877, 38.159216274468541 ], [ -85.722567868465717, 38.159394275630966 ] ], [ [ -85.722567868465717, 38.159394275630966 ], [ -85.722483871613534, 38.15949627579775 ] ], [ [ -85.722483871613534, 38.15949627579775 ], [ -85.722393868673947, 38.159596274765931 ] ], [ [ -85.722393868673947, 38.159596274765931 ], [ -85.722274868157442, 38.159787273644994 ] ], [ [ -85.722274868157442, 38.159787273644994 ], [ -85.722193870430971, 38.159956274866595 ] ], [ [ -85.722193870430971, 38.159956274866595 ], [ -85.722113868609455, 38.160206274793737 ] ], [ [ -85.722113868609455, 38.160206274793737 ], [ -85.722054867706518, 38.160656275629449 ] ], [ [ -85.722054867706518, 38.160656275629449 ], [ -85.721994871732534, 38.161047276137353 ] ], [ [ -85.721994871732534, 38.161047276137353 ], [ -85.721943867768189, 38.16141727347663 ] ], [ [ -85.721943867768189, 38.16141727347663 ], [ -85.72186486901856, 38.162026274084667 ] ], [ [ -85.72186486901856, 38.162026274084667 ], [ -85.721713868008379, 38.163076276554882 ] ], [ [ -85.722203867951706, 38.163066275894984 ], [ -85.721713868008379, 38.163076276554882 ] ], [ [ -85.724214868167095, 38.162636274393357 ], [ -85.722203867951706, 38.163066275894984 ] ], [ [ -85.721994871732534, 38.161047276137353 ], [ -85.724304870639159, 38.161086274430929 ] ], [ [ -85.724214868167095, 38.162636274393357 ], [ -85.724304870639159, 38.161086274430929 ] ], [ [ -85.721713868008379, 38.163076276554882 ], [ -85.721644870831312, 38.16384727630755 ] ], [ [ -85.721644870831312, 38.16384727630755 ], [ -85.721504868095451, 38.165406276880198 ] ], [ [ -85.721504868095451, 38.165406276880198 ], [ -85.72127487071792, 38.168067277023454 ] ], [ [ -85.72127487071792, 38.168067277023454 ], [ -85.721263869615015, 38.168136277756005 ] ], [ [ -85.721263869615015, 38.168136277756005 ], [ -85.721554868216742, 38.168146277437273 ] ], [ [ -85.721554868216742, 38.168146277437273 ], [ -85.721753868615721, 38.168216274803036 ] ], [ [ -85.721753868615721, 38.168216274803036 ], [ -85.721883869115203, 38.168306277828577 ] ], [ [ -85.721883869115203, 38.168306277828577 ], [ -85.721973870521794, 38.16844727758469 ] ], [ [ -85.721973870521794, 38.16844727758469 ], [ -85.722004870658665, 38.168627275389831 ] ], [ [ -85.722004870658665, 38.168627275389831 ], [ -85.721983870725012, 38.168776277328476 ] ], [ [ -85.721983870725012, 38.168776277328476 ], [ -85.721923869660273, 38.168887277443723 ] ], [ [ -85.721923869660273, 38.168887277443723 ], [ -85.721833869310487, 38.168977275468677 ] ], [ [ -85.721833869310487, 38.168977275468677 ], [ -85.721724870304769, 38.169067276228709 ] ], [ [ -85.721724870304769, 38.169067276228709 ], [ -85.721604870454058, 38.169136275413912 ] ], [ [ -85.721604870454058, 38.169136275413912 ], [ -85.721443871034325, 38.169186275173374 ] ], [ [ -85.721443871034325, 38.169186275173374 ], [ -85.721343869340899, 38.169206277072995 ] ], [ [ -85.721343869340899, 38.169206277072995 ], [ -85.721213871688732, 38.169226276118245 ] ], [ [ -85.721213871688732, 38.169226276118245 ], [ -85.720813869737754, 38.169216276696211 ] ], [ [ -85.720813869737754, 38.169216276696211 ], [ -85.720503870709138, 38.169216277991332 ] ], [ [ -85.717208869314419, 38.169188275475896 ], [ -85.720503870709138, 38.169216277991332 ] ], [ [ -85.717203866261585, 38.16873627811956 ], [ -85.717208869314419, 38.169188275475896 ] ], [ [ -85.717224869638073, 38.16669627720173 ], [ -85.717203866261585, 38.16873627811956 ] ], [ [ -85.71725386833721, 38.166596277374893 ], [ -85.717224869638073, 38.16669627720173 ] ], [ [ -85.80930490200393, 38.224437283834838 ], [ -85.808804899925633, 38.224967281913976 ] ], [ [ -85.808804899925633, 38.224967281913976 ], [ -85.808044898662288, 38.225787283786346 ] ], [ [ -85.808044898662288, 38.225787283786346 ], [ -85.807213900596594, 38.226657285064142 ] ], [ [ -85.807213900596594, 38.226657285064142 ], [ -85.806874897262063, 38.226976283339681 ] ], [ [ -85.806874897262063, 38.226976283339681 ], [ -85.806433897448741, 38.227436284753125 ] ], [ [ -85.806433897448741, 38.227436284753125 ], [ -85.806064897145532, 38.227857283685836 ] ], [ [ -85.806064897145532, 38.227857283685836 ], [ -85.805564900473911, 38.228387284176719 ] ], [ [ -85.805564900473911, 38.228387284176719 ], [ -85.804643900337894, 38.229346284933193 ] ], [ [ -85.804643900337894, 38.229346284933193 ], [ -85.804434899469967, 38.229567283174319 ] ], [ [ -85.804434899469967, 38.229567283174319 ], [ -85.804034899116118, 38.22999728426435 ] ], [ [ -85.804034899116118, 38.22999728426435 ], [ -85.803843898766857, 38.230197285853926 ] ], [ [ -85.803843898766857, 38.230197285853926 ], [ -85.803324898605723, 38.230727285361596 ] ], [ [ -85.800974898311154, 38.232276283322747 ], [ -85.800903898814894, 38.23283628375146 ] ], [ [ -85.800903898814894, 38.23283628375146 ], [ -85.800823896637993, 38.233356285621149 ] ], [ [ -85.800823896637993, 38.233356285621149 ], [ -85.80070489537944, 38.23407628669041 ] ], [ [ -85.80070489537944, 38.23407628669041 ], [ -85.800614895621948, 38.234746285271108 ] ], [ [ -85.800614895621948, 38.234746285271108 ], [ -85.800333900123988, 38.236757284443541 ] ], [ [ -85.800333900123988, 38.236757284443541 ], [ -85.80056489713354, 38.23677628453531 ] ], [ [ -85.80056489713354, 38.23677628453531 ], [ -85.800434896210376, 38.237457284551674 ] ], [ [ -85.800434896210376, 38.237457284551674 ], [ -85.800403900086451, 38.237657287231904 ] ], [ [ -85.800403900086451, 38.237657287231904 ], [ -85.800313899264609, 38.238126286625324 ] ], [ [ -85.800313899264609, 38.238126286625324 ], [ -85.80020489581409, 38.238837286495425 ] ], [ [ -85.80020489581409, 38.238837286495425 ], [ -85.800074896054909, 38.23943728770567 ] ], [ [ -85.801763897595535, 38.231956283965928 ], [ -85.800974898311154, 38.232276283322747 ] ], [ [ -85.802353895837726, 38.231656285848622 ], [ -85.801763897595535, 38.231956283965928 ] ], [ [ -85.802583897936827, 38.23149628450571 ], [ -85.802353895837726, 38.231656285848622 ] ], [ [ -85.802734897348657, 38.23135728597061 ], [ -85.802583897936827, 38.23149628450571 ] ], [ [ -85.802964898315324, 38.231116285599434 ], [ -85.802734897348657, 38.23135728597061 ] ], [ [ -85.803324898605723, 38.230727285361596 ], [ -85.802964898315324, 38.231116285599434 ] ], [ [ -85.800074896054909, 38.23943728770567 ], [ -85.799833896613876, 38.240846285379831 ] ], [ [ -85.799833896613876, 38.240846285379831 ], [ -85.799584900003509, 38.242286285320652 ] ], [ [ -85.799584900003509, 38.242286285320652 ], [ -85.799454897848562, 38.242936287102985 ] ], [ [ -85.799454897848562, 38.242936287102985 ], [ -85.799343898612392, 38.24362628842551 ] ], [ [ -85.799343898612392, 38.24362628842551 ], [ -85.799214896944676, 38.244297286450461 ] ], [ [ -85.799214896944676, 38.244297286450461 ], [ -85.799084896944322, 38.244966285762459 ] ], [ [ -85.799084896944322, 38.244966285762459 ], [ -85.798883900500925, 38.246187287425371 ] ], [ [ -85.798883900500925, 38.246187287425371 ], [ -85.798623896611915, 38.247637289576218 ] ], [ [ -85.798623896611915, 38.247637289576218 ], [ -85.798343899416309, 38.249177287445036 ] ], [ [ -85.798343899416309, 38.249177287445036 ], [ -85.798263897002016, 38.249607290295096 ] ], [ [ -85.782553897203556, 38.268386292495968 ], [ -85.784104897022829, 38.268957292182023 ] ], [ [ -85.784104897022829, 38.268957292182023 ], [ -85.785793897900263, 38.269566293662244 ] ], [ [ -85.783744895875515, 38.266226293229785 ], [ -85.783583896421916, 38.266557293148935 ] ], [ [ -85.783883892549866, 38.266055294423907 ], [ -85.783744895875515, 38.266226293229785 ] ], [ [ -85.784054893264937, 38.265917291764325 ], [ -85.783883892549866, 38.266055294423907 ] ], [ [ -85.78420389398805, 38.265727293526041 ], [ -85.784054893264937, 38.265917291764325 ] ], [ [ -85.784383894292034, 38.265486292657059 ], [ -85.78420389398805, 38.265727293526041 ] ], [ [ -85.784753893947553, 38.264886290741501 ], [ -85.784383894292034, 38.265486292657059 ] ], [ [ -85.785073894123101, 38.264297291613182 ], [ -85.784753893947553, 38.264886290741501 ] ], [ [ -85.784472897036579, 38.261761291750069 ], [ -85.784644896769706, 38.262417292308804 ] ], [ [ -85.784387895076279, 38.2613282908627 ], [ -85.784472897036579, 38.261761291750069 ] ], [ [ -85.784403896262148, 38.261076292158059 ], [ -85.784387895076279, 38.2613282908627 ] ], [ [ -85.784533894500171, 38.260407291917815 ], [ -85.784403896262148, 38.261076292158059 ] ], [ [ -85.784661893550847, 38.259749289527306 ], [ -85.784533894500171, 38.260407291917815 ] ], [ [ -85.784775895005737, 38.2590392895303 ], [ -85.784661893550847, 38.259749289527306 ] ], [ [ -85.784954892940888, 38.258357292846021 ], [ -85.784775895005737, 38.2590392895303 ] ], [ [ -85.785054893702494, 38.257637290738046 ], [ -85.784954892940888, 38.258357292846021 ] ], [ [ -85.786513894437121, 38.249187290589973 ], [ -85.786473894648239, 38.249396288349942 ] ], [ [ -85.786473894648239, 38.249396288349942 ], [ -85.786423894157537, 38.249877289531881 ] ], [ [ -85.786423894157537, 38.249877289531881 ], [ -85.786344896773159, 38.250277289759708 ] ], [ [ -85.786344896773159, 38.250277289759708 ], [ -85.786254895231224, 38.250787290186345 ] ], [ [ -85.786254895231224, 38.250787290186345 ], [ -85.786134893717261, 38.251437290860245 ] ], [ [ -85.786134893717261, 38.251437290860245 ], [ -85.786034892852882, 38.252047288061355 ] ], [ [ -85.786034892852882, 38.252047288061355 ], [ -85.785843895963197, 38.253137290384103 ] ], [ [ -85.785843895963197, 38.253137290384103 ], [ -85.785753894873523, 38.253677291018491 ] ], [ [ -85.785753894873523, 38.253677291018491 ], [ -85.785663893648277, 38.254236289668484 ] ], [ [ -85.785663893648277, 38.254236289668484 ], [ -85.785534893886691, 38.254937291334251 ] ], [ [ -85.785534893886691, 38.254937291334251 ], [ -85.785383896828563, 38.255596291027189 ] ], [ [ -85.785383896828563, 38.255596291027189 ], [ -85.785293895673348, 38.256216289878488 ] ], [ [ -85.785293895673348, 38.256216289878488 ], [ -85.785163894217234, 38.25692729060593 ] ], [ [ -85.785163894217234, 38.25692729060593 ], [ -85.785054893702494, 38.257637290738046 ] ], [ [ -85.800172898466457, 38.223714281781952 ], [ -85.805214897270091, 38.22406728321031 ] ], [ [ -85.805214897270091, 38.22406728321031 ], [ -85.806874900449557, 38.224196282301037 ] ], [ [ -85.806874900449557, 38.224196282301037 ], [ -85.807634896711676, 38.224266281544978 ] ], [ [ -85.807634896711676, 38.224266281544978 ], [ -85.807854897967161, 38.224286281992065 ] ], [ [ -85.807854897967161, 38.224286281992065 ], [ -85.808703898604705, 38.224376281993926 ] ], [ [ -85.808703898604705, 38.224376281993926 ], [ -85.80930490200393, 38.224437283834838 ] ], [ [ -85.807153901748705, 38.249877289048321 ], [ -85.807944901453965, 38.249907286953857 ] ], [ [ -85.807153901748705, 38.249877289048321 ], [ -85.806954900033205, 38.249877288503164 ] ], [ [ -85.806244900409041, 38.249846286961493 ], [ -85.806954900033205, 38.249877288503164 ] ], [ [ -85.80574590250977, 38.249823287889477 ], [ -85.806244900409041, 38.249846286961493 ] ], [ [ -85.804513901689987, 38.249787288374435 ], [ -85.80574590250977, 38.249823287889477 ] ], [ [ -85.803724899407896, 38.249756289755432 ], [ -85.804513901689987, 38.249787288374435 ] ], [ [ -85.803274899680986, 38.249746288161859 ], [ -85.803724899407896, 38.249756289755432 ] ], [ [ -85.802424898785063, 38.249727287040045 ], [ -85.803274899680986, 38.249746288161859 ] ], [ [ -85.801654901071331, 38.249717289239626 ], [ -85.802424898785063, 38.249727287040045 ] ], [ [ -85.797604899815724, 38.249586288261192 ], [ -85.798263897002016, 38.249607290295096 ] ], [ [ -85.796593899599443, 38.249556288119088 ], [ -85.797604899815724, 38.249586288261192 ] ], [ [ -85.794888894830223, 38.249480290155674 ], [ -85.796593899599443, 38.249556288119088 ] ], [ [ -85.791553894093994, 38.249357288882493 ], [ -85.794888894830223, 38.249480290155674 ] ], [ [ -85.789864895196501, 38.249296290098073 ], [ -85.791553894093994, 38.249357288882493 ] ], [ [ -85.788213897122716, 38.249247289955697 ], [ -85.789864895196501, 38.249296290098073 ] ], [ [ -85.786513894437121, 38.249187290589973 ], [ -85.788213897122716, 38.249247289955697 ] ], [ [ -85.785613894275428, 38.249157290246536 ], [ -85.786513894437121, 38.249187290589973 ] ], [ [ -85.78487489436759, 38.249126289720955 ], [ -85.785613894275428, 38.249157290246536 ] ], [ [ -85.783194894566421, 38.249077290911195 ], [ -85.78487489436759, 38.249126289720955 ] ], [ [ -85.782503894141541, 38.249056290934469 ], [ -85.783194894566421, 38.249077290911195 ] ], [ [ -85.782034894964482, 38.248997289729651 ], [ -85.782503894141541, 38.249056290934469 ] ], [ [ -85.780734890901812, 38.248836288063686 ], [ -85.781494893669333, 38.248926289154795 ] ], [ [ -85.779824893459576, 38.248727288627656 ], [ -85.780734890901812, 38.248836288063686 ] ], [ [ -85.779144893820302, 38.248627289739254 ], [ -85.779824893459576, 38.248727288627656 ] ], [ [ -85.778214892521149, 38.248496290592108 ], [ -85.779144893820302, 38.248627289739254 ] ], [ [ -85.777484891383963, 38.24839628755165 ], [ -85.778214892521149, 38.248496290592108 ] ], [ [ -85.777143889613654, 38.248357289049338 ], [ -85.777484891383963, 38.24839628755165 ] ], [ [ -85.776563894268236, 38.248277289715297 ], [ -85.777143889613654, 38.248357289049338 ] ], [ [ -85.775973892146808, 38.248197291250712 ], [ -85.776563894268236, 38.248277289715297 ] ], [ [ -85.774863892816015, 38.248036289003707 ], [ -85.775973892146808, 38.248197291250712 ] ], [ [ -85.773804891680641, 38.247876289583836 ], [ -85.774863892816015, 38.248036289003707 ] ], [ [ -85.773233889267615, 38.247796290353726 ], [ -85.773804891680641, 38.247876289583836 ] ], [ [ -85.771623890960669, 38.247567289199999 ], [ -85.773233889267615, 38.247796290353726 ] ], [ [ -85.769924891112538, 38.247346290306965 ], [ -85.771623890960669, 38.247567289199999 ] ], [ [ -85.768344891230512, 38.247136287852747 ], [ -85.769924891112538, 38.247346290306965 ] ], [ [ -85.767523888560575, 38.247017288768916 ], [ -85.768344891230512, 38.247136287852747 ] ], [ [ -85.766663890577348, 38.246886290925012 ], [ -85.767523888560575, 38.247017288768916 ] ], [ [ -85.766364889327591, 38.246856290211149 ], [ -85.766663890577348, 38.246886290925012 ] ], [ [ -85.765623886441091, 38.24675729006664 ], [ -85.766364889327591, 38.246856290211149 ] ], [ [ -85.765031887404589, 38.246675288588726 ], [ -85.765623886441091, 38.24675729006664 ] ], [ [ -85.763394887415785, 38.246446288048517 ], [ -85.765031887404589, 38.246675288588726 ] ], [ [ -85.762063887876735, 38.246346289555667 ], [ -85.763394887415785, 38.246446288048517 ] ], [ [ -85.761721885225896, 38.246331290012392 ], [ -85.762063887876735, 38.246346289555667 ] ], [ [ -85.753404885706175, 38.245726290690818 ], [ -85.755024883796224, 38.245876289849321 ] ], [ [ -85.752903886093264, 38.245696291499407 ], [ -85.753404885706175, 38.245726290690818 ] ], [ [ -85.752353885258273, 38.245657291087625 ], [ -85.752903886093264, 38.245696291499407 ] ], [ [ -85.752183882035254, 38.245647290966481 ], [ -85.752353885258273, 38.245657291087625 ] ], [ [ -85.751723884101963, 38.245626289219736 ], [ -85.752183882035254, 38.245647290966481 ] ], [ [ -85.75123388308414, 38.245587291262197 ], [ -85.751723884101963, 38.245626289219736 ] ], [ [ -85.75034488262628, 38.245506290324172 ], [ -85.75123388308414, 38.245587291262197 ] ], [ [ -85.74968488332712, 38.245447289427808 ], [ -85.75034488262628, 38.245506290324172 ] ], [ [ -85.749084882049445, 38.245397288303415 ], [ -85.74968488332712, 38.245447289427808 ] ], [ [ -85.748094881478877, 38.24531728869367 ], [ -85.749084882049445, 38.245397288303415 ] ], [ [ -85.747573884620621, 38.245276290572498 ], [ -85.748094881478877, 38.24531728869367 ] ], [ [ -85.7470538812222, 38.245246290345143 ], [ -85.747573884620621, 38.245276290572498 ] ], [ [ -85.746143884282716, 38.245197288470408 ], [ -85.7470538812222, 38.245246290345143 ] ], [ [ -85.745634883528936, 38.245166289603482 ], [ -85.746143884282716, 38.245197288470408 ] ], [ [ -85.793403896833965, 38.272307293427957 ], [ -85.794272896290394, 38.272612292742636 ] ], [ [ -85.792123898944581, 38.271857294319986 ], [ -85.793403896833965, 38.272307293427957 ] ], [ [ -85.791853900090018, 38.271767292222776 ], [ -85.792123898944581, 38.271857294319986 ] ], [ [ -85.790364896306315, 38.271227293866161 ], [ -85.791853900090018, 38.271767292222776 ] ], [ [ -85.789983896115771, 38.271086291692036 ], [ -85.790364896306315, 38.271227293866161 ] ], [ [ -85.78901489619976, 38.270726294656086 ], [ -85.789983896115771, 38.271086291692036 ] ], [ [ -85.78893389526209, 38.27069729227091 ], [ -85.78901489619976, 38.270726294656086 ] ], [ [ -85.788843898398099, 38.270667292612117 ], [ -85.78893389526209, 38.27069729227091 ] ], [ [ -85.788253898233478, 38.2704562929273 ], [ -85.788843898398099, 38.270667292612117 ] ], [ [ -85.78732189646712, 38.270122294026763 ], [ -85.788253898233478, 38.2704562929273 ] ], [ [ -85.787133896175121, 38.270057292701566 ], [ -85.78732189646712, 38.270122294026763 ] ], [ [ -85.786423893882201, 38.269797291627377 ], [ -85.787133896175121, 38.270057292701566 ] ], [ [ -85.785793897900263, 38.269566293662244 ], [ -85.786423893882201, 38.269797291627377 ] ], [ [ -85.731243873415906, 38.192387278861752 ], [ -85.731733876205226, 38.19294728209708 ] ], [ [ -85.730994874563336, 38.192117281129967 ], [ -85.731243873415906, 38.192387278861752 ] ], [ [ -85.730244876556128, 38.191227279775809 ], [ -85.730994874563336, 38.192117281129967 ] ], [ [ -85.72982487167738, 38.190736281565648 ], [ -85.730244876556128, 38.191227279775809 ] ], [ [ -85.729673873764725, 38.190567279017195 ], [ -85.72982487167738, 38.190736281565648 ] ], [ [ -85.729554872665304, 38.190436278668784 ], [ -85.729673873764725, 38.190567279017195 ] ], [ [ -85.729393874865721, 38.1902462794909 ], [ -85.729554872665304, 38.190436278668784 ] ], [ [ -85.729254872668662, 38.190076279828389 ], [ -85.729393874865721, 38.1902462794909 ] ], [ [ -85.728273870960336, 38.188967280267825 ], [ -85.729254872668662, 38.190076279828389 ] ], [ [ -85.727953872892996, 38.188587280445596 ], [ -85.728273870960336, 38.188967280267825 ] ], [ [ -85.727494872964883, 38.188057278568046 ], [ -85.727953872892996, 38.188587280445596 ] ], [ [ -85.726944871671478, 38.187437281454628 ], [ -85.727494872964883, 38.188057278568046 ] ], [ [ -85.726203873477672, 38.186627280340986 ], [ -85.726944871671478, 38.187437281454628 ] ], [ [ -85.725523873231083, 38.185966280378906 ], [ -85.726203873477672, 38.186627280340986 ] ], [ [ -85.724943872838026, 38.185396280488924 ], [ -85.725523873231083, 38.185966280378906 ] ], [ [ -85.72426387313142, 38.18478628045402 ], [ -85.724943872838026, 38.185396280488924 ] ], [ [ -85.723974872835228, 38.184516279279443 ], [ -85.72426387313142, 38.18478628045402 ] ], [ [ -85.723693872268854, 38.184226278886186 ], [ -85.723974872835228, 38.184516279279443 ] ], [ [ -85.723444870824849, 38.183937281278716 ], [ -85.723693872268854, 38.184226278886186 ] ], [ [ -85.723283871275854, 38.183757277642684 ], [ -85.723444870824849, 38.183937281278716 ] ], [ [ -85.723243871806616, 38.183706277858263 ], [ -85.723283871275854, 38.183757277642684 ] ], [ [ -85.723044871142179, 38.183457280716333 ], [ -85.723243871806616, 38.183706277858263 ] ], [ [ -85.722873870255, 38.183236279262552 ], [ -85.723044871142179, 38.183457280716333 ] ], [ [ -85.722733869750741, 38.183046280785817 ], [ -85.722873870255, 38.183236279262552 ] ], [ [ -85.722553871493332, 38.182767279149765 ], [ -85.722733869750741, 38.183046280785817 ] ], [ [ -85.722343870779397, 38.182446279276839 ], [ -85.722553871493332, 38.182767279149765 ] ], [ [ -85.722094871398156, 38.182047279683445 ], [ -85.722343870779397, 38.182446279276839 ] ], [ [ -85.721994870875619, 38.181886278615231 ], [ -85.722094871398156, 38.182047279683445 ] ], [ [ -85.721914872819369, 38.181757277872933 ], [ -85.721994870875619, 38.181886278615231 ] ], [ [ -85.806973902096559, 38.260756290719009 ], [ -85.806903903913948, 38.260936288745185 ] ], [ [ -85.807033901676846, 38.260527289473117 ], [ -85.806973902096559, 38.260756290719009 ] ], [ [ -85.807134902435592, 38.259885291286928 ], [ -85.807033901676846, 38.260527289473117 ] ], [ [ -85.807304901621976, 38.258937289585994 ], [ -85.807134902435592, 38.259885291286928 ] ], [ [ -85.807504900768123, 38.257807288821439 ], [ -85.807304901621976, 38.258937289585994 ] ], [ [ -85.807584902673327, 38.257386287597718 ], [ -85.807504900768123, 38.257807288821439 ] ], [ [ -85.807703901362771, 38.256717288355816 ], [ -85.807584902673327, 38.257386287597718 ] ], [ [ -85.807714900413728, 38.2565762892471 ], [ -85.807703901362771, 38.256717288355816 ] ], [ [ -85.807693903222045, 38.256436290171351 ], [ -85.807714900413728, 38.2565762892471 ] ], [ [ -85.807644901751658, 38.256326287894019 ], [ -85.807693903222045, 38.256436290171351 ] ], [ [ -85.80755490286387, 38.25619728827408 ], [ -85.807644901751658, 38.256326287894019 ] ], [ [ -85.80740490185147, 38.256038287838379 ], [ -85.80755490286387, 38.25619728827408 ] ], [ [ -85.807324898740859, 38.255886291003577 ], [ -85.80740490185147, 38.256038287838379 ] ], [ [ -85.807364899478841, 38.255567288837447 ], [ -85.807324898740859, 38.255886291003577 ] ], [ [ -85.80746490185939, 38.25500729004127 ], [ -85.807364899478841, 38.255567288837447 ] ], [ [ -85.807523903412942, 38.254626288511105 ], [ -85.80746490185939, 38.25500729004127 ] ], [ [ -85.807554901379262, 38.254477288145672 ], [ -85.807523903412942, 38.254626288511105 ] ], [ [ -85.807804899730343, 38.253137288832271 ], [ -85.807554901379262, 38.254477288145672 ] ], [ [ -85.807854899633384, 38.25290628834459 ], [ -85.807804899730343, 38.253137288832271 ] ], [ [ -85.807883900115527, 38.252626287249015 ], [ -85.807854899633384, 38.25290628834459 ] ], [ [ -85.8078949001018, 38.252286287425584 ], [ -85.807883900115527, 38.252626287249015 ] ], [ [ -85.807933900001615, 38.250447289985551 ], [ -85.8078949001018, 38.252286287425584 ] ], [ [ -85.807933903011062, 38.250396289312164 ], [ -85.807933900001615, 38.250447289985551 ] ], [ [ -85.807933898916218, 38.250257287235527 ], [ -85.807933903011062, 38.250396289312164 ] ], [ [ -85.807944901453965, 38.249907286953857 ], [ -85.807933898916218, 38.250257287235527 ] ], [ [ -85.801654901071331, 38.249717289239626 ], [ -85.79994989856695, 38.249631289168761 ] ], [ [ -85.79994989856695, 38.249631289168761 ], [ -85.800259900366115, 38.248899287002708 ] ], [ [ -85.800259900366115, 38.248899287002708 ], [ -85.800894899808299, 38.248934286890488 ] ], [ [ -85.800894899808299, 38.248934286890488 ], [ -85.801218900576345, 38.249701288540336 ] ], [ [ -85.801218900576345, 38.249701288540336 ], [ -85.798263897002016, 38.249607290295096 ] ], [ [ -85.768407889032702, 38.246763289590405 ], [ -85.768344891230512, 38.247136287852747 ] ], [ [ -85.750693883076138, 38.228146286752235 ], [ -85.750484883402336, 38.228317288099959 ] ], [ [ -85.750884881558846, 38.228086288117765 ], [ -85.750693883076138, 38.228146286752235 ] ], [ [ -85.750884881558846, 38.228086288117765 ], [ -85.751022881258947, 38.228077287616614 ] ], [ [ -85.751022881258947, 38.228077287616614 ], [ -85.751403883801217, 38.228117285083371 ] ], [ [ -85.751403883801217, 38.228117285083371 ], [ -85.751553880960046, 38.228117285406967 ] ], [ [ -85.751654881952689, 38.228086287756057 ], [ -85.751553880960046, 38.228117285406967 ] ], [ [ -85.751733882202672, 38.228056287061051 ], [ -85.751654881952689, 38.228086287756057 ] ], [ [ -85.751823883259448, 38.22802728798564 ], [ -85.751733882202672, 38.228056287061051 ] ], [ [ -85.751983884104732, 38.227896287307274 ], [ -85.751823883259448, 38.22802728798564 ] ], [ [ -85.75204388500822, 38.227776288273375 ], [ -85.751983884104732, 38.227896287307274 ] ], [ [ -85.752054883219699, 38.227667287225977 ], [ -85.75204388500822, 38.227776288273375 ] ], [ [ -85.752003882232444, 38.22734628757798 ], [ -85.752054883219699, 38.227667287225977 ] ], [ [ -85.75168388182621, 38.226546285069126 ], [ -85.752003882232444, 38.22734628757798 ] ], [ [ -85.751533884601855, 38.226577288129 ], [ -85.751334882318957, 38.226916285478531 ] ], [ [ -85.751334882318957, 38.226916285478531 ], [ -85.751273884139934, 38.227076287667849 ] ], [ [ -85.751273884139934, 38.227076287667849 ], [ -85.751133880939562, 38.227346285345938 ] ], [ [ -85.751133880939562, 38.227346285345938 ], [ -85.75099388431255, 38.227526287396891 ] ], [ [ -85.75099388431255, 38.227526287396891 ], [ -85.750852882216392, 38.227658285219164 ] ], [ [ -85.750852882216392, 38.227658285219164 ], [ -85.750714882143214, 38.227747287502986 ] ], [ [ -85.750714882143214, 38.227747287502986 ], [ -85.750534881599933, 38.227827285766352 ] ], [ [ -85.747903880420125, 38.206707281403794 ], [ -85.747514879764765, 38.206787283517997 ] ], [ [ -85.747514879764765, 38.206787283517997 ], [ -85.747403882065257, 38.206826281505258 ] ], [ [ -85.747403882065257, 38.206826281505258 ], [ -85.747334878619881, 38.206887281589005 ] ], [ [ -85.747334878619881, 38.206887281589005 ], [ -85.747273881960439, 38.206977283691522 ] ], [ [ -85.747273881960439, 38.206977283691522 ], [ -85.747254880644817, 38.207088282116828 ] ], [ [ -85.747254880644817, 38.207088282116828 ], [ -85.747273879349933, 38.207176283055134 ] ], [ [ -85.747273879349933, 38.207176283055134 ], [ -85.747334878200817, 38.207266282168575 ] ], [ [ -85.747334878200817, 38.207266282168575 ], [ -85.747403881179736, 38.207327283205622 ] ], [ [ -85.747403881179736, 38.207327283205622 ], [ -85.74752488119104, 38.207376281399981 ] ], [ [ -85.74752488119104, 38.207376281399981 ], [ -85.748843882946815, 38.207577283262822 ] ], [ [ -85.748843882946815, 38.207577283262822 ], [ -85.749984879531425, 38.207746283162912 ] ], [ [ -85.750323878545089, 38.207796283925312 ], [ -85.749984879531425, 38.207746283162912 ] ], [ [ -85.750584881564464, 38.207806282981615 ], [ -85.750323878545089, 38.207796283925312 ] ], [ [ -85.750764882349486, 38.207736284112471 ], [ -85.750584881564464, 38.207806282981615 ] ], [ [ -85.75099388217518, 38.207507281267652 ], [ -85.750764882349486, 38.207736284112471 ] ], [ [ -85.751474879641577, 38.192266280486166 ], [ -85.750944879508026, 38.192287280256622 ] ], [ [ -85.751884880335155, 38.192256280648081 ], [ -85.751474879641577, 38.192266280486166 ] ], [ [ -85.753644880905199, 38.192197277742601 ], [ -85.751884880335155, 38.192256280648081 ] ], [ [ -85.753644880905199, 38.192197277742601 ], [ -85.754394883557367, 38.192197278643434 ] ], [ [ -85.754394883557367, 38.192197278643434 ], [ -85.754823880434628, 38.192207278189265 ] ], [ [ -85.754823880434628, 38.192207278189265 ], [ -85.755124879460965, 38.192207279017822 ] ], [ [ -85.755444881511863, 38.192217281382106 ], [ -85.755124879460965, 38.192207279017822 ] ], [ [ -85.755633879701335, 38.192217280444289 ], [ -85.755444881511863, 38.192217281382106 ] ], [ [ -85.755794882037705, 38.192217279989748 ], [ -85.755633879701335, 38.192217280444289 ] ], [ [ -85.755943881893216, 38.192197279144182 ], [ -85.755794882037705, 38.192217279989748 ] ], [ [ -85.756104882841626, 38.192156278125857 ], [ -85.755943881893216, 38.192197279144182 ] ], [ [ -85.756233879536168, 38.192117279453505 ], [ -85.756104882841626, 38.192156278125857 ] ], [ [ -85.75636388168175, 38.19205627938026 ], [ -85.756233879536168, 38.192117279453505 ] ], [ [ -85.756493879810975, 38.191986281353515 ], [ -85.75636388168175, 38.19205627938026 ] ], [ [ -85.756604880437834, 38.19189628069585 ], [ -85.756493879810975, 38.191986281353515 ] ], [ [ -85.75670488001397, 38.191806281217076 ], [ -85.756604880437834, 38.19189628069585 ] ], [ [ -85.75678488012656, 38.191706278691299 ], [ -85.75670488001397, 38.191806281217076 ] ], [ [ -85.756843880484951, 38.191596279210579 ], [ -85.75678488012656, 38.191706278691299 ] ], [ [ -85.756893882671065, 38.191497278460702 ], [ -85.756843880484951, 38.191596279210579 ] ], [ [ -85.756914883927749, 38.191407279287603 ], [ -85.756893882671065, 38.191497278460702 ] ], [ [ -85.75693388128893, 38.191307278232181 ], [ -85.756914883927749, 38.191407279287603 ] ], [ [ -85.756933880049544, 38.19119727848134 ], [ -85.75693388128893, 38.191307278232181 ] ], [ [ -85.756924882987036, 38.191066278595109 ], [ -85.756933880049544, 38.19119727848134 ] ], [ [ -85.756893879712251, 38.190927279084924 ], [ -85.756924882987036, 38.191066278595109 ] ], [ [ -85.756824883357922, 38.19069627863221 ], [ -85.756893879712251, 38.190927279084924 ] ], [ [ -85.756744880527393, 38.190356278732857 ], [ -85.756824883357922, 38.19069627863221 ] ], [ [ -85.756734879516316, 38.190327278971722 ], [ -85.756744880527393, 38.190356278732857 ] ], [ [ -85.75668388088782, 38.190137279655517 ], [ -85.756734879516316, 38.190327278971722 ] ], [ [ -85.756514882810635, 38.189466280274587 ], [ -85.75668388088782, 38.190137279655517 ] ], [ [ -85.75622388033608, 38.188366279978588 ], [ -85.756514882810635, 38.189466280274587 ] ], [ [ -85.755354879718595, 38.185116276062978 ], [ -85.75622388033608, 38.188366279978588 ] ], [ [ -85.755193878216474, 38.184516279099292 ], [ -85.755354879718595, 38.185116276062978 ] ], [ [ -85.755093881502617, 38.18417727751752 ], [ -85.755193878216474, 38.184516279099292 ] ], [ [ -85.755034879080071, 38.184017278624694 ], [ -85.755093881502617, 38.18417727751752 ] ], [ [ -85.754934880604154, 38.183856277356654 ], [ -85.755034879080071, 38.184017278624694 ] ], [ [ -85.754823882577512, 38.183737276287808 ], [ -85.754934880604154, 38.183856277356654 ] ], [ [ -85.754693878296393, 38.18364727835754 ], [ -85.754823882577512, 38.183737276287808 ] ], [ [ -85.754553881247844, 38.183547278392147 ], [ -85.754693878296393, 38.18364727835754 ] ], [ [ -85.754394880371493, 38.183457276403416 ], [ -85.754553881247844, 38.183547278392147 ] ], [ [ -85.754004881211003, 38.183256276794779 ], [ -85.754394880371493, 38.183457276403416 ] ], [ [ -85.753423880253521, 38.182927276739235 ], [ -85.754004881211003, 38.183256276794779 ] ], [ [ -85.753173881658071, 38.182796278209487 ], [ -85.753423880253521, 38.182927276739235 ] ], [ [ -85.753364877744843, 38.182596276517614 ], [ -85.753173881658071, 38.182796278209487 ] ], [ [ -85.753724880697661, 38.182217277051727 ], [ -85.753364877744843, 38.182596276517614 ] ], [ [ -85.753950878646265, 38.182044276854697 ], [ -85.753724880697661, 38.182217277051727 ] ], [ [ -85.75410388156206, 38.181966277644186 ], [ -85.753950878646265, 38.182044276854697 ] ], [ [ -85.754383880484056, 38.181886276986987 ], [ -85.75410388156206, 38.181966277644186 ] ], [ [ -85.754683879075742, 38.181837278526849 ], [ -85.754383880484056, 38.181886276986987 ] ], [ [ -85.754773881227322, 38.181826278879029 ], [ -85.754683879075742, 38.181837278526849 ] ], [ [ -85.755053881344239, 38.181777276468104 ], [ -85.754773881227322, 38.181826278879029 ] ], [ [ -85.7563448820448, 38.181526277171102 ], [ -85.755053881344239, 38.181777276468104 ] ], [ [ -85.756723882235761, 38.181417278136919 ], [ -85.7563448820448, 38.181526277171102 ] ], [ [ -85.75769488032968, 38.181076276827802 ], [ -85.756723882235761, 38.181417278136919 ] ], [ [ -85.758643880595656, 38.180857278744632 ], [ -85.75769488032968, 38.181076276827802 ] ], [ [ -85.758833882761564, 38.180806275909767 ], [ -85.758643880595656, 38.180857278744632 ] ], [ [ -85.759034882554829, 38.180796278358017 ], [ -85.758833882761564, 38.180806275909767 ] ], [ [ -85.758954879998541, 38.180487276168343 ], [ -85.759034882554829, 38.180796278358017 ] ], [ [ -85.756903881997701, 38.175467276661941 ], [ -85.758954879998541, 38.180487276168343 ] ], [ [ -85.756824878735742, 38.175336277935386 ], [ -85.756903881997701, 38.175467276661941 ] ], [ [ -85.756704882274889, 38.175287276891943 ], [ -85.756824878735742, 38.175336277935386 ] ], [ [ -85.756704882274889, 38.175287276891943 ], [ -85.756583879210325, 38.17528727751241 ] ], [ [ -85.756583879210325, 38.17528727751241 ], [ -85.756403878494467, 38.175326276451756 ] ], [ [ -85.756403878494467, 38.175326276451756 ], [ -85.753523881278156, 38.17609727670505 ] ], [ [ -85.752933881475826, 38.173986274535196 ], [ -85.753523881278156, 38.17609727670505 ] ], [ [ -85.752874877089354, 38.173767275249467 ], [ -85.752933881475826, 38.173986274535196 ] ], [ [ -85.75275387863158, 38.173336277203347 ], [ -85.752874877089354, 38.173767275249467 ] ], [ [ -85.752523878868416, 38.172507275180138 ], [ -85.75275387863158, 38.173336277203347 ] ], [ [ -85.752523878868416, 38.172507275180138 ], [ -85.752713878144476, 38.172507275717102 ] ], [ [ -85.752713878144476, 38.172507275717102 ], [ -85.752834880223332, 38.172536277528415 ] ], [ [ -85.752834880223332, 38.172536277528415 ], [ -85.752943880374531, 38.172597274815061 ] ], [ [ -85.752943880374531, 38.172597274815061 ], [ -85.753044880323202, 38.172726276181386 ] ], [ [ -85.753044880323202, 38.172726276181386 ], [ -85.753083879000741, 38.172816274212714 ] ], [ [ -85.753083879000741, 38.172816274212714 ], [ -85.75309487802123, 38.172937275849691 ] ], [ [ -85.75309487802123, 38.172937275849691 ], [ -85.753063879047644, 38.173056274735913 ] ], [ [ -85.753063879047644, 38.173056274735913 ], [ -85.752993879431287, 38.173176277282316 ] ], [ [ -85.752993879431287, 38.173176277282316 ], [ -85.752883879386488, 38.17327627609972 ] ], [ [ -85.752883879386488, 38.17327627609972 ], [ -85.75275387863158, 38.173336277203347 ] ], [ [ -85.75275387863158, 38.173336277203347 ], [ -85.752564878981389, 38.173387274619294 ] ], [ [ -85.752564878981389, 38.173387274619294 ], [ -85.752424877366309, 38.17339727564346 ] ], [ [ -85.752334879704492, 38.173377277098787 ], [ -85.752424877366309, 38.17339727564346 ] ], [ [ -85.752223880728664, 38.173346274972467 ], [ -85.752334879704492, 38.173377277098787 ] ], [ [ -85.752114877852122, 38.173287275045013 ], [ -85.752223880728664, 38.173346274972467 ] ], [ [ -85.751983881236853, 38.17318627404871 ], [ -85.752114877852122, 38.173287275045013 ] ], [ [ -85.751754878705597, 38.172976277218126 ], [ -85.751983881236853, 38.17318627404871 ] ], [ [ -85.751514879393341, 38.172786274460925 ], [ -85.751754878705597, 38.172976277218126 ] ], [ [ -85.751363877155768, 38.172696275522007 ], [ -85.751514879393341, 38.172786274460925 ] ], [ [ -85.751103878333268, 38.172587276645487 ], [ -85.751363877155768, 38.172696275522007 ] ], [ [ -85.750913879847133, 38.17250727453883 ], [ -85.751103878333268, 38.172587276645487 ] ], [ [ -85.750434880276444, 38.172317275094599 ], [ -85.750913879847133, 38.17250727453883 ] ], [ [ -85.750034879588966, 38.172156276030712 ], [ -85.750434880276444, 38.172317275094599 ] ], [ [ -85.749864878701246, 38.172076276021038 ], [ -85.750034879588966, 38.172156276030712 ] ], [ [ -85.749774880121734, 38.172016274363834 ], [ -85.749864878701246, 38.172076276021038 ] ], [ [ -85.749544880204169, 38.1718672765926 ], [ -85.749774880121734, 38.172016274363834 ] ], [ [ -85.749674875642896, 38.171726274337857 ], [ -85.749544880204169, 38.1718672765926 ] ], [ [ -85.749783877498913, 38.171587275480974 ], [ -85.749674875642896, 38.171726274337857 ] ], [ [ -85.749864879693973, 38.17142727644417 ], [ -85.749783877498913, 38.171587275480974 ] ], [ [ -85.749913876171902, 38.171286275045638 ], [ -85.749864879693973, 38.17142727644417 ] ], [ [ -85.749954879915705, 38.171137274535468 ], [ -85.749913876171902, 38.171286275045638 ] ], [ [ -85.749973878748094, 38.170977276138181 ], [ -85.749954879915705, 38.171137274535468 ] ], [ [ -85.749954876151477, 38.170816276424567 ], [ -85.749973878748094, 38.170977276138181 ] ], [ [ -85.749913879780934, 38.170646276684025 ], [ -85.749954876151477, 38.170816276424567 ] ], [ [ -85.749833877362732, 38.170456276607275 ], [ -85.749913879780934, 38.170646276684025 ] ], [ [ -85.74949487918893, 38.16991627574761 ], [ -85.749833877362732, 38.170456276607275 ] ], [ [ -85.748803876608264, 38.168807275063791 ], [ -85.74949487918893, 38.16991627574761 ] ], [ [ -85.747903875489953, 38.167336274796611 ], [ -85.748803876608264, 38.168807275063791 ] ], [ [ -85.747493878692723, 38.166657275430275 ], [ -85.747903875489953, 38.167336274796611 ] ], [ [ -85.746593879014995, 38.165197275060855 ], [ -85.747493878692723, 38.166657275430275 ] ], [ [ -85.746063877785858, 38.16427627426112 ], [ -85.746593879014995, 38.165197275060855 ] ], [ [ -85.745883873928676, 38.163916275464082 ], [ -85.746063877785858, 38.16427627426112 ] ], [ [ -85.745714878544248, 38.163577275587834 ], [ -85.745883873928676, 38.163916275464082 ] ], [ [ -85.745563876636623, 38.163246273654849 ], [ -85.745714878544248, 38.163577275587834 ] ], [ [ -85.745423875731646, 38.162916273688239 ], [ -85.745563876636623, 38.163246273654849 ] ], [ [ -85.745304876293446, 38.162587274550461 ], [ -85.745423875731646, 38.162916273688239 ] ], [ [ -85.745184874024815, 38.162276273575202 ], [ -85.745304876293446, 38.162587274550461 ] ], [ [ -85.745084875939597, 38.16196727499139 ], [ -85.745184874024815, 38.162276273575202 ] ], [ [ -85.744994874077037, 38.161666274091488 ], [ -85.745084875939597, 38.16196727499139 ] ], [ [ -85.744803877233636, 38.16088727421333 ], [ -85.744994874077037, 38.161666274091488 ] ], [ [ -85.744783877357619, 38.160787273524328 ], [ -85.744803877233636, 38.16088727421333 ] ], [ [ -85.744113874778634, 38.157796273888025 ], [ -85.744783877357619, 38.160787273524328 ] ], [ [ -85.743864877693781, 38.156907274099332 ], [ -85.744113874778634, 38.157796273888025 ] ], [ [ -85.743104874723869, 38.154767271551194 ], [ -85.743864877693781, 38.156907274099332 ] ], [ [ -85.742953875590374, 38.154466274119493 ], [ -85.743104874723869, 38.154767271551194 ] ], [ [ -85.742773873620663, 38.154227273287091 ], [ -85.742953875590374, 38.154466274119493 ] ], [ [ -85.74239487555522, 38.15391627128448 ], [ -85.742773873620663, 38.154227273287091 ] ], [ [ -85.741953874756149, 38.153677271709881 ], [ -85.74239487555522, 38.15391627128448 ] ], [ [ -85.741453875520179, 38.153527273357078 ], [ -85.741953874756149, 38.153677271709881 ] ], [ [ -85.740904875671959, 38.153466271238386 ], [ -85.741453875520179, 38.153527273357078 ] ], [ [ -85.740293874382004, 38.153466273397271 ], [ -85.740904875671959, 38.153466271238386 ] ], [ [ -85.738933872175778, 38.153476272499823 ], [ -85.740293874382004, 38.153466273397271 ] ], [ [ -85.737524875024775, 38.1534372739847 ], [ -85.738933872175778, 38.153476272499823 ] ], [ [ -85.736634874237311, 38.153417271572899 ], [ -85.737524875024775, 38.1534372739847 ] ], [ [ -85.736293874136194, 38.153417274837651 ], [ -85.736634874237311, 38.153417271572899 ] ], [ [ -85.735383872729074, 38.153356273886331 ], [ -85.736293874136194, 38.153417274837651 ] ], [ [ -85.733894872626237, 38.153278273339019 ], [ -85.735383872729074, 38.153356273886331 ] ], [ [ -85.733894872626237, 38.153278273339019 ], [ -85.732984869769709, 38.155066275449556 ] ], [ [ -85.732984869769709, 38.155066275449556 ], [ -85.732833872054798, 38.155356273966241 ] ], [ [ -85.732833872054798, 38.155356273966241 ], [ -85.73232387156061, 38.156346275111972 ] ], [ [ -85.73232387156061, 38.156346275111972 ], [ -85.732034871042359, 38.156937275831673 ] ], [ [ -85.732034871042359, 38.156937275831673 ], [ -85.731923870640117, 38.157207272343015 ] ], [ [ -85.721263869615015, 38.168136277756005 ], [ -85.721213871688732, 38.169226276118245 ] ], [ [ -85.721213871688732, 38.169226276118245 ], [ -85.721163868410258, 38.170186278083307 ] ], [ [ -85.71725386833721, 38.166596277374893 ], [ -85.717255865648795, 38.165323275977357 ] ], [ [ -85.717255865648795, 38.165323275977357 ], [ -85.718165868516579, 38.165367275715589 ] ], [ [ -85.718165868516579, 38.165367275715589 ], [ -85.718453869609078, 38.165483275936175 ] ], [ [ -85.718453869609078, 38.165483275936175 ], [ -85.718614869104954, 38.165474276752143 ] ], [ [ -85.718614869104954, 38.165474276752143 ], [ -85.718718868699057, 38.165402275640162 ] ], [ [ -85.718718868699057, 38.165402275640162 ], [ -85.718776870582658, 38.165286276469615 ] ], [ [ -85.718776870582658, 38.165286276469615 ], [ -85.718718870056577, 38.165215274809093 ] ], [ [ -85.718718870056577, 38.165215274809093 ], [ -85.718568868652284, 38.165170275800072 ] ], [ [ -85.718568868652284, 38.165170275800072 ], [ -85.718361867190353, 38.165161274750673 ] ], [ [ -85.718361867190353, 38.165161274750673 ], [ -85.718245869103853, 38.165206275197718 ] ], [ [ -85.718245869103853, 38.165206275197718 ], [ -85.718199866257223, 38.165278277168355 ] ], [ [ -85.718199866257223, 38.165278277168355 ], [ -85.718165868516579, 38.165367275715589 ] ], [ [ -85.721163868410258, 38.170186278083307 ], [ -85.721104867447011, 38.172027276594385 ] ], [ [ -85.721104867447011, 38.172027276594385 ], [ -85.721094872161601, 38.172256278800049 ] ], [ [ -85.721094872161601, 38.172256278800049 ], [ -85.720983868793752, 38.173047278885093 ] ], [ [ -85.720983868793752, 38.173047278885093 ], [ -85.720964872063192, 38.173166278588575 ] ], [ [ -85.720964872063192, 38.173166278588575 ], [ -85.720834870736795, 38.173816278708607 ] ], [ [ -85.720834870736795, 38.173816278708607 ], [ -85.720824870356111, 38.17394727647558 ] ], [ [ -85.720824870356111, 38.17394727647558 ], [ -85.72083886801903, 38.174123276600355 ] ], [ [ -85.72083886801903, 38.174123276600355 ], [ -85.720903870422703, 38.174266277933853 ] ], [ [ -85.720903870422703, 38.174266277933853 ], [ -85.720983872244204, 38.174406278512059 ] ], [ [ -85.720983872244204, 38.174406278512059 ], [ -85.721094871381382, 38.174567279022938 ] ], [ [ -85.721094871381382, 38.174567279022938 ], [ -85.721623871015652, 38.175017278372678 ] ], [ [ -85.721623871015652, 38.175017278372678 ], [ -85.721713869799274, 38.175107278176007 ] ], [ [ -85.721713869799274, 38.175107278176007 ], [ -85.721853870322278, 38.175256277810014 ] ], [ [ -85.721853870322278, 38.175256277810014 ], [ -85.721994869774349, 38.175537279556814 ] ], [ [ -85.721994869774349, 38.175537279556814 ], [ -85.722023869181513, 38.175696279023974 ] ], [ [ -85.722023869181513, 38.175696279023974 ], [ -85.722023870810673, 38.175846279211392 ] ], [ [ -85.722023870810673, 38.175846279211392 ], [ -85.721994870679296, 38.176036278952516 ] ], [ [ -85.721994870679296, 38.176036278952516 ], [ -85.721893869358055, 38.176267277289959 ] ], [ [ -85.721893869358055, 38.176267277289959 ], [ -85.721644872042845, 38.176557277321137 ] ], [ [ -85.721644872042845, 38.176557277321137 ], [ -85.721383871404683, 38.176817279828754 ] ], [ [ -85.721383871404683, 38.176817279828754 ], [ -85.721263870314772, 38.176956276719977 ] ], [ [ -85.721263870314772, 38.176956276719977 ], [ -85.720993870107264, 38.17726727870329 ] ], [ [ -85.720993870107264, 38.17726727870329 ], [ -85.720683871737208, 38.177617278102623 ] ], [ [ -85.720683871737208, 38.177617278102623 ], [ -85.720583869002397, 38.177736279160854 ] ], [ [ -85.720583869002397, 38.177736279160854 ], [ -85.720644871685735, 38.177877278128975 ] ], [ [ -85.720644871685735, 38.177877278128975 ], [ -85.720713869354284, 38.177977279326754 ] ], [ [ -85.720713869354284, 38.177977279326754 ], [ -85.720794868222214, 38.178067280008776 ] ], [ [ -85.720794868222214, 38.178067280008776 ], [ -85.720914867981449, 38.178247278582397 ] ], [ [ -85.720914867981449, 38.178247278582397 ], [ -85.720953869499795, 38.178466277184079 ] ], [ [ -85.720953869499795, 38.178466277184079 ], [ -85.720943871694161, 38.178877278115252 ] ], [ [ -85.720943871694161, 38.178877278115252 ], [ -85.72090386939513, 38.179196279541678 ] ], [ [ -85.72090386939513, 38.179196279541678 ], [ -85.720943869573119, 38.179566278404707 ] ], [ [ -85.720943869573119, 38.179566278404707 ], [ -85.721064869072237, 38.17994727827994 ] ], [ [ -85.721064869072237, 38.17994727827994 ], [ -85.721393872220077, 38.180536278031511 ] ], [ [ -85.721393872220077, 38.180536278031511 ], [ -85.721734871220178, 38.181186277053143 ] ], [ [ -85.721734871220178, 38.181186277053143 ], [ -85.721914872819369, 38.181757277872933 ] ], [ [ -85.797644898032246, 38.223527282332448 ], [ -85.800172898466457, 38.223714281781952 ] ], [ [ -85.795124893313158, 38.22335728406113 ], [ -85.797644898032246, 38.223527282332448 ] ], [ [ -85.793113895507133, 38.223216283395146 ], [ -85.795124893313158, 38.22335728406113 ] ], [ [ -85.792493892765719, 38.223186284745267 ], [ -85.793113895507133, 38.223216283395146 ] ], [ [ -85.791283893259774, 38.223096282138322 ], [ -85.792493892765719, 38.223186284745267 ] ], [ [ -85.790074892427953, 38.223016285074067 ], [ -85.791283893259774, 38.223096282138322 ] ], [ [ -85.788853893772654, 38.222926285736143 ], [ -85.790074892427953, 38.223016285074067 ] ], [ [ -85.788024892398525, 38.22287728382279 ], [ -85.788853893772654, 38.222926285736143 ] ], [ [ -85.785354893719102, 38.222686283620469 ], [ -85.788024892398525, 38.22287728382279 ] ], [ [ -85.78441489360246, 38.222556282836351 ], [ -85.785354893719102, 38.222686283620469 ] ], [ [ -85.783893890752992, 38.222457283389126 ], [ -85.78441489360246, 38.222556282836351 ] ], [ [ -85.782823890299795, 38.222187284516124 ], [ -85.783893890752992, 38.222457283389126 ] ], [ [ -85.781934893530973, 38.22193628499727 ], [ -85.782823890299795, 38.222187284516124 ] ], [ [ -85.781714891055074, 38.221876282742805 ], [ -85.781934893530973, 38.22193628499727 ] ], [ [ -85.781513892122348, 38.221817283819604 ], [ -85.781714891055074, 38.221876282742805 ] ], [ [ -85.780923890855689, 38.22164728266597 ], [ -85.781513892122348, 38.221817283819604 ] ], [ [ -85.780113889283925, 38.221447284510461 ], [ -85.780923890855689, 38.22164728266597 ] ], [ [ -85.779543891549494, 38.221306283958917 ], [ -85.780113889283925, 38.221447284510461 ] ], [ [ -85.779133889662958, 38.221206282832732 ], [ -85.779543891549494, 38.221306283958917 ] ], [ [ -85.77885389124674, 38.221116284317361 ], [ -85.779133889662958, 38.221206282832732 ] ], [ [ -85.778593891331738, 38.221017282888205 ], [ -85.77885389124674, 38.221116284317361 ] ], [ [ -85.778244888325432, 38.220846282154525 ], [ -85.778593891331738, 38.221017282888205 ] ], [ [ -85.767103887237482, 38.231517287135631 ], [ -85.767153889491112, 38.231776287445889 ] ], [ [ -85.767153889491112, 38.231776287445889 ], [ -85.767354885788762, 38.23303628786045 ] ], [ [ -85.767354885788762, 38.23303628786045 ], [ -85.767373886828167, 38.233446288886945 ] ], [ [ -85.767373886828167, 38.233446288886945 ], [ -85.767423889690932, 38.234006285842248 ] ], [ [ -85.767423889690932, 38.234006285842248 ], [ -85.767473888971864, 38.234626287848464 ] ], [ [ -85.767473888971864, 38.234626287848464 ], [ -85.767523888981415, 38.235346289047563 ] ], [ [ -85.767523888981415, 38.235346289047563 ], [ -85.767534886600032, 38.235567288335368 ] ], [ [ -85.767534886600032, 38.235567288335368 ], [ -85.767534887291802, 38.235716286484866 ] ], [ [ -85.767534887291802, 38.235716286484866 ], [ -85.767553890227035, 38.235826286201814 ] ], [ [ -85.767553890227035, 38.235826286201814 ], [ -85.767774886214326, 38.236937288454122 ] ], [ [ -85.767774886214326, 38.236937288454122 ], [ -85.767894889822855, 38.237516286454081 ] ], [ [ -85.767894889822855, 38.237516286454081 ], [ -85.767984887279511, 38.238066288106026 ] ], [ [ -85.767984887279511, 38.238066288106026 ], [ -85.768003888317679, 38.238537289478515 ] ], [ [ -85.768003888317679, 38.238537289478515 ], [ -85.768023887196179, 38.238866286443397 ] ], [ [ -85.768023887196179, 38.238866286443397 ], [ -85.768003889210902, 38.239336287687046 ] ], [ [ -85.768003889210902, 38.239336287687046 ], [ -85.767994888737618, 38.239506289043568 ] ], [ [ -85.767994888737618, 38.239506289043568 ], [ -85.767973886514838, 38.239627286168897 ] ], [ [ -85.767973886514838, 38.239627286168897 ], [ -85.767923888348932, 38.240007287031652 ] ], [ [ -85.767923888348932, 38.240007287031652 ], [ -85.767854890617215, 38.24037628838154 ] ], [ [ -85.767854890617215, 38.24037628838154 ], [ -85.767733888063987, 38.241057288586276 ] ], [ [ -85.767733888063987, 38.241057288586276 ], [ -85.767584890850458, 38.241867289485306 ] ], [ [ -85.767584890850458, 38.241867289485306 ], [ -85.767473888004687, 38.242536288064954 ] ], [ [ -85.767473888004687, 38.242536288064954 ], [ -85.767393888974368, 38.242986288837763 ] ], [ [ -85.767393888974368, 38.242986288837763 ], [ -85.767293890941886, 38.243546287888101 ] ], [ [ -85.767293890941886, 38.243546287888101 ], [ -85.767193886494965, 38.244047287759514 ] ], [ [ -85.767193886494965, 38.244047287759514 ], [ -85.767158889558189, 38.244284288205641 ] ], [ [ -85.767158889558189, 38.244284288205641 ], [ -85.767113889068753, 38.244536290242614 ] ], [ [ -85.767113889068753, 38.244536290242614 ], [ -85.767073886596066, 38.24475728934695 ] ], [ [ -85.767073886596066, 38.24475728934695 ], [ -85.767023890829478, 38.245006290574914 ] ], [ [ -85.767023890829478, 38.245006290574914 ], [ -85.766994889426627, 38.245166290370918 ] ], [ [ -85.766994889426627, 38.245166290370918 ], [ -85.766943887312976, 38.245336287826667 ] ], [ [ -85.766943887312976, 38.245336287826667 ], [ -85.766883886656828, 38.245477290507601 ] ], [ [ -85.766883886656828, 38.245477290507601 ], [ -85.766814889485772, 38.245626288682246 ] ], [ [ -85.766814889485772, 38.245626288682246 ], [ -85.766644888939695, 38.245896289259797 ] ], [ [ -85.766644888939695, 38.245896289259797 ], [ -85.76657388702003, 38.246027290191677 ] ], [ [ -85.76657388702003, 38.246027290191677 ], [ -85.766533889253864, 38.246117290099356 ] ], [ [ -85.766533889253864, 38.246117290099356 ], [ -85.766364889327591, 38.246856290211149 ] ] ] } },
{ "type": "Feature", "properties": { "OBJECTID": 23, "ROUTE_NAME": "Muhammad Ali Boulevard", "ROUTE_TYPE": "Local Route", "ROUTE_NUMBER": 19, "TARC_WEB": "https://www.ridetarc.org/bus_routes/muhammad-ali-blvd/", "SHAPELEN": 237235.62957246299 }, "geometry": { "type": "MultiLineString", "coordinates": [ [ [ -85.893054916592803, 38.125396260790254 ], [ -85.892824917171723, 38.125957259098598 ], [ -85.8925049159119, 38.126677261658784 ], [ -85.892043916806031, 38.127667260163918 ], [ -85.891753916142164, 38.128217260374562 ], [ -85.890384918407335, 38.130817261320011 ], [ -85.890053915194031, 38.131447261610255 ], [ -85.889634915250113, 38.132316260234226 ] ], [ [ -85.893054916592803, 38.125396260790254 ], [ -85.891663916741777, 38.125067260086915 ], [ -85.888513913331153, 38.124247259313691 ], [ -85.886943913272816, 38.123877259037606 ], [ -85.886773914427224, 38.123826261364023 ], [ -85.884063912302878, 38.122617260262537 ], [ -85.883244914929506, 38.12377625935224 ], [ -85.882573914011374, 38.124756259317259 ], [ -85.882194911653343, 38.125507259319335 ], [ -85.882046914817849, 38.125837259339129 ], [ -85.881794915434412, 38.126607260366356 ], [ -85.881693914409951, 38.127057261225382 ], [ -85.881593913949843, 38.127747261664091 ], [ -85.881513915475736, 38.128647261813157 ], [ -85.881513913271306, 38.128956259885577 ], [ -85.881384916188622, 38.132727262970924 ] ], [ [ -85.889634915250113, 38.132316260234226 ], [ -85.889773916388364, 38.132357263673185 ] ], [ [ -85.889634915250113, 38.132316260234226 ], [ -85.889304918149776, 38.13305726316046 ], [ -85.888994916815335, 38.133836262861493 ], [ -85.888734915439571, 38.134527262385021 ], [ -85.888563914725935, 38.135016260862272 ], [ -85.88833391609721, 38.135726262094671 ], [ -85.888123917116332, 38.136426262742923 ], [ -85.887883914397904, 38.137366262203344 ], [ -85.887684914618958, 38.138297263801768 ], [ -85.887453918410998, 38.139537262672128 ], [ -85.887604918170098, 38.139547264400825 ] ], [ [ -85.889773916388364, 38.132357263673185 ], [ -85.890853916510551, 38.132666263282097 ], [ -85.891434918272225, 38.132787262290307 ], [ -85.892094918179595, 38.132866261235357 ], [ -85.898023920095383, 38.133036263538308 ], [ -85.898063919846194, 38.132386260005482 ], [ -85.898314919490971, 38.129187260685626 ], [ -85.898253920077721, 38.127376259665354 ], [ -85.898153918842951, 38.126247258447471 ], [ -85.897613917929377, 38.126286259228046 ], [ -85.897044918833529, 38.12628625868517 ], [ -85.896533917212707, 38.12623725969366 ], [ -85.895993917548694, 38.126147261342851 ], [ -85.895564916800723, 38.126037261586433 ], [ -85.893193915238086, 38.125427259453026 ], [ -85.893054916592803, 38.125396260790254 ] ], [ [ -85.889773916388364, 38.132357263673185 ], [ -85.889444914130067, 38.13309626182938 ], [ -85.889243914900447, 38.133576262870314 ], [ -85.888893914136318, 38.134497260855788 ], [ -85.888653918100971, 38.135206263547673 ], [ -85.888423916171277, 38.135906264420093 ], [ -85.888213914277628, 38.136646264143792 ], [ -85.887983915409464, 38.137577262462294 ], [ -85.887834915562706, 38.13825626358846 ], [ -85.887604918170098, 38.139547264400825 ] ], [ [ -85.887604918170098, 38.139547264400825 ], [ -85.888324915797625, 38.139596261627837 ], [ -85.888663916988705, 38.139606263925714 ], [ -85.897303920593259, 38.139856263080304 ], [ -85.897134918738061, 38.1413162615628 ], [ -85.896893917495774, 38.142607262938547 ], [ -85.896763919961643, 38.143356262629624 ], [ -85.896523921049464, 38.14501626455268 ], [ -85.896234920863307, 38.147536262712087 ], [ -85.896003918699876, 38.149557265576021 ], [ -85.89570491998262, 38.151036263761242 ] ], [ [ -85.89570491998262, 38.151036263761242 ], [ -85.895334917847109, 38.153237265515138 ], [ -85.895074921048959, 38.155416266425078 ], [ -85.895034921119745, 38.156007266290565 ], [ -85.894854918814616, 38.15747726664631 ], [ -85.894524918905745, 38.158856265871009 ] ], [ [ -85.89570491998262, 38.151036263761242 ], [ -85.894473918432752, 38.150826264817873 ], [ -85.894053918193691, 38.150807265455107 ], [ -85.886204916468643, 38.150617266042424 ], [ -85.886083918444442, 38.15170726711785 ], [ -85.88597491519387, 38.152417267162576 ], [ -85.885833914988993, 38.153276265177226 ], [ -85.885593916807593, 38.154387266040921 ], [ -85.885193914368514, 38.155937265805633 ], [ -85.884864917071525, 38.157187268062792 ], [ -85.885683915172905, 38.157346265310544 ], [ -85.885944915324586, 38.157426265513031 ], [ -85.886273918293298, 38.157547266818561 ], [ -85.887424917851888, 38.158046268211216 ], [ -85.888054918954126, 38.158257266348798 ], [ -85.888423919104667, 38.158347265709637 ], [ -85.889124917706297, 38.15844726492444 ], [ -85.892313921005254, 38.158666266017342 ], [ -85.894524918905745, 38.158856265871009 ] ], [ [ -85.894524918905745, 38.158856265871009 ], [ -85.894143921970354, 38.160486268183874 ], [ -85.893483920654859, 38.16356726834065 ], [ -85.893153918110031, 38.165046267969274 ], [ -85.89306392010046, 38.16533626809538 ], [ -85.892943918033993, 38.165586269632506 ], [ -85.892824920426051, 38.165786267793763 ], [ -85.892514919870607, 38.166117266803774 ] ], [ [ -85.881714916843165, 38.161186267158378 ], [ -85.884383919075034, 38.163426268905575 ], [ -85.884743915506846, 38.163677266540638 ], [ -85.885344919269642, 38.16402726916612 ], [ -85.886403915816942, 38.164587269297542 ], [ -85.88913492047115, 38.165937269233119 ] ], [ [ -85.881714916843165, 38.161186267158378 ], [ -85.881614914864386, 38.161106267838413 ], [ -85.88108491432115, 38.161517269114576 ], [ -85.880793914994655, 38.161746266076435 ], [ -85.880433914470657, 38.162086267097948 ], [ -85.880214914083908, 38.16231726694496 ], [ -85.880034916394422, 38.162536268596817 ], [ -85.879854915033789, 38.162777269135361 ], [ -85.879634916556313, 38.163127268643159 ], [ -85.879263915304733, 38.163806267214213 ], [ -85.878493914942439, 38.165297267404767 ], [ -85.877053916631723, 38.168056268449163 ], [ -85.876183915138057, 38.169726269881643 ], [ -85.87596391531109, 38.170157268435631 ], [ -85.875414915915428, 38.17119627102155 ], [ -85.875243916787738, 38.171526271073041 ], [ -85.875054914556088, 38.171867270558252 ], [ -85.874943917127112, 38.1720472709464 ], [ -85.874784913753984, 38.172286271069567 ], [ -85.874573916289506, 38.172556271230761 ], [ -85.874313916932579, 38.172837269623443 ], [ -85.874043914420014, 38.173076269198724 ], [ -85.873834916024265, 38.173227270631386 ], [ -85.873474913735706, 38.173456271356777 ], [ -85.873244914611433, 38.173596269152199 ], [ -85.872903915418149, 38.173776271285256 ], [ -85.871773915128884, 38.174307271049031 ], [ -85.871184913996501, 38.174577269710774 ] ], [ [ -85.881714916843165, 38.161186267158378 ], [ -85.881254914035182, 38.161536266122873 ], [ -85.880904917833575, 38.161826266771996 ], [ -85.880674913856154, 38.162037269225941 ], [ -85.880423917042222, 38.162276266107718 ], [ -85.880233916225805, 38.162497268622815 ], [ -85.879983916500251, 38.162826269182077 ], [ -85.879854915202984, 38.163016269376925 ], [ -85.879753915540689, 38.163186268476274 ], [ -85.879644913647795, 38.16338726663254 ], [ -85.879464913533596, 38.163726266977143 ], [ -85.878604915577384, 38.165356270239073 ], [ -85.877903913520456, 38.166727267756386 ], [ -85.87717391456475, 38.168097267755385 ], [ -85.876093916202777, 38.170216269798999 ], [ -85.875873914478092, 38.170626271518977 ], [ -85.875504913574716, 38.171346271152807 ], [ -85.875293916491813, 38.17173626871844 ], [ -85.875084915092941, 38.172086270288695 ], [ -85.874914916280261, 38.172336268818199 ], [ -85.874763916572462, 38.17253627106814 ], [ -85.874604915158116, 38.172716270199267 ], [ -85.874414913465358, 38.172916269235216 ], [ -85.874014914538975, 38.173256270331606 ], [ -85.873773912020667, 38.173436269966786 ], [ -85.873554912414079, 38.173577268795633 ], [ -85.873334914852762, 38.17368627118119 ], [ -85.873093914984835, 38.173816270158703 ], [ -85.872624911737816, 38.174046269647931 ], [ -85.871264915283874, 38.174676269561758 ], [ -85.871184913996501, 38.174577269710774 ] ], [ [ -85.88913492047115, 38.165937269233119 ], [ -85.889404919763948, 38.166036268220196 ], [ -85.890153917047115, 38.16639626821982 ], [ -85.89038492084984, 38.166477267766979 ], [ -85.890614916597784, 38.166516267018345 ], [ -85.890894917658628, 38.166547267130845 ], [ -85.891213920745784, 38.166547269865369 ], [ -85.89157391762258, 38.166496269776012 ], [ -85.891773918661841, 38.166447269873906 ], [ -85.892043920784516, 38.16633626814194 ], [ -85.892514919870607, 38.166117266803774 ] ], [ [ -85.88913492047115, 38.165937269233119 ], [ -85.890164919992515, 38.166467267507343 ], [ -85.890493918640175, 38.166577268273429 ], [ -85.89081391928741, 38.166616268154321 ], [ -85.891223918569295, 38.166616267990733 ], [ -85.891593918946015, 38.166567269342302 ], [ -85.891933919124426, 38.166477268242367 ], [ -85.892113919949111, 38.166416269137919 ], [ -85.892274919038655, 38.166336267388857 ], [ -85.892424921078415, 38.16623626806679 ], [ -85.892514919870607, 38.166117266803774 ] ], [ [ -85.871184913996501, 38.174577269710774 ], [ -85.871063915035251, 38.174406271371886 ], [ -85.870944912136565, 38.174226271150211 ], [ -85.870854914016689, 38.174017270419299 ], [ -85.87078391215023, 38.173776270469062 ], [ -85.870713912658417, 38.173657271081673 ], [ -85.87062391464157, 38.173557269963013 ], [ -85.870513913247024, 38.17346726907428 ], [ -85.870234915102785, 38.173207272025614 ], [ -85.869853913440835, 38.17286727215555 ], [ -85.869663915469602, 38.172716270227738 ], [ -85.869184911067279, 38.172336270693819 ], [ -85.868453913426919, 38.171787271215557 ], [ -85.868263913374506, 38.171646271048559 ], [ -85.867273912403789, 38.170916271396671 ], [ -85.86679391425271, 38.171476269136392 ], [ -85.8664949103011, 38.171826269606456 ], [ -85.866013913581085, 38.172387269920577 ], [ -85.865964913824286, 38.172446269508136 ], [ -85.865433912086246, 38.173056269960504 ], [ -85.865014912145526, 38.173567269998003 ], [ -85.864813912640997, 38.173847271944787 ], [ -85.864633912199579, 38.1741362727523 ], [ -85.864393913406616, 38.174549271403173 ], [ -85.864133912265444, 38.175107270303513 ], [ -85.863924910391077, 38.17553727208648 ], [ -85.863783911796929, 38.175776271813788 ], [ -85.86364391296199, 38.175987271230461 ], [ -85.863463910458393, 38.176216270508554 ], [ -85.863264911106256, 38.17643727223718 ], [ -85.863074912337169, 38.176627272237113 ], [ -85.862683912486986, 38.176966271276946 ], [ -85.862354910504706, 38.177247272351551 ], [ -85.861954910769825, 38.177547270095019 ], [ -85.861854910725398, 38.177656271165787 ], [ -85.861803912315679, 38.177797271033 ], [ -85.861893910677139, 38.178067273505185 ] ], [ [ -85.861893910677139, 38.178067273505185 ], [ -85.861644909348499, 38.178147273982738 ], [ -85.861443912856672, 38.178216270527308 ], [ -85.861293910306799, 38.178276271643846 ], [ -85.861163909641448, 38.17833727344749 ], [ -85.861044910947896, 38.178406269826418 ], [ -85.86094390979359, 38.17845627309287 ], [ -85.860673910950013, 38.178627273025363 ], [ -85.860523909517852, 38.178736273121473 ], [ -85.860384911126133, 38.178856271711936 ], [ -85.86024491212963, 38.178987273150319 ], [ -85.859323909507623, 38.179867273355406 ], [ -85.857753912924167, 38.181387271156439 ], [ -85.857624911830428, 38.181516274194088 ], [ -85.856814911087696, 38.182297273428496 ], [ -85.856464910309214, 38.182636273077073 ], [ -85.85627490907369, 38.182816271289958 ], [ -85.855614909716181, 38.183457273775822 ], [ -85.855254910488426, 38.183806273783262 ] ], [ [ -85.861893910677139, 38.178067273505185 ], [ -85.861954910650255, 38.178177270407829 ], [ -85.861563913170116, 38.178296271724122 ], [ -85.861383910013828, 38.178366272439817 ], [ -85.861224908973156, 38.178437273665594 ], [ -85.861083912602396, 38.178507270777217 ], [ -85.860943911400966, 38.178586272612307 ], [ -85.860774909783345, 38.178697272508082 ], [ -85.860654909811473, 38.17878727200204 ], [ -85.860474910689504, 38.178936272709358 ], [ -85.860346912971849, 38.179061272415545 ], [ -85.859434911541143, 38.179936270888454 ], [ -85.857864911516344, 38.18145627366615 ], [ -85.857733910426845, 38.181587271525046 ], [ -85.85657390911993, 38.182706272471265 ], [ -85.856403911783673, 38.18287627305088 ], [ -85.856213909845692, 38.183056274592808 ], [ -85.855344910382769, 38.183886271840059 ] ], [ [ -85.855254910488426, 38.183806273783262 ], [ -85.855344910382769, 38.183886271840059 ] ], [ [ -85.855254910488426, 38.183806273783262 ], [ -85.854553908935046, 38.18447727245978 ] ], [ [ -85.855254910488426, 38.183806273783262 ], [ -85.85500391060792, 38.183567274353052 ], [ -85.854344910978924, 38.182956273589163 ], [ -85.853854911322969, 38.182477271236365 ], [ -85.853703907394674, 38.182567274126221 ], [ -85.853643911131144, 38.182606274260884 ], [ -85.854354910892525, 38.184236272563041 ], [ -85.854553908935046, 38.18447727245978 ] ], [ [ -85.855344910382769, 38.183886271840059 ], [ -85.854654908862699, 38.184557274263689 ], [ -85.853653908875188, 38.185527274398822 ], [ -85.853203910824746, 38.185977272462651 ], [ -85.852963909247464, 38.186206275578023 ], [ -85.852333907538068, 38.186866274019735 ], [ -85.851774907522866, 38.187466273275916 ], [ -85.850214910584256, 38.189286274325276 ], [ -85.849934908416387, 38.189626274225049 ], [ -85.849624909277338, 38.189957274641202 ], [ -85.849254906748655, 38.190327275448915 ], [ -85.848843907026762, 38.190696274714455 ], [ -85.848494907161438, 38.190996273812608 ], [ -85.847594909256443, 38.191686274897656 ], [ -85.847184908987003, 38.191986274232619 ], [ -85.846933906999382, 38.192176274732681 ], [ -85.846773907313775, 38.192297274946505 ], [ -85.845894909557714, 38.192966277233865 ], [ -85.845603908756573, 38.193187276287119 ], [ -85.844513907950244, 38.193997274247124 ], [ -85.843914906125391, 38.194467276808425 ], [ -85.843443908482797, 38.194817277353408 ], [ -85.842633906098953, 38.195416277003588 ], [ -85.842223906979385, 38.195736276279654 ], [ -85.842024905729332, 38.195887274491533 ], [ -85.841673907121276, 38.196147274398449 ], [ -85.841214907482197, 38.196496274597393 ], [ -85.840884909004728, 38.196746277068996 ], [ -85.840653905852193, 38.196926275409346 ], [ -85.84046390753177, 38.197077275166166 ], [ -85.840203904755938, 38.197266277855114 ], [ -85.839714907171228, 38.197636275467808 ], [ -85.838874906686954, 38.198256275472538 ], [ -85.837434903240421, 38.199387275572761 ], [ -85.836844906182733, 38.199826278964061 ], [ -85.836683907356942, 38.199947278389892 ], [ -85.83648490576752, 38.200107278504426 ], [ -85.836013905935374, 38.200456276385779 ], [ -85.835674905556601, 38.200706276025223 ], [ -85.834923905058943, 38.201277276880532 ], [ -85.83390390432325, 38.202056278368048 ], [ -85.833064905066323, 38.202686276704789 ], [ -85.83216490555489, 38.203367279758858 ], [ -85.831434903148434, 38.203926279729096 ], [ -85.830213903419889, 38.204856277896774 ], [ -85.829443905091409, 38.205437280022501 ], [ -85.82903190390212, 38.205767279213156 ], [ -85.828673902963445, 38.2060262793091 ], [ -85.828053904397763, 38.206497277678245 ], [ -85.827873902297441, 38.206626280048667 ], [ -85.82750390553295, 38.206906277059161 ], [ -85.826923903621292, 38.207356278070797 ], [ -85.825563901477906, 38.208387280272788 ], [ -85.825184901588429, 38.20867727828464 ], [ -85.824993901307906, 38.208826277647198 ], [ -85.824604902778702, 38.209117280608034 ], [ -85.824194901360769, 38.209477280877792 ], [ -85.824064904179565, 38.209557279502484 ] ], [ [ -85.854553908935046, 38.18447727245978 ], [ -85.85355391039117, 38.185437274661275 ], [ -85.85285490866508, 38.18613627283267 ], [ -85.852213911031811, 38.186797273067441 ], [ -85.851663909769925, 38.187396272799759 ], [ -85.850114908128205, 38.189217275087998 ], [ -85.849513907784626, 38.189896273607985 ], [ -85.849273908349772, 38.190127273589198 ], [ -85.849063909243242, 38.190327273515713 ], [ -85.848743909933987, 38.190616274753019 ], [ -85.848444908818237, 38.190867275444575 ], [ -85.847933909200194, 38.191266276162942 ], [ -85.847493909469634, 38.191596276844308 ], [ -85.846673908185835, 38.192207276230285 ], [ -85.845823907852775, 38.192856275126054 ], [ -85.843314906753278, 38.194746275442817 ], [ -85.84251490544672, 38.19534727650332 ], [ -85.842114905540512, 38.195656276808442 ], [ -85.841924907617752, 38.19579727516669 ], [ -85.841754906507816, 38.19593627706881 ], [ -85.841574906766965, 38.196067275341825 ], [ -85.841103905110273, 38.196417276452564 ], [ -85.840764907167724, 38.196676275687629 ], [ -85.840624908885943, 38.196777275136867 ], [ -85.840363908472696, 38.196977277525178 ], [ -85.840113907072109, 38.197167276623944 ], [ -85.839624905421431, 38.197537277354115 ], [ -85.8388439063215, 38.198137275931813 ], [ -85.838374905575307, 38.19848727612554 ], [ -85.837334906072158, 38.19929727577545 ], [ -85.836813907505928, 38.199696276038935 ], [ -85.83672390703974, 38.199757275705061 ], [ -85.836384904435917, 38.200017277958111 ], [ -85.835923905686386, 38.200356276431144 ], [ -85.835323904377475, 38.2008162772185 ], [ -85.834793905249825, 38.201226276519044 ], [ -85.833744903668276, 38.202017277488473 ], [ -85.832964904796384, 38.202606277096528 ], [ -85.832794905174737, 38.202727276311926 ], [ -85.832043905218569, 38.20330627749324 ], [ -85.831344904980284, 38.203836276689238 ], [ -85.830103905307652, 38.204787276752505 ], [ -85.829184904644023, 38.205486279126816 ], [ -85.828863904941301, 38.205726278614925 ], [ -85.828604902801743, 38.205926278135436 ], [ -85.828033904854436, 38.206357278041551 ], [ -85.827853902990853, 38.206486276950756 ], [ -85.82780490260356, 38.206527277419156 ], [ -85.82731390220836, 38.206877278228355 ], [ -85.826844902044343, 38.207256277120273 ], [ -85.82617490539856, 38.207757279236368 ], [ -85.825414904012305, 38.208336278678978 ], [ -85.82508390118133, 38.208597278605595 ], [ -85.824843900958982, 38.208796278360424 ], [ -85.824663903958978, 38.208937280814752 ], [ -85.824613903038156, 38.208986278598807 ], [ -85.82451490164938, 38.209086279221545 ], [ -85.824313901115133, 38.209276279040964 ], [ -85.824123904114046, 38.209456280759007 ], [ -85.824064904179565, 38.209557279502484 ] ], [ [ -85.824064904179565, 38.209557279502484 ], [ -85.823514902502282, 38.210107281098139 ], [ -85.823003905075126, 38.210606278612417 ], [ -85.82266490438839, 38.210937278906222 ], [ -85.822503901212073, 38.211097281213839 ], [ -85.822254900435553, 38.211336281489686 ], [ -85.821414901342351, 38.212146278439299 ], [ -85.820533901448613, 38.213007279215901 ], [ -85.820033901144001, 38.213486279096401 ], [ -85.819244900986561, 38.214247281374483 ], [ -85.818063902384225, 38.215376280533008 ], [ -85.817973901117767, 38.215466281052876 ], [ -85.817683901501269, 38.21573627950572 ], [ -85.817063899580603, 38.216337280311642 ], [ -85.816613900249436, 38.216767280708204 ], [ -85.816554901057046, 38.216826282705007 ], [ -85.815774899982102, 38.217657282916427 ], [ -85.815104900553067, 38.218366280013598 ], [ -85.814943901464375, 38.218536281953185 ], [ -85.814633900352135, 38.218866281879649 ], [ -85.814514900357437, 38.218996281803527 ], [ -85.813974898919554, 38.21956728370305 ], [ -85.813683897780507, 38.219856283408156 ], [ -85.81359390057591, 38.219956280678609 ], [ -85.812923902643774, 38.220647282395042 ], [ -85.812764897648449, 38.220807281558784 ], [ -85.812473901412361, 38.221107280820497 ], [ -85.812023901563066, 38.221557283899728 ], [ -85.811713901733739, 38.221866282745921 ], [ -85.811374901856354, 38.222247281197752 ], [ -85.810974899916857, 38.22267628100753 ], [ -85.810914898915215, 38.222736282097323 ], [ -85.810194899275913, 38.22350728296766 ], [ -85.810064901631478, 38.22364628222806 ], [ -85.809733899622117, 38.2239872840454 ], [ -85.80930490200393, 38.224437283834838 ] ], [ [ -85.80930490200393, 38.224437283834838 ], [ -85.809754900293242, 38.224456282106189 ], [ -85.809934899051072, 38.224466284043942 ], [ -85.810233900915094, 38.224486281779527 ], [ -85.810734901993413, 38.224527283415313 ], [ -85.81196490028546, 38.224626282313046 ], [ -85.812444901575944, 38.224666283945957 ], [ -85.812944899635639, 38.224726280972398 ], [ -85.814214899828301, 38.224896281852317 ], [ -85.814173899577995, 38.225356281441563 ], [ -85.814143902510878, 38.22565628225783 ], [ -85.814103902104833, 38.22594728182785 ], [ -85.814093903101366, 38.226166283993912 ], [ -85.814083903036874, 38.226276284626429 ], [ -85.814053902587716, 38.226606283079569 ], [ -85.81397490257983, 38.227236282738048 ], [ -85.813944901447456, 38.227397284305951 ], [ -85.813873900578798, 38.227516282888551 ], [ -85.813733900925584, 38.227677284997725 ], [ -85.813404901945191, 38.22791728481328 ], [ -85.813113902348761, 38.228107284653383 ], [ -85.812973902345973, 38.2281872839391 ] ], [ [ -85.80930490200393, 38.224437283834838 ], [ -85.808804899925633, 38.224967281913976 ], [ -85.808044898662288, 38.225787283786346 ], [ -85.807213900596594, 38.226657285064142 ], [ -85.806874897262063, 38.226976283339681 ], [ -85.806433897448741, 38.227436284753125 ], [ -85.806064897145532, 38.227857283685836 ], [ -85.805564900473911, 38.228387284176719 ], [ -85.804643900337894, 38.229346284933193 ], [ -85.804434899469967, 38.229567283174319 ], [ -85.804034899116118, 38.22999728426435 ], [ -85.803843898766857, 38.230197285853926 ], [ -85.803324898605723, 38.230727285361596 ] ], [ [ -85.812973902345973, 38.2281872839391 ], [ -85.812563902947943, 38.228197282889752 ], [ -85.812144901618083, 38.228197283766349 ], [ -85.812113902374989, 38.228397283397904 ], [ -85.812054901576985, 38.228866283758585 ], [ -85.811914902947848, 38.229766283354195 ], [ -85.811833900799712, 38.230296283721543 ], [ -85.811763901680749, 38.230836284783123 ], [ -85.811703900580383, 38.231286282744854 ], [ -85.811653899155559, 38.231576285451084 ], [ -85.811533901163529, 38.23236628404657 ], [ -85.81233390128925, 38.232427283932779 ], [ -85.812456900174425, 38.232437282806558 ], [ -85.812573901671001, 38.232447286287432 ], [ -85.813314899177897, 38.232507283920071 ], [ -85.814244903144697, 38.232586283570249 ], [ -85.815813901047989, 38.232746285844549 ], [ -85.815993903976647, 38.23277728525413 ], [ -85.816314904124454, 38.232797285240515 ], [ -85.816544902207355, 38.232766285814982 ], [ -85.817634902207516, 38.232486284605201 ], [ -85.817934900729028, 38.232437283922934 ], [ -85.818204904511234, 38.232427286116014 ], [ -85.818243902959054, 38.231766285143728 ], [ -85.818294900470988, 38.231026283804354 ], [ -85.818344900421536, 38.230336283871409 ], [ -85.818403901219042, 38.229637281741788 ], [ -85.818463902144202, 38.228937284241312 ], [ -85.817214903933191, 38.228966284958545 ], [ -85.816904902068799, 38.228917285591727 ], [ -85.816734902248541, 38.228766282980224 ], [ -85.816483902666363, 38.228676283295201 ], [ -85.81626390214231, 38.228616283709428 ], [ -85.815824901588385, 38.228567285168829 ], [ -85.815194901051953, 38.228496282501105 ], [ -85.814844900241084, 38.228477282896314 ], [ -85.81396390273791, 38.228426284137278 ], [ -85.813894902532695, 38.228416284571217 ], [ -85.81323390137517, 38.22832628323917 ], [ -85.813103900829859, 38.228287284251373 ], [ -85.812973902345973, 38.2281872839391 ] ], [ [ -85.803324898605723, 38.230727285361596 ], [ -85.802964898315324, 38.231116285599434 ], [ -85.802734897348657, 38.23135728597061 ], [ -85.802583897936827, 38.23149628450571 ], [ -85.802353895837726, 38.231656285848622 ], [ -85.801763897595535, 38.231956283965928 ], [ -85.800974898311154, 38.232276283322747 ] ], [ [ -85.803324898605723, 38.230727285361596 ], [ -85.80249589798494, 38.23067428590673 ], [ -85.801233895845257, 38.230547285638984 ], [ -85.801154898973877, 38.230866286052354 ], [ -85.800974898311154, 38.232276283322747 ] ], [ [ -85.635301855283629, 38.233539764911399 ], [ -85.63395384682309, 38.231866292204202 ], [ -85.633902653327084, 38.231842276394623 ], [ -85.633849018609837, 38.231824364101413 ], [ -85.633793667507845, 38.231812797396962 ], [ -85.633737348053415, 38.231807732597375 ], [ -85.633680821365431, 38.23180923814995 ], [ -85.633624851363422, 38.231817293708168 ], [ -85.630904976991701, 38.233176071774068 ], [ -85.630875306527614, 38.233208476746235 ], [ -85.630850763823886, 38.23324491950072 ], [ -85.63083189045247, 38.233284595872931 ], [ -85.630819102882882, 38.233326630343605 ], [ -85.630812683292248, 38.23337009535846 ], [ -85.630812773338533, 38.233414031796102 ], [ -85.630819371034747, 38.233457470132457 ], [ -85.630832330792728, 38.233499451834824 ], [ -85.631244847061524, 38.234016294543736 ], [ -85.631669793494339, 38.234564629790931 ], [ -85.63235485048331, 38.234286293968623 ], [ -85.632684850182031, 38.234186292949708 ], [ -85.633264846903089, 38.234047294470265 ], [ -85.633813847439569, 38.233947294303007 ], [ -85.634154847717767, 38.233877292720287 ], [ -85.634623850988845, 38.233756293890906 ], [ -85.635003849466756, 38.233646294048498 ], [ -85.635301855283629, 38.233539764911399 ] ], [ [ -85.635301855283629, 38.233539764911399 ], [ -85.635834850893275, 38.234217291449731 ], [ -85.636184849706936, 38.234656293713961 ], [ -85.63663484861506, 38.235217293735538 ], [ -85.636786851410818, 38.235339292746708 ], [ -85.637023850142299, 38.235426292794905 ], [ -85.637314848549863, 38.235466292888766 ], [ -85.639464848826535, 38.235417292285909 ], [ -85.63987485201551, 38.235336291508325 ], [ -85.640064852081764, 38.235256291657755 ], [ -85.640784850173517, 38.234906291681575 ] ], [ [ -85.800974898311154, 38.232276283322747 ], [ -85.800903898814894, 38.23283628375146 ], [ -85.800823896637993, 38.233356285621149 ], [ -85.80070489537944, 38.23407628669041 ], [ -85.800614895621948, 38.234746285271108 ], [ -85.800333900123988, 38.236757284443541 ], [ -85.80056489713354, 38.23677628453531 ], [ -85.800434896210376, 38.237457284551674 ], [ -85.800403900086451, 38.237657287231904 ], [ -85.800313899264609, 38.238126286625324 ], [ -85.80020489581409, 38.238837286495425 ], [ -85.800074896054909, 38.23943728770567 ], [ -85.799833896613876, 38.240846285379831 ], [ -85.799584900003509, 38.242286285320652 ], [ -85.799454897848562, 38.242936287102985 ], [ -85.799343898612392, 38.24362628842551 ], [ -85.799214896944676, 38.244297286450461 ], [ -85.799084896944322, 38.244966285762459 ], [ -85.798883900500925, 38.246187287425371 ], [ -85.798623896611915, 38.247637289576218 ], [ -85.798343899416309, 38.249177287445036 ], [ -85.798263897002016, 38.249607290295096 ] ], [ [ -85.640784850173517, 38.234906291681575 ], [ -85.640043849084222, 38.233986294958328 ], [ -85.639853849360406, 38.233736293136133 ], [ -85.639654850460843, 38.233486291697844 ], [ -85.639514850821243, 38.233296291887868 ], [ -85.639263852224161, 38.233106294418491 ], [ -85.639143849101586, 38.232957292301805 ], [ -85.638953848295372, 38.23273629368115 ], [ -85.638723852788004, 38.232457290923413 ], [ -85.638384852632782, 38.232057293577832 ], [ -85.6381338484683, 38.232177291928139 ], [ -85.638093849282825, 38.232196291408812 ], [ -85.637693848649377, 38.232366292318204 ], [ -85.637613848878772, 38.232406292357716 ], [ -85.637473848465902, 38.232466291394957 ], [ -85.637293849442116, 38.232556291911671 ], [ -85.637094848168033, 38.232646291315355 ], [ -85.636843849156463, 38.232787292710057 ], [ -85.636743847708587, 38.232836293910893 ], [ -85.63641484721623, 38.233006291580104 ], [ -85.635924849130575, 38.233266294531042 ], [ -85.635874848247326, 38.233296294251872 ], [ -85.635594850605628, 38.233427293747162 ], [ -85.635301855283629, 38.233539764911399 ] ], [ [ -85.640784850173517, 38.234906291681575 ], [ -85.641153851916343, 38.235376292508676 ], [ -85.641504852424546, 38.235826293781493 ], [ -85.641674852287025, 38.236037293262122 ], [ -85.641894850764416, 38.236276292617625 ], [ -85.642023851736937, 38.236407292424076 ] ], [ [ -85.642023851736937, 38.236407292424076 ], [ -85.64241385194687, 38.236847292934385 ], [ -85.642794852036616, 38.237307293215224 ], [ -85.642844853526114, 38.237487295068973 ] ], [ [ -85.642023851736937, 38.236407292424076 ], [ -85.642143851316874, 38.236716292542475 ], [ -85.642394850927644, 38.237056291626025 ], [ -85.642603850228312, 38.237346293061684 ], [ -85.642844853526114, 38.237487295068973 ] ], [ [ -85.642844853526114, 38.237487295068973 ], [ -85.64221485188429, 38.237796292660157 ], [ -85.641873850155946, 38.237956294064723 ], [ -85.641224849402093, 38.238277294390443 ], [ -85.641163850912235, 38.238306294513826 ], [ -85.640293853385785, 38.238747293184403 ] ], [ [ -85.640293853385785, 38.238747293184403 ], [ -85.640043852822686, 38.238817293439901 ], [ -85.639493852160101, 38.239066294922488 ], [ -85.639194848475455, 38.239187295458827 ], [ -85.638834850837526, 38.239326295026345 ], [ -85.638283849542589, 38.239516294455221 ], [ -85.637823852152948, 38.239707293493446 ], [ -85.637423851519671, 38.239907292973236 ] ], [ [ -85.640293853385785, 38.238747293184403 ], [ -85.640113850099965, 38.238897294743872 ], [ -85.639773851062216, 38.23905629270223 ], [ -85.639223852163568, 38.239267294057449 ], [ -85.638333850410689, 38.239617293292213 ], [ -85.637913851292325, 38.239776292792214 ], [ -85.637484849458701, 38.239997292933829 ] ], [ [ -85.637423851519671, 38.239907292973236 ], [ -85.637484849458701, 38.239997292933829 ] ], [ [ -85.637423851519671, 38.239907292973236 ], [ -85.636904848295259, 38.240157293763346 ], [ -85.636684849605942, 38.24025729439709 ], [ -85.63654485260011, 38.240357295633075 ], [ -85.636353850804284, 38.240517294846512 ], [ -85.63612385139794, 38.24081729373512 ], [ -85.636023850205618, 38.240946294440903 ], [ -85.635813848461652, 38.241157294261313 ], [ -85.635763848419899, 38.241196294898813 ], [ -85.635673851374804, 38.241277294483609 ], [ -85.635533848197369, 38.241357294457764 ], [ -85.635353851708544, 38.241437294980017 ], [ -85.634728767140913, 38.241616755486319 ], [ -85.634541734712087, 38.24165083732295 ], [ -85.634425670811652, 38.24166215510693 ], [ -85.634309160606222, 38.241667083925144 ], [ -85.634192555522503, 38.241665608910928 ], [ -85.634076207273353, 38.241657734513325 ], [ -85.633960466796964, 38.241643484483674 ], [ -85.633864872181974, 38.24162818011898 ], [ -85.633770150307967, 38.241608172106176 ], [ -85.633676532467604, 38.241583509301002 ], [ -85.633584247257744, 38.241554251925308 ], [ -85.633423360005395, 38.241486786020737 ], [ -85.633171387964012, 38.241350309315862 ], [ -85.632955875376737, 38.241217492314227 ], [ -85.632822714201794, 38.241112189392354 ], [ -85.632625130712668, 38.240940669827211 ], [ -85.632559166413543, 38.240891645699378 ], [ -85.632490888340868, 38.240845899020144 ], [ -85.632420459189944, 38.240803538796236 ], [ -85.632329919366938, 38.240753055473846 ], [ -85.632236774150059, 38.240707558287525 ], [ -85.632141297874398, 38.240667181237434 ], [ -85.632043771740541, 38.240632043243693 ], [ -85.631944482986412, 38.240602247796147 ], [ -85.631833605868806, 38.24057707936241 ], [ -85.63172169531056, 38.240556999217468 ], [ -85.631608984692832, 38.24054204923695 ], [ -85.631495709065206, 38.240532260597938 ], [ -85.631382104655586, 38.240527653713904 ], [ -85.631268408377494, 38.240528238192162 ], [ -85.6311543225723, 38.240533780396348 ], [ -85.631040660819238, 38.240545062810362 ], [ -85.630927711751738, 38.240562056783567 ], [ -85.630815762193421, 38.240584719161347 ], [ -85.63070509642975, 38.240612992394716 ], [ -85.630595995486104, 38.240646804686428 ], [ -85.630485594759776, 38.240691607243321 ], [ -85.63037781447747, 38.240742391101257 ], [ -85.630272978404648, 38.240799003708624 ], [ -85.630171401462476, 38.240861275004576 ], [ -85.630073388781952, 38.240929017929929 ], [ -85.62996848634404, 38.241003864183789 ], [ -85.629867755520877, 38.241084236968135 ], [ -85.629771487134434, 38.241169904237097 ], [ -85.629679959123109, 38.241260618658998 ], [ -85.629593435739238, 38.241356118330415 ], [ -85.629524363904864, 38.241436674181323 ], [ -85.629460415685173, 38.241521354690413 ], [ -85.62940183678451, 38.24160983449498 ], [ -85.629346941577779, 38.241705330783759 ], [ -85.629297249726378, 38.241803635131554 ], [ -85.629252904412425, 38.241904464284197 ], [ -85.629247138919169, 38.241921528647573 ], [ -85.629222958000426, 38.241990092390182 ], [ -85.629203557892438, 38.242060159068721 ], [ -85.629176696158297, 38.242167911264346 ], [ -85.629154359154583, 38.242276691532261 ], [ -85.629136585878584, 38.242386309957183 ], [ -85.629123407360012, 38.242496575160537 ], [ -85.629114846606697, 38.242607294634553 ], [ -85.629072041447202, 38.243144468114345 ], [ -85.629055742843931, 38.243261622435696 ], [ -85.629034209885603, 38.243377928545534 ], [ -85.629007485848035, 38.24349315269793 ], [ -85.628975624439803, 38.243607063321427 ], [ -85.628950780113186, 38.243705980331228 ], [ -85.628906501379205, 38.243831534285079 ], [ -85.628858339124079, 38.243955650354913 ], [ -85.628806339947218, 38.244078208452216 ], [ -85.628673891139698, 38.244371118515971 ], [ -85.628502320221315, 38.244721531190464 ], [ -85.62835439821535, 38.245021530472798 ], [ -85.628264849873105, 38.245297294413731 ], [ -85.628238098966548, 38.245398418976741 ], [ -85.628217464954332, 38.245500966652415 ], [ -85.628203022215473, 38.245604567789179 ], [ -85.628193734857817, 38.245679643069757 ], [ -85.628189101097988, 38.24575514857311 ], [ -85.628189138621494, 38.245830796120053 ], [ -85.628193847285118, 38.245906296989276 ], [ -85.62819893536718, 38.245959487992508 ], [ -85.628221114606816, 38.246104696072543 ], [ -85.628245145688069, 38.246249609192425 ], [ -85.628250252160839, 38.246273256491719 ], [ -85.628398994431947, 38.247026929841084 ], [ -85.628549641195789, 38.247796838680642 ], [ -85.62859422442294, 38.248019450479298 ], [ -85.628603732418156, 38.248096135505428 ], [ -85.628608727632269, 38.248173246095114 ], [ -85.628609192876652, 38.248250516909486 ], [ -85.628608851062367, 38.24835037007297 ], [ -85.628602702225805, 38.248450034323852 ], [ -85.628594263991673, 38.24852775044122 ], [ -85.628582420294293, 38.248605020911178 ], [ -85.628567193995039, 38.248681696582061 ], [ -85.628538343404287, 38.248808678161481 ], [ -85.628503667742876, 38.248934194202704 ], [ -85.628426173457257, 38.249215459501315 ], [ -85.628312093719572, 38.249703610669044 ], [ -85.628200706316392, 38.250556471278955 ], [ -85.628170911425059, 38.250711498692503 ] ], [ [ -85.637484849458701, 38.239997292933829 ], [ -85.638363850255303, 38.241136294187413 ], [ -85.639183849640162, 38.242206292719779 ], [ -85.639794851579381, 38.242906296480079 ], [ -85.640393850930124, 38.243646296024721 ], [ -85.640814850487786, 38.244186293687918 ], [ -85.641054852483094, 38.244466295898313 ], [ -85.641783849876433, 38.245326295569093 ], [ -85.641804853209678, 38.245346295941737 ], [ -85.641963852490392, 38.245536296665541 ], [ -85.646325776323621, 38.250886038232196 ], [ -85.646693505567683, 38.251332209618489 ], [ -85.647126156811382, 38.251899900419119 ], [ -85.647261885956453, 38.252072067374712 ], [ -85.647279496668787, 38.252101321287576 ], [ -85.647285762635633, 38.252144161035396 ], [ -85.647277712394853, 38.252236437638608 ] ], [ [ -85.606833842999691, 38.248866296813603 ], [ -85.606593840515359, 38.248846297419171 ], [ -85.60716758995747, 38.244650808349306 ], [ -85.607323841342293, 38.244667296516013 ], [ -85.608284842400522, 38.244757297036848 ], [ -85.608263843326299, 38.244966294900181 ], [ -85.608123840484069, 38.245917297215399 ], [ -85.608003842582605, 38.246287298423709 ], [ -85.607974840631698, 38.246387295675078 ], [ -85.607803841162621, 38.246506297165062 ], [ -85.607564842148633, 38.246567297335808 ], [ -85.607143842997672, 38.246526296278439 ], [ -85.607013841932385, 38.247606298215359 ], [ -85.606833842999691, 38.248866296813603 ] ], [ [ -85.606833842999691, 38.248866296813603 ], [ -85.611223843647835, 38.249247298587441 ] ], [ [ -85.611223843647835, 38.249247298587441 ], [ -85.611413843739371, 38.249316299071779 ], [ -85.615193845504706, 38.249646297075039 ], [ -85.624563845504255, 38.250437295790007 ], [ -85.625183845676176, 38.250427295405053 ] ], [ [ -85.733633880876781, 38.248547289780767 ], [ -85.733524880681614, 38.24869629146459 ], [ -85.733443878207936, 38.248827292028892 ], [ -85.733384879904634, 38.248946292941369 ], [ -85.733313877224319, 38.249206290073467 ], [ -85.733254881110113, 38.249566291076036 ], [ -85.73319387771231, 38.249887291707878 ] ], [ [ -85.733633880876781, 38.248547289780767 ], [ -85.733773877568979, 38.248566290875146 ], [ -85.734713880597312, 38.248666289555445 ], [ -85.736714880964684, 38.248876289730703 ], [ -85.738723878688958, 38.249116291750298 ], [ -85.739454881101636, 38.249196289829747 ], [ -85.739753879448628, 38.249226290785472 ], [ -85.740766883271576, 38.249326291555072 ], [ -85.742794881229941, 38.249547292305088 ], [ -85.744800883361478, 38.249763290530808 ], [ -85.746863884204913, 38.2499672912707 ], [ -85.747374883664236, 38.250016289492926 ], [ -85.747924884915648, 38.250077291540777 ], [ -85.748194882905082, 38.250116290560939 ], [ -85.748843882949288, 38.250206290141527 ], [ -85.750993884536399, 38.250466291396378 ], [ -85.751254882056941, 38.250486291179001 ], [ -85.751344885802325, 38.250496291334755 ], [ -85.751553883556014, 38.250527292126748 ], [ -85.751773886779148, 38.250546290138885 ], [ -85.751934883400168, 38.250566290329537 ], [ -85.752273884483202, 38.250607289978788 ], [ -85.752514883492978, 38.250627290157986 ], [ -85.75264488321875, 38.250636290707398 ], [ -85.753443884063884, 38.250707290138422 ], [ -85.754214886672372, 38.250777292146459 ], [ -85.755823886105745, 38.250926290395746 ], [ -85.757473887025427, 38.251137289442006 ], [ -85.75822488565808, 38.251216291085555 ], [ -85.758563884976709, 38.251257289748331 ], [ -85.759134886271355, 38.251317291692551 ], [ -85.759243886249919, 38.251327290929169 ], [ -85.759394888141898, 38.251337289650863 ], [ -85.759693888121859, 38.251366288820186 ], [ -85.759884888536632, 38.251386291912198 ], [ -85.760813886962438, 38.251497291598774 ], [ -85.76163388934458, 38.251587291164405 ], [ -85.762459887859706, 38.251687289981966 ], [ -85.764124888654862, 38.251857289671428 ], [ -85.76455388663797, 38.251906290851451 ], [ -85.765483889029809, 38.252006289366705 ], [ -85.765773889485757, 38.252047288495746 ], [ -85.766033887450419, 38.252067288947039 ], [ -85.766713886910125, 38.252147291725947 ], [ -85.767423887797264, 38.252227292132915 ], [ -85.767494888797586, 38.252237289915897 ], [ -85.7681348915673, 38.252307288939512 ], [ -85.768354891295232, 38.252327289212893 ], [ -85.768733890606825, 38.252356289501122 ], [ -85.76905389015738, 38.252397292081064 ], [ -85.769124887267722, 38.25240729236166 ], [ -85.769794889791569, 38.252476291345204 ], [ -85.769964889633755, 38.252497289389289 ], [ -85.770433891101376, 38.252536290602222 ], [ -85.770523891608633, 38.252546289818127 ], [ -85.770684889693044, 38.252566291728861 ], [ -85.7713338888001, 38.252636290049217 ], [ -85.77149489165943, 38.252656290786597 ], [ -85.771684888210913, 38.252677290172677 ], [ -85.771833892404302, 38.252687292032341 ], [ -85.772134888792692, 38.252716291833551 ], [ -85.77231489016404, 38.25272629075576 ], [ -85.772454892072147, 38.252746289269098 ], [ -85.772624893459209, 38.252767290305194 ], [ -85.774003892323179, 38.252937290565519 ], [ -85.775713891537791, 38.253156289292711 ], [ -85.77735489242886, 38.253317289865315 ], [ -85.778993892399654, 38.253456291702783 ], [ -85.780653894528399, 38.253667290520696 ], [ -85.7823238928991, 38.253847289379173 ], [ -85.784703892712855, 38.254107290754334 ], [ -85.785663893648277, 38.254236289668484 ], [ -85.787273893828925, 38.254426289731477 ], [ -85.789153896096067, 38.254636291061452 ], [ -85.791493895371104, 38.254896290491544 ], [ -85.794274895915294, 38.255176291063954 ], [ -85.795593899139348, 38.255326291322355 ], [ -85.797263898060791, 38.255536291281459 ], [ -85.797303896783774, 38.254996290955695 ], [ -85.797403897560287, 38.254426287746313 ], [ -85.797633897932357, 38.253356290614875 ] ], [ [ -85.625183845676176, 38.250427295405053 ], [ -85.624854846253456, 38.250286297420132 ], [ -85.611423844163753, 38.249196295911219 ], [ -85.611223843647835, 38.249247298587441 ] ], [ [ -85.625183845676176, 38.250427295405053 ], [ -85.628170911425059, 38.250711498692503 ] ], [ [ -85.628170911425059, 38.250711498692503 ], [ -85.629974850694936, 38.250836298259095 ], [ -85.636213850026678, 38.251347296513025 ], [ -85.639996852752134, 38.251656297283681 ], [ -85.645104855208913, 38.252067296927876 ], [ -85.647277712394853, 38.252236437638608 ] ], [ [ -85.731643879343082, 38.249656291929611 ], [ -85.731873880329147, 38.249686292358653 ], [ -85.732323878455603, 38.249756292010019 ], [ -85.73319387771231, 38.249887291707878 ] ], [ [ -85.731643879343082, 38.249656291929611 ], [ -85.731724881072239, 38.249787292182461 ], [ -85.732524877260715, 38.250877291158623 ], [ -85.7327048767051, 38.251067292659933 ], [ -85.732953877622606, 38.251206293224378 ], [ -85.73301387809579, 38.250946291930433 ], [ -85.733093878753223, 38.250546291402976 ], [ -85.73319387771231, 38.249887291707878 ] ], [ [ -85.798263897002016, 38.249607290295096 ], [ -85.798904898211461, 38.249627287980232 ], [ -85.799934899291443, 38.24965628818213 ] ], [ [ -85.798263897002016, 38.249607290295096 ], [ -85.798224898908018, 38.249977290043297 ], [ -85.798173898925555, 38.250316287582528 ], [ -85.798134897786554, 38.250546289856793 ], [ -85.798054897367649, 38.250946288083625 ], [ -85.798023898428653, 38.251096288191292 ], [ -85.797973897723338, 38.251407290014278 ], [ -85.797864896765319, 38.252047288412022 ], [ -85.797744896958562, 38.252706289821674 ], [ -85.797633897932357, 38.253356290614875 ] ], [ [ -85.799934899291443, 38.24965628818213 ], [ -85.80023789943408, 38.249104288521572 ], [ -85.800779899850724, 38.24913028974278 ], [ -85.800894897361047, 38.249130286911218 ], [ -85.801195900406711, 38.249683289306418 ] ], [ [ -85.799934899291443, 38.24965628818213 ], [ -85.801195900406711, 38.249683289306418 ] ], [ [ -85.801195900406711, 38.249683289306418 ], [ -85.800917898392555, 38.248934287008559 ], [ -85.800248896331908, 38.248917288079149 ], [ -85.799934899291443, 38.24965628818213 ] ], [ [ -85.647277712394853, 38.252236437638608 ], [ -85.647413851929983, 38.252247297731941 ], [ -85.647853856377509, 38.252286296176443 ], [ -85.649144856346837, 38.252386296441827 ], [ -85.649424855560056, 38.252417294887536 ], [ -85.650393854108685, 38.252507297707098 ], [ -85.651373854787607, 38.252587294337893 ], [ -85.651503853859111, 38.25259729647194 ], [ -85.652574856974439, 38.252677296406134 ], [ -85.653374855973965, 38.252736296575421 ], [ -85.654594857528664, 38.252826296807164 ], [ -85.655383856456112, 38.252886294367819 ], [ -85.655664857926112, 38.252906294278347 ], [ -85.655953856897966, 38.252926296796645 ], [ -85.65621485652008, 38.252947294837313 ], [ -85.656423856772918, 38.252967294711738 ], [ -85.657173856466571, 38.253027296689233 ], [ -85.657623856356537, 38.25307629599228 ], [ -85.658494858425414, 38.253147296006816 ], [ -85.658684859450631, 38.253166295422041 ], [ -85.659333856138488, 38.253227295772618 ], [ -85.660093856573965, 38.253276296659244 ], [ -85.660783858940619, 38.253336296128992 ], [ -85.661524856859444, 38.253397295575873 ], [ -85.66168385750683, 38.253407296367847 ], [ -85.662320860367132, 38.25345729564777 ], [ -85.663824857060533, 38.25357729450274 ], [ -85.663944859928577, 38.253587297415947 ], [ -85.665558858354515, 38.253703295484016 ], [ -85.666964859291014, 38.25380629531498 ], [ -85.668094859031569, 38.253896295898755 ], [ -85.668643859439612, 38.253927294773746 ], [ -85.668883859054517, 38.253947294112024 ], [ -85.670474860050646, 38.254056294697556 ], [ -85.671583862872808, 38.254146293848464 ], [ -85.671973860705819, 38.254176294320814 ], [ -85.673413860905001, 38.254287295837266 ], [ -85.674783863319206, 38.254336294016312 ], [ -85.675564864570489, 38.254366294138002 ], [ -85.675683862773468, 38.254377296267023 ], [ -85.676154861152455, 38.254397296372019 ], [ -85.67624486209688, 38.25439729590785 ], [ -85.676943865046354, 38.254417295899927 ], [ -85.677094863633215, 38.254417294480312 ], [ -85.678113864919254, 38.254446295174269 ], [ -85.679434864915478, 38.254477293402552 ], [ -85.679564862190318, 38.254477295214059 ], [ -85.680774863063093, 38.254507295600128 ], [ -85.68204486364435, 38.25453629378746 ], [ -85.682333863261917, 38.254546296316988 ], [ -85.682773864264163, 38.254557295186785 ], [ -85.683063865346597, 38.25456729392598 ], [ -85.683603867309699, 38.254587296187857 ], [ -85.684133863483595, 38.254597295128463 ], [ -85.684323866301042, 38.25459729634192 ], [ -85.684954864858994, 38.254616294998847 ], [ -85.685374864222155, 38.254626293964805 ], [ -85.685684866409687, 38.254636294435684 ], [ -85.686423867196169, 38.254667294446136 ], [ -85.686764867221697, 38.25467729531217 ], [ -85.687553867435057, 38.254696296399722 ], [ -85.687953867467158, 38.254706295383322 ], [ -85.688813864659352, 38.254726295105506 ], [ -85.689433864940881, 38.25474729318988 ], [ -85.69017386548667, 38.254767295854485 ], [ -85.690764866908822, 38.254786292897123 ], [ -85.691264865630203, 38.254796293117778 ], [ -85.69158486728962, 38.254796295190346 ], [ -85.691923866821469, 38.254767293920423 ], [ -85.692264869049936, 38.254747295531608 ], [ -85.69289486702057, 38.254667295823374 ], [ -85.692974869963535, 38.254657296014301 ], [ -85.693114868590087, 38.254636293851917 ], [ -85.694033869325537, 38.254516293393685 ], [ -85.694253870639699, 38.254487294098148 ], [ -85.695324866822773, 38.254356292831162 ], [ -85.695823869846649, 38.254287294123181 ], [ -85.695994868700225, 38.254266292653341 ], [ -85.696084866606114, 38.254256293978372 ], [ -85.696333869793662, 38.254227295551452 ], [ -85.696453867867007, 38.254217292406359 ], [ -85.696624867504482, 38.254186293308003 ], [ -85.697874867924909, 38.254027293997986 ], [ -85.698066870254905, 38.253990292549766 ], [ -85.698273868442627, 38.253966294155774 ], [ -85.698787870303988, 38.253896293420972 ], [ -85.699904868046545, 38.253767295201087 ], [ -85.700354871457037, 38.25370629357041 ], [ -85.700814868603132, 38.253636295357815 ], [ -85.700927869600633, 38.253616295422219 ], [ -85.701654871958041, 38.253526292557943 ], [ -85.701963871155442, 38.253487294900125 ], [ -85.702654871695387, 38.253407294059471 ], [ -85.703163869194029, 38.253366293004099 ], [ -85.7033938695768, 38.253356294033615 ], [ -85.704224869833197, 38.25339729307241 ], [ -85.704692868987109, 38.253429292531848 ], [ -85.704843871602392, 38.253446292821174 ], [ -85.706143870076062, 38.253606294563454 ], [ -85.706124869261245, 38.252986292631704 ], [ -85.706103872981146, 38.252466292938863 ], [ -85.706493870479932, 38.252526291944022 ], [ -85.70760487124474, 38.252507292593293 ], [ -85.710534874622809, 38.252456291000016 ], [ -85.71108387210117, 38.252456293632342 ], [ -85.713004873528618, 38.252436293499301 ], [ -85.714174871870753, 38.252427292603066 ], [ -85.714593873636403, 38.25241729128021 ], [ -85.715223874513597, 38.252407291789005 ], [ -85.717184876044328, 38.252386291933178 ], [ -85.717404876372015, 38.252376291377075 ], [ -85.717483873244504, 38.252346293885864 ], [ -85.717554873654592, 38.252307292654969 ], [ -85.717613874669652, 38.252266293142149 ], [ -85.717793875815886, 38.252166291788875 ], [ -85.71887387700292, 38.251597290979014 ], [ -85.719740875628162, 38.251134292277001 ], [ -85.720704876926021, 38.25059729047922 ], [ -85.721334874182915, 38.250267293569358 ], [ -85.721514876459807, 38.250177293357481 ], [ -85.722013876301872, 38.249916290691516 ], [ -85.722444876711407, 38.249697290485358 ], [ -85.724553877320204, 38.248606292536195 ], [ -85.725173877017568, 38.248287289955826 ], [ -85.725753875662065, 38.247976290476885 ], [ -85.727343878644277, 38.247136292671222 ], [ -85.728323876062973, 38.246647291325807 ], [ -85.729043876255631, 38.246307289782919 ], [ -85.729514875864481, 38.246917291412487 ], [ -85.729843877555723, 38.247346292790219 ], [ -85.730223879168349, 38.247817291003138 ], [ -85.730753876839657, 38.248496290719899 ], [ -85.731433879510448, 38.249367292294075 ], [ -85.731643879343082, 38.249656291929611 ] ], [ [ -85.797633897932357, 38.253356290614875 ], [ -85.795976895483889, 38.253164288467246 ], [ -85.794494897651376, 38.253016290681764 ], [ -85.793544895382766, 38.252896288419635 ], [ -85.79188489647666, 38.252716290420487 ], [ -85.791574897726619, 38.252677288292539 ], [ -85.791024896821298, 38.252616288520372 ], [ -85.789533898025823, 38.252458288175049 ], [ -85.789454897158038, 38.252446287608784 ], [ -85.787704895091736, 38.252227288609625 ], [ -85.786034892852882, 38.252047288061355 ], [ -85.785113894282148, 38.251936290544876 ], [ -85.782723893703235, 38.251677287871907 ], [ -85.78106389493955, 38.251486288556826 ], [ -85.779374890661316, 38.251306291266161 ], [ -85.777743894189413, 38.251176288071065 ], [ -85.776089891903808, 38.250971291297972 ], [ -85.774403890789884, 38.250797290457491 ], [ -85.772863889900862, 38.2506172902049 ], [ -85.772714889102815, 38.250597289404233 ], [ -85.772513892298278, 38.250576290975502 ], [ -85.771144889257499, 38.250417290392122 ], [ -85.769443887918101, 38.250231288371538 ], [ -85.767814890041493, 38.250067289097501 ], [ -85.766403890719786, 38.249887288570626 ], [ -85.766144889792074, 38.249856290580539 ], [ -85.765863890051833, 38.249817290359971 ], [ -85.764773890749012, 38.249717290139607 ], [ -85.764493886306724, 38.249686289719925 ], [ -85.764133889224553, 38.249646291172596 ], [ -85.76356388901371, 38.249586290500233 ], [ -85.763124888458151, 38.249537288434205 ], [ -85.762844886802455, 38.249500290074792 ], [ -85.762454887276618, 38.24946629135853 ], [ -85.762113889414948, 38.249427290163652 ], [ -85.761914888701043, 38.249406288925719 ], [ -85.761483887585413, 38.249357290447392 ], [ -85.761183886995582, 38.249326290312908 ], [ -85.760283885933475, 38.249216288662339 ], [ -85.759543885522845, 38.249136289779997 ], [ -85.757883885447171, 38.24894629109663 ], [ -85.756196888209061, 38.248797290913728 ], [ -85.754544885863893, 38.24862728991404 ], [ -85.75433388534266, 38.248596289423048 ], [ -85.753173883155782, 38.248447291333854 ], [ -85.752903886248362, 38.248406292130255 ], [ -85.752564884110697, 38.248367288994189 ], [ -85.752263886298863, 38.248336289175889 ], [ -85.752090886141417, 38.248314291416527 ], [ -85.751844886532155, 38.248296290957036 ], [ -85.7515038864167, 38.248246290631329 ], [ -85.750314882625005, 38.248116291883754 ], [ -85.749213884346048, 38.24799729031978 ], [ -85.749094882862082, 38.247987290030828 ], [ -85.748563884238578, 38.247946290584323 ], [ -85.748014881775376, 38.247897290857559 ], [ -85.747654883036702, 38.247856290832445 ], [ -85.747223881596227, 38.247817291684775 ], [ -85.746174883414739, 38.247717289823221 ], [ -85.745214883728963, 38.247596289765504 ], [ -85.74491488281609, 38.247567290636134 ], [ -85.744743882670548, 38.247547292189019 ], [ -85.743154880571467, 38.247367292286441 ], [ -85.741113881367809, 38.247126292435823 ], [ -85.739113880890258, 38.24693728946756 ], [ -85.737093878034926, 38.246716292221713 ], [ -85.736304880475416, 38.246626289827702 ], [ -85.736203879049228, 38.246586290501135 ], [ -85.736094881029985, 38.246516292687801 ], [ -85.735783878911718, 38.246747291827539 ], [ -85.734684879727766, 38.247666291801984 ], [ -85.733983879246736, 38.248206289839978 ], [ -85.733794878702824, 38.248386291742847 ], [ -85.733633880876781, 38.248547289780767 ] ] ] } },
{ "type": "Feature", "properties": { "OBJECTID": 24, "ROUTE_NAME": "Market Street", "ROUTE_TYPE": "Local Route", "ROUTE_NUMBER": 15, "TARC_WEB": "https://www.ridetarc.org/bus_routes/market-street/", "SHAPELEN": 148343.521026373 }, "geometry": { "type": "MultiLineString", "coordinates": [ [ [ -85.732563881015821, 38.252597292109932 ], [ -85.732404879660422, 38.252577291402893 ], [ -85.731504878567421, 38.252476292417846 ], [ -85.731303878551202, 38.253896293594948 ] ], [ [ -85.732563881015821, 38.252597292109932 ], [ -85.732283879166062, 38.253796292490271 ], [ -85.732203881222119, 38.253906293644356 ], [ -85.732113880851387, 38.253947292333081 ], [ -85.732003879036682, 38.253976292546845 ], [ -85.731303878551202, 38.253896293594948 ] ], [ [ -85.732563881015821, 38.252597292109932 ], [ -85.733013877853097, 38.2526562901567 ], [ -85.734003878203922, 38.252787291527881 ], [ -85.734734881336848, 38.252867292048116 ], [ -85.736044877983829, 38.252996291616306 ], [ -85.738043880800291, 38.253217291665543 ], [ -85.740063882458074, 38.2534262902374 ], [ -85.742103882485694, 38.253636292757605 ], [ -85.74282388180626, 38.253726290963023 ], [ -85.74311488425802, 38.253757292057422 ], [ -85.744104883674126, 38.25386729122021 ], [ -85.746124880913911, 38.254086292102812 ] ], [ [ -85.730043879269402, 38.253777293977627 ], [ -85.731303878551202, 38.253896293594948 ] ], [ [ -85.730043879269402, 38.253777293977627 ], [ -85.729910879216874, 38.254384290725156 ], [ -85.729761877821971, 38.255241291969639 ] ], [ [ -85.730043879269402, 38.253777293977627 ], [ -85.72750387946644, 38.253497292178487 ], [ -85.727153879498175, 38.253477293884217 ], [ -85.72689387776164, 38.253477293191224 ], [ -85.726653877972012, 38.253497293426229 ], [ -85.72648387864524, 38.253526291718494 ], [ -85.725824877764737, 38.253726292511686 ], [ -85.725694878108271, 38.253767293860228 ], [ -85.725493876165686, 38.253826291578441 ], [ -85.725234875840869, 38.253906293087461 ], [ -85.725133876034761, 38.25393729122159 ], [ -85.724983875430652, 38.253966292192665 ], [ -85.724834876099294, 38.253986292871488 ], [ -85.724244875551875, 38.254076293678843 ], [ -85.724003876835539, 38.254137293852565 ], [ -85.723813874364538, 38.254246291439024 ], [ -85.723053877723586, 38.254866294613315 ], [ -85.722483878112826, 38.255326294415632 ], [ -85.722253875690583, 38.255547292268837 ], [ -85.72181487703898, 38.255856293922612 ], [ -85.721364874389749, 38.256216294987631 ], [ -85.721213876945015, 38.25633629376285 ], [ -85.720753876596589, 38.256696294725423 ], [ -85.720183877198764, 38.257177292456987 ], [ -85.719903875190496, 38.25739629204736 ], [ -85.71947487678672, 38.257737294500679 ] ], [ [ -85.731303878551202, 38.253896293594948 ], [ -85.731123876882975, 38.254647292581495 ], [ -85.729974877577845, 38.255136294721261 ], [ -85.729761877821971, 38.255241291969639 ] ], [ [ -85.746124880913911, 38.254086292102812 ], [ -85.746223884496743, 38.253407292379784 ], [ -85.746344883908534, 38.252706290354503 ], [ -85.748383882806721, 38.252916292132497 ], [ -85.748514881796694, 38.252926290360158 ], [ -85.748684884673509, 38.252947291806343 ], [ -85.748933881900356, 38.252976290738843 ], [ -85.749793882259752, 38.253076289433544 ], [ -85.750404886458824, 38.253147289961966 ], [ -85.751003885986776, 38.253217291548125 ], [ -85.751394886636646, 38.25325629017037 ], [ -85.752054884515957, 38.253327290809345 ], [ -85.753833887117182, 38.253507293053943 ], [ -85.754974886260058, 38.25359729119112 ], [ -85.75536388609649, 38.253626291834543 ], [ -85.756993887060275, 38.25385729227488 ], [ -85.757284884317258, 38.25389629135902 ], [ -85.757464889100959, 38.253916292765361 ], [ -85.758674886954935, 38.254076289415003 ], [ -85.758894884726232, 38.254096290398586 ], [ -85.759413888760335, 38.254137292097738 ], [ -85.759603888362122, 38.254146292277483 ], [ -85.759984886015559, 38.254176290757755 ], [ -85.7601248880611, 38.254186290069683 ], [ -85.760283888303277, 38.254197289716792 ], [ -85.760313888974864, 38.25419728969846 ], [ -85.761973888378762, 38.25440729019062 ], [ -85.763624888581106, 38.254567289939686 ], [ -85.76444488780605, 38.254636291394498 ], [ -85.765024889016587, 38.254687291167322 ], [ -85.765223889216145, 38.254716289555873 ], [ -85.7658348900313, 38.254786289738561 ], [ -85.766983887992808, 38.25494729106282 ], [ -85.767883888393129, 38.255027289397582 ], [ -85.768584889243357, 38.255097289964361 ], [ -85.770204889785191, 38.255287291930962 ], [ -85.771194890071641, 38.255387292014753 ], [ -85.771864891040451, 38.255457292234091 ], [ -85.771734890286126, 38.256136291339544 ], [ -85.771644892069688, 38.256657291691283 ], [ -85.771644890946604, 38.256856290914783 ] ], [ [ -85.746124880913911, 38.254086292102812 ], [ -85.748144882764123, 38.254297293675364 ], [ -85.750164883105583, 38.254497292167009 ], [ -85.751823887255654, 38.254706292484727 ], [ -85.752154885988119, 38.254737292397095 ], [ -85.753544884544667, 38.254886290125064 ], [ -85.753833883991533, 38.254906291198211 ], [ -85.754214884331418, 38.25494729053478 ], [ -85.755164883614185, 38.255056290271767 ], [ -85.755643884709443, 38.255107292409178 ], [ -85.756805884126919, 38.255226292341206 ], [ -85.758013885479855, 38.255387289932258 ], [ -85.758293887778834, 38.255426291223451 ], [ -85.758404886566169, 38.255446293199633 ], [ -85.760074887844155, 38.25560629016347 ], [ -85.761703887935454, 38.255786289853148 ], [ -85.761734886277551, 38.255786290297443 ], [ -85.763394889660759, 38.255956290670781 ], [ -85.764413888177856, 38.256066291979721 ], [ -85.765003888392215, 38.256136290858848 ], [ -85.765313888627361, 38.256177289374278 ], [ -85.765514887062196, 38.256177290554021 ], [ -85.765753888937695, 38.256187292794877 ], [ -85.766094890169086, 38.256226290594135 ], [ -85.766684888261665, 38.256297290340363 ], [ -85.767504888569917, 38.256396291915479 ], [ -85.768354891887711, 38.256486291273454 ], [ -85.76998389140941, 38.256676289542767 ], [ -85.771644890946604, 38.256856290914783 ] ], [ [ -85.729761877821971, 38.255241291969639 ], [ -85.729014877748625, 38.255547291791672 ], [ -85.72845387874294, 38.255766293123116 ], [ -85.727944876057379, 38.256007291229068 ], [ -85.727563876635926, 38.256166292234532 ], [ -85.726454878359718, 38.256647293232881 ], [ -85.724953877135675, 38.257336293086411 ], [ -85.72369387557643, 38.257856294547473 ], [ -85.723044878003307, 38.258146295005922 ], [ -85.722843876768962, 38.258236294297376 ], [ -85.722343876645212, 38.258457294380968 ], [ -85.7214938782557, 38.258787293584589 ], [ -85.721064877134936, 38.258556294641508 ], [ -85.720843876193385, 38.258447294332832 ], [ -85.7202238751305, 38.258106292537953 ], [ -85.719804876922936, 38.257876292579475 ], [ -85.71947487678672, 38.257737294500679 ] ], [ [ -85.771644890946604, 38.256856290914783 ], [ -85.773273890970444, 38.257046291570354 ], [ -85.775004892999789, 38.257246290717255 ], [ -85.776643893603094, 38.257426292276648 ], [ -85.778283891097942, 38.257606292227408 ], [ -85.779954893127567, 38.257797291523218 ], [ -85.781599895228766, 38.257987289699216 ], [ -85.783244895651592, 38.258167292031423 ], [ -85.784954892940888, 38.258357292846021 ], [ -85.785473894079175, 38.258416291776712 ], [ -85.786574896200506, 38.258547292334995 ], [ -85.788213897233916, 38.258727290201684 ], [ -85.788883896937051, 38.258877291796061 ], [ -85.789073897454301, 38.258967290121475 ], [ -85.7892638960477, 38.259046288887383 ], [ -85.789513895007005, 38.25909729013209 ], [ -85.789854896274946, 38.259116290427897 ], [ -85.79019389692273, 38.259147290361909 ], [ -85.791503895260021, 38.259286292252817 ], [ -85.793758896071395, 38.2595182891665 ], [ -85.796474900482679, 38.259816291099071 ], [ -85.797573900181789, 38.259936291251712 ], [ -85.799233901439621, 38.260116289562191 ], [ -85.799934898562881, 38.260186291860279 ], [ -85.800894899809791, 38.26029628891245 ], [ -85.802253898786745, 38.260456288753758 ], [ -85.80246489985403, 38.260486290177433 ], [ -85.802713902024735, 38.260507289415806 ], [ -85.802904900602329, 38.260527291298402 ], [ -85.804373899170898, 38.260666290978264 ], [ -85.804854901629199, 38.260726290045561 ], [ -85.805034903140779, 38.260746290661956 ], [ -85.805654899371035, 38.260797291875413 ], [ -85.806903903913948, 38.260936288745185 ], [ -85.808343901932986, 38.261096288451071 ], [ -85.809794900768836, 38.261256291803569 ], [ -85.810813904366469, 38.261366288348761 ], [ -85.811803902730233, 38.261466289356107 ], [ -85.813113903993624, 38.261616289574263 ], [ -85.813344904871883, 38.261656289069158 ], [ -85.813534905547115, 38.261706291410356 ], [ -85.813764904569908, 38.261787290061186 ], [ -85.814204901666443, 38.261967288735853 ], [ -85.814844905222444, 38.262237290612148 ], [ -85.815244904288093, 38.26236629195153 ], [ -85.816113904489313, 38.262636290686686 ], [ -85.816393906485075, 38.262726291429168 ], [ -85.816663905258565, 38.262806291459157 ], [ -85.817044905939312, 38.262906288927219 ], [ -85.817404905125542, 38.262996292007216 ], [ -85.817664906279575, 38.263066289685291 ], [ -85.81840390597813, 38.263246289875994 ], [ -85.81879490438628, 38.263346288207444 ], [ -85.819493903461989, 38.263526290107244 ], [ -85.819803907945385, 38.26359728993863 ], [ -85.820544907221205, 38.263786288941041 ], [ -85.820824904610575, 38.263857291311673 ], [ -85.82211390415209, 38.264187291078237 ], [ -85.822444908198563, 38.264277291385362 ], [ -85.823244905775624, 38.264496290422869 ], [ -85.823593908879289, 38.26458628883487 ], [ -85.824313905171223, 38.26478628898262 ], [ -85.824514907716548, 38.264837289171467 ], [ -85.825663909174821, 38.26514629050137 ], [ -85.826544908561686, 38.263076289057224 ] ], [ [ -85.71947487678672, 38.257737294500679 ], [ -85.719063874620801, 38.257596293342324 ], [ -85.718394873189212, 38.257377293980831 ], [ -85.717803873491022, 38.25719729409947 ], [ -85.716684875438588, 38.256827294080175 ], [ -85.715533874674236, 38.256447293515734 ], [ -85.715394873883525, 38.256406293997436 ], [ -85.714394873480032, 38.256066293661164 ], [ -85.713573876032186, 38.255806295187817 ], [ -85.712843873265783, 38.255577293986086 ], [ -85.71271387465697, 38.25553629185189 ], [ -85.712454874962205, 38.255446293081413 ], [ -85.711644874930101, 38.255176294404791 ], [ -85.711453873937245, 38.25511729326562 ], [ -85.711104873233779, 38.255007294791923 ], [ -85.710702874318429, 38.254875293856095 ], [ -85.710304872021013, 38.25475729259815 ], [ -85.708814872517877, 38.254287292254361 ], [ -85.708536871517722, 38.254204291982411 ], [ -85.707474872507461, 38.25388629496328 ], [ -85.707234871969888, 38.253816295125965 ], [ -85.706893873898423, 38.253736294648391 ], [ -85.706143870076062, 38.253606294563454 ], [ -85.704843871602392, 38.253446292821174 ], [ -85.704692868987109, 38.253429292531848 ], [ -85.704224869833197, 38.25339729307241 ], [ -85.7033938695768, 38.253356294033615 ], [ -85.703163869194029, 38.253366293004099 ], [ -85.702654871695387, 38.253407294059471 ], [ -85.701963871155442, 38.253487294900125 ], [ -85.701654871958041, 38.253526292557943 ], [ -85.700927869600633, 38.253616295422219 ], [ -85.700814868603132, 38.253636295357815 ], [ -85.700354871457037, 38.25370629357041 ], [ -85.699904868046545, 38.253767295201087 ], [ -85.69996986762969, 38.253945292540095 ], [ -85.700013872351818, 38.254076292753368 ], [ -85.700143869897929, 38.254366292612431 ], [ -85.700444868078648, 38.25503729438546 ], [ -85.700944868386657, 38.256207295829718 ], [ -85.701344869156273, 38.257136292982331 ], [ -85.701453870341155, 38.257326293548331 ], [ -85.701714872617856, 38.257696295359409 ], [ -85.701744868665173, 38.257856295373379 ], [ -85.701683872314305, 38.25832629402931 ] ], [ [ -85.701683872314305, 38.25832629402931 ], [ -85.701344868485805, 38.258306294385498 ], [ -85.701114869692432, 38.258316295963866 ], [ -85.700894868753466, 38.258347295722182 ], [ -85.700214868244899, 38.258447293362224 ], [ -85.69785386916648, 38.258807294661771 ], [ -85.696524866956025, 38.259007295557637 ], [ -85.696124867211964, 38.259077295673578 ], [ -85.695073867592782, 38.259237294215836 ], [ -85.692564869599224, 38.259586296431564 ], [ -85.692344865789778, 38.259617293757337 ], [ -85.690843867587603, 38.25983629484265 ], [ -85.689864869379505, 38.259926294474788 ], [ -85.688993867198164, 38.259996294086591 ], [ -85.688103867738562, 38.260057296813827 ], [ -85.687664865361981, 38.260116295742257 ], [ -85.687134865331458, 38.260206296235019 ], [ -85.68678386641723, 38.260296296560412 ], [ -85.686473867480203, 38.260386296251909 ], [ -85.685734866619967, 38.260607296315875 ] ], [ [ -85.701683872314305, 38.25832629402931 ], [ -85.702554872933732, 38.258427293298155 ], [ -85.70330287299933, 38.258525295408788 ], [ -85.703544869057083, 38.258566294354971 ], [ -85.703743871441887, 38.258607295809938 ], [ -85.704333872791537, 38.258746293597554 ], [ -85.704613870667444, 38.258827294885613 ], [ -85.705013869196279, 38.258946293195386 ], [ -85.705193873445054, 38.258997295553336 ], [ -85.7061248706447, 38.259316294876854 ], [ -85.706694871716223, 38.2594962928437 ], [ -85.707003869836285, 38.259586295270978 ], [ -85.707313874016435, 38.259666294498871 ], [ -85.707623873691674, 38.259726296125301 ], [ -85.706384870380219, 38.260777295615313 ], [ -85.706294872837759, 38.260826296819971 ], [ -85.706124874211085, 38.26089629555031 ], [ -85.705923874399843, 38.260936295553215 ], [ -85.705543869879548, 38.26098629466744 ], [ -85.705254871193091, 38.261006294670544 ], [ -85.704843873247171, 38.261157293439133 ], [ -85.704289872975863, 38.261467296092775 ], [ -85.701493871252069, 38.262986297411288 ], [ -85.701344872666041, 38.262777294820083 ], [ -85.700454872118556, 38.261767296834492 ], [ -85.699783870327636, 38.262127296241275 ], [ -85.698414868367053, 38.26285729540178 ], [ -85.697664868361301, 38.263276295504298 ], [ -85.696344869426497, 38.263947295861314 ], [ -85.694784869384677, 38.264737296214207 ], [ -85.694473870677939, 38.264937296223927 ], [ -85.696153871379039, 38.265576297561502 ], [ -85.6967648710106, 38.265807296153376 ], [ -85.697154867711077, 38.26598729751818 ], [ -85.697313872201676, 38.266077295683878 ], [ -85.697424869351224, 38.266187294821762 ], [ -85.697543868747644, 38.266357294931431 ], [ -85.697574870937629, 38.266426297058345 ], [ -85.697614871152112, 38.266717297979746 ], [ -85.697593872278262, 38.267556297479068 ], [ -85.697614869361956, 38.267627297952274 ], [ -85.697664868357577, 38.267697297062433 ], [ -85.697844869596011, 38.267856297046436 ], [ -85.698244870082121, 38.268126295513966 ], [ -85.69840386978106, 38.268296296644287 ], [ -85.698443869336117, 38.268456296839346 ], [ -85.69845386899344, 38.268646295143583 ], [ -85.698433871177002, 38.268867297377 ], [ -85.698384871612475, 38.269036296767254 ], [ -85.698284871446077, 38.269196295635211 ], [ -85.698183870051878, 38.26932729516993 ], [ -85.698043868947195, 38.269437298223053 ], [ -85.697884872304158, 38.269507295788323 ], [ -85.697744869904724, 38.269546298734646 ], [ -85.697564871451036, 38.269566298108458 ], [ -85.696844868659653, 38.269556298817243 ], [ -85.696233870778215, 38.269476297489042 ], [ -85.696124868000339, 38.269437296295933 ], [ -85.695963869433257, 38.269407297768282 ], [ -85.695804869266269, 38.269417295313403 ], [ -85.695613869604031, 38.269466298720495 ], [ -85.695354870823721, 38.269587297348764 ], [ -85.695224870904056, 38.269716298038709 ], [ -85.695063871594115, 38.269996298109923 ], [ -85.694904870142238, 38.270206296523178 ], [ -85.694803869607597, 38.27030729613756 ], [ -85.694573869073892, 38.270476297344302 ], [ -85.694094869058731, 38.270736296906023 ] ], [ [ -85.685734866619967, 38.260607296315875 ], [ -85.685943865316119, 38.260746297454112 ], [ -85.686044864503501, 38.260846296079286 ], [ -85.686123866019145, 38.260936297211266 ], [ -85.686174868044958, 38.261006295630494 ], [ -85.686523866856362, 38.261436296112016 ], [ -85.686674868329121, 38.261646294854792 ], [ -85.686753869073939, 38.261746295682791 ], [ -85.687153866087911, 38.262237294850486 ], [ -85.68743486761187, 38.262587297702225 ], [ -85.687534869354977, 38.262716294939544 ] ], [ [ -85.685734866619967, 38.260607296315875 ], [ -85.684785864162592, 38.260933295983094 ], [ -85.684223865825061, 38.261116296372634 ], [ -85.682754863659127, 38.261587294575293 ], [ -85.682063864095269, 38.261806295413493 ], [ -85.681361865678852, 38.262036295505922 ], [ -85.680064865332923, 38.262456297733721 ], [ -85.679654864716838, 38.262587297712003 ], [ -85.67876486327728, 38.262876294610614 ], [ -85.678283865750231, 38.263017296510426 ], [ -85.677907865450635, 38.263104297100597 ], [ -85.677454862777225, 38.263197297597216 ], [ -85.677033865008681, 38.263276297259587 ], [ -85.676623863267665, 38.263327296127386 ], [ -85.676244865928012, 38.263366298011356 ], [ -85.67526386184629, 38.263436298327022 ], [ -85.674844862822738, 38.263497297793897 ], [ -85.674444862707915, 38.263577298685568 ], [ -85.673923864135887, 38.263706298469671 ], [ -85.673503863739583, 38.263816296400201 ], [ -85.673346861315267, 38.263855298760973 ], [ -85.673274863943391, 38.263876296323787 ], [ -85.672049860718204, 38.264198296565887 ], [ -85.669953861232756, 38.264757295746023 ], [ -85.669453859908288, 38.264886298205724 ], [ -85.668883860000733, 38.265036296510281 ], [ -85.66838386286932, 38.26517729574077 ], [ -85.66807386338337, 38.265256298482853 ] ], [ [ -85.687534869354977, 38.262716294939544 ], [ -85.687714867157865, 38.262837297493967 ], [ -85.687813866555715, 38.262947295316494 ], [ -85.687993868704353, 38.263146296809715 ], [ -85.688323866015537, 38.263507297688747 ], [ -85.688524866673959, 38.263757296779396 ], [ -85.688593866456131, 38.263837295772937 ], [ -85.688913866130449, 38.264217295794872 ], [ -85.689343865939776, 38.264766298366773 ], [ -85.690023869737459, 38.265627298194183 ], [ -85.69079386926758, 38.266586296110852 ], [ -85.690944867151202, 38.266776296206757 ], [ -85.691124866920447, 38.266997298074237 ], [ -85.694094869058731, 38.270736296906023 ] ], [ [ -85.687534869354977, 38.262716294939544 ], [ -85.687603867822062, 38.262906295621249 ], [ -85.687633866953135, 38.262957296650406 ], [ -85.687714868656485, 38.263066297372042 ], [ -85.687823865054625, 38.263227295209987 ], [ -85.688013866910921, 38.263456297475152 ], [ -85.688143866403934, 38.263616294950431 ], [ -85.68871386706094, 38.264326296532502 ], [ -85.68914486545566, 38.264876296799713 ], [ -85.689834867554836, 38.265747294775466 ], [ -85.690584867952424, 38.26667629650084 ], [ -85.690914870168641, 38.26709729769091 ], [ -85.693903869750827, 38.270847296023042 ], [ -85.694094869058731, 38.270736296906023 ] ], [ [ -85.826544908561686, 38.263076289057224 ], [ -85.826894905023238, 38.262227288830481 ], [ -85.826963909279158, 38.262066289881062 ], [ -85.827223907640416, 38.261446290347138 ], [ -85.827338906766386, 38.261106287570755 ], [ -85.826593906814651, 38.260906290259832 ], [ -85.825253907586315, 38.260556289332236 ], [ -85.824414904196928, 38.262556289822804 ], [ -85.825243905868618, 38.262767290289638 ], [ -85.825843907011219, 38.262876290257857 ], [ -85.826544908561686, 38.263076289057224 ] ], [ [ -85.66807386338337, 38.265256298482853 ], [ -85.667814863039595, 38.265316298183549 ], [ -85.666834862676623, 38.26556729759232 ], [ -85.666773860751746, 38.265586297101756 ], [ -85.666524861978615, 38.265647298603945 ], [ -85.665884858599028, 38.265817296896543 ] ], [ [ -85.66807386338337, 38.265256298482853 ], [ -85.668103863506104, 38.265396295654 ], [ -85.667943861734273, 38.265496298980935 ], [ -85.667824862871001, 38.265567297545765 ], [ -85.666503861528369, 38.266357296716023 ], [ -85.666334859505753, 38.266457297059048 ], [ -85.665884858599028, 38.265817296896543 ] ], [ [ -85.665884858599028, 38.265817296896543 ], [ -85.665114859039079, 38.266026298922561 ], [ -85.663173858722615, 38.266557299901564 ], [ -85.662864860053119, 38.266637296135102 ], [ -85.662183860244085, 38.266817299501611 ], [ -85.661294858765103, 38.267067299426358 ], [ -85.660524858704278, 38.267306298470025 ], [ -85.659423859430007, 38.267676296942113 ], [ -85.658594859693068, 38.267977299695062 ], [ -85.657794858002205, 38.268276299226713 ], [ -85.656417857229698, 38.268824298526319 ], [ -85.655113859793019, 38.269417297703498 ], [ -85.654594859325002, 38.269677298997209 ], [ -85.654443857894364, 38.269746299733242 ], [ -85.654144855672271, 38.269896300287705 ], [ -85.653943858203249, 38.269996299606639 ], [ -85.653654858049748, 38.270147297800477 ], [ -85.653384856905149, 38.270276299017404 ], [ -85.652853856292339, 38.270536299244 ], [ -85.652154855273722, 38.270886298698876 ], [ -85.650264857648196, 38.271816299542316 ], [ -85.649113858701455, 38.272377300187685 ], [ -85.647513856037421, 38.273166301578982 ], [ -85.647394857183059, 38.273226300485398 ], [ -85.646804854098079, 38.27351629868793 ], [ -85.646343856026064, 38.273747299129802 ], [ -85.646053855170337, 38.273896298972602 ], [ -85.64548385440736, 38.274207300941356 ], [ -85.645054854771075, 38.27441630047101 ], [ -85.644933854851203, 38.274477299082733 ], [ -85.644033854650331, 38.274976301754599 ], [ -85.643384853708042, 38.275326299748954 ], [ -85.642473853256774, 38.275827302521144 ], [ -85.641406852801111, 38.276407299883893 ], [ -85.641073853384412, 38.276586301404706 ], [ -85.64091485302292, 38.276676302977108 ], [ -85.640213852242127, 38.277067300217951 ], [ -85.639453853546854, 38.277527302405723 ], [ -85.638934854106324, 38.277856302229516 ], [ -85.638043852658001, 38.27847630062778 ] ], [ [ -85.564173830473436, 38.270937303165312 ], [ -85.563433833357479, 38.270957303667046 ], [ -85.563183832812797, 38.270967302479242 ], [ -85.563024831169912, 38.270976302062095 ] ], [ [ -85.564173830473436, 38.270937303165312 ], [ -85.564203832724075, 38.271307304918075 ], [ -85.564203831646125, 38.271516303676705 ], [ -85.564173832043338, 38.271616303632051 ], [ -85.564113829801514, 38.271716304645544 ], [ -85.564014832156786, 38.271796305051296 ], [ -85.56388383065962, 38.271847304145084 ], [ -85.563753833081151, 38.271876304401573 ], [ -85.56359483214294, 38.271876303799566 ], [ -85.563464830213505, 38.271847302365003 ], [ -85.563334833100484, 38.271786303147735 ], [ -85.563234830393412, 38.271706302227194 ], [ -85.563093833329106, 38.271487302508895 ], [ -85.563024831169912, 38.270976302062095 ] ], [ [ -85.564173830473436, 38.270937303165312 ], [ -85.564314832355777, 38.270937302914191 ], [ -85.5650948311512, 38.270926304038582 ], [ -85.565314831686678, 38.270926302375976 ], [ -85.566624834609541, 38.270916303823377 ], [ -85.568353832685503, 38.27090630378887 ], [ -85.569004835066266, 38.27089630189716 ], [ -85.569833834844786, 38.27088630409424 ], [ -85.571214835095219, 38.270857302446188 ], [ -85.571844831037964, 38.270847302585615 ], [ -85.572204836333754, 38.2708363045857 ], [ -85.57352383493614, 38.2708163020055 ], [ -85.573904833589694, 38.270806303617185 ], [ -85.574233834984767, 38.270806302853856 ], [ -85.574574835126384, 38.270777301673441 ], [ -85.574724833721007, 38.27074630144859 ], [ -85.575543833383747, 38.270616302063274 ], [ -85.576064834167212, 38.270507304138313 ], [ -85.576453836004134, 38.270417303403768 ], [ -85.576924834797438, 38.270296301648649 ], [ -85.577223833620039, 38.270217303323804 ], [ -85.577833837054371, 38.270057303853378 ], [ -85.579934836257934, 38.269437302473428 ], [ -85.581973836962078, 38.268877303323983 ], [ -85.583013836861028, 38.268597303509601 ], [ -85.584164835216683, 38.268296301493827 ], [ -85.585263839237371, 38.26798730360921 ], [ -85.586303839170185, 38.267697301722542 ], [ -85.590924837591061, 38.266457303274471 ], [ -85.593863838749058, 38.265637300376703 ], [ -85.594704840326301, 38.265387301001091 ], [ -85.595523840130639, 38.265177301545584 ], [ -85.596703839438106, 38.264866300668558 ], [ -85.597114841869185, 38.264716299798224 ], [ -85.598254843021721, 38.264397299470374 ], [ -85.599284840664751, 38.264107299601058 ], [ -85.601243842441463, 38.263557300764667 ], [ -85.602313844070764, 38.263246299709259 ], [ -85.602744844340876, 38.263127300131259 ], [ -85.60436484312963, 38.262667301060205 ], [ -85.605063843934971, 38.262497300023071 ], [ -85.605643844031718, 38.26236630019978 ], [ -85.60688484174716, 38.26198630020486 ], [ -85.607124843317379, 38.262207301260773 ], [ -85.607683843869964, 38.262777298580339 ], [ -85.608064845784341, 38.263197300160172 ], [ -85.608464843897849, 38.263657299195948 ], [ -85.608774843779074, 38.263996301603363 ], [ -85.609314843663569, 38.264596299400829 ], [ -85.609703842753845, 38.26501730123362 ], [ -85.609983844615115, 38.26524629986374 ], [ -85.610383842814585, 38.26545729908041 ], [ -85.610523841880209, 38.265516300097538 ], [ -85.610683842347299, 38.265567299371504 ], [ -85.610994844473339, 38.265676298762479 ], [ -85.611444845146622, 38.265856299962159 ], [ -85.611853842800684, 38.26607729915893 ], [ -85.61204384720196, 38.266236302144677 ], [ -85.612244846632606, 38.266437301451312 ], [ -85.612483846006967, 38.266686301986866 ], [ -85.612573843716362, 38.266786302459444 ], [ -85.613004846834428, 38.267257301240882 ], [ -85.613210846314175, 38.267487299896615 ], [ -85.613817844645638, 38.268164301704061 ], [ -85.614224846876354, 38.268617299656675 ], [ -85.614984848370185, 38.26944630161767 ], [ -85.615344846517075, 38.269846302375122 ], [ -85.615653845815856, 38.270206301021503 ], [ -85.615953845741501, 38.270546301163805 ], [ -85.616564847213411, 38.271237299896221 ], [ -85.616934846581785, 38.271636300073745 ], [ -85.618393846649639, 38.273277300039346 ], [ -85.619044847008936, 38.27399730261935 ], [ -85.619764847603278, 38.274786300282898 ], [ -85.620204848018091, 38.275267301554102 ], [ -85.620493846504374, 38.27558630029656 ], [ -85.620783850567321, 38.275897301668614 ], [ -85.621024849786821, 38.276126302956264 ], [ -85.621194849893897, 38.276296301977403 ], [ -85.621334848570598, 38.276447301767355 ], [ -85.621503848568565, 38.276617301790196 ], [ -85.622203849631816, 38.277316303524231 ], [ -85.622994848792814, 38.278086301699219 ], [ -85.623394847567184, 38.278486302547414 ], [ -85.623804846964944, 38.278887303588647 ], [ -85.624563851409349, 38.279716301176769 ], [ -85.624624851577877, 38.279796300803312 ], [ -85.626123851650348, 38.281657302021806 ], [ -85.62669484926144, 38.282367302464294 ], [ -85.627314852157454, 38.28312630361993 ], [ -85.627623850989707, 38.283506302286504 ], [ -85.627963852715624, 38.283927304171932 ] ], [ [ -85.562853831376714, 38.270976304883007 ], [ -85.562574830003726, 38.270986305603934 ], [ -85.562164830948149, 38.270986304501243 ], [ -85.561373829290588, 38.270986302048222 ], [ -85.560823832304479, 38.270976302383147 ], [ -85.560293829946204, 38.270957304949484 ], [ -85.55959482814643, 38.270926303535695 ], [ -85.559393828850801, 38.270916304710887 ], [ -85.559054828920708, 38.270886303976056 ], [ -85.559184827424346, 38.271256305312455 ], [ -85.55998382884485, 38.273066304495664 ], [ -85.560324828549767, 38.273856305610792 ], [ -85.56082382982963, 38.274827304711913 ], [ -85.560954830854072, 38.274866304660215 ], [ -85.561553831576674, 38.274696305291251 ], [ -85.563144831428446, 38.274216303800905 ], [ -85.563523832105119, 38.274076305058195 ], [ -85.563324832253215, 38.273477302922487 ], [ -85.563154831827035, 38.272896302470507 ], [ -85.563083829783324, 38.272536304710329 ], [ -85.563033831369921, 38.272256303377752 ], [ -85.562993832555648, 38.27201730486474 ], [ -85.562913831556713, 38.271487303598342 ], [ -85.562853831376714, 38.270976304883007 ] ], [ [ -85.562853831376714, 38.270976304883007 ], [ -85.562823832862307, 38.270706305134176 ], [ -85.56272383233491, 38.269666304039553 ], [ -85.562643832931812, 38.268756303189207 ], [ -85.562574828441001, 38.268147301413251 ], [ -85.562543832529357, 38.267827302979988 ], [ -85.562533829181021, 38.267686301206055 ], [ -85.562514831468235, 38.267316302363305 ], [ -85.562524832866544, 38.267157303951677 ], [ -85.562553828883708, 38.267007302454566 ], [ -85.562654831509434, 38.266707303601017 ], [ -85.562803832209298, 38.266457303673192 ], [ -85.562953831745816, 38.266257302081897 ], [ -85.563054831378352, 38.266146301904662 ], [ -85.563173829163375, 38.266026300916842 ], [ -85.563334831889989, 38.265907303686873 ], [ -85.563493830821784, 38.265807302127556 ], [ -85.563793832505723, 38.265666302053852 ], [ -85.563954829884338, 38.265606300992701 ], [ -85.56423482888674, 38.265506303600617 ], [ -85.56490483225123, 38.265326300771548 ], [ -85.565333831073545, 38.265207301269065 ], [ -85.56610383050311, 38.264997302075116 ], [ -85.566913830836754, 38.264817303083568 ], [ -85.567943833986291, 38.264606303199095 ], [ -85.568104831089215, 38.26457730188919 ], [ -85.569454830335914, 38.264297302106655 ], [ -85.570513831228453, 38.264076302083026 ], [ -85.571543832145835, 38.26386630008615 ], [ -85.572633831790483, 38.263647302092068 ], [ -85.57321383337873, 38.263497301845867 ], [ -85.573703832528679, 38.26331730275173 ], [ -85.574184831041208, 38.263107300871013 ], [ -85.574454832779779, 38.262966300704512 ], [ -85.574613831584855, 38.262876300814767 ], [ -85.574703832858503, 38.262976302345777 ], [ -85.575384833624639, 38.263696302304268 ], [ -85.575534831938199, 38.263937299958151 ], [ -85.575603834308453, 38.264097301727695 ], [ -85.575723835676399, 38.264567302241325 ], [ -85.575723835245341, 38.264727300904624 ], [ -85.575664834711475, 38.265066302684005 ], [ -85.575574833241205, 38.265287301561152 ], [ -85.575394835378674, 38.265586303326863 ], [ -85.574913835632231, 38.26614630353734 ], [ -85.574683836065645, 38.266527302021366 ], [ -85.57444483559452, 38.266836301768429 ], [ -85.574193835399029, 38.267026303162957 ], [ -85.57384383428284, 38.267257302023715 ], [ -85.573623834904211, 38.267347301884868 ], [ -85.573383835242936, 38.267447301240196 ], [ -85.572943834812932, 38.267547302962114 ], [ -85.571683833575662, 38.267776304111564 ], [ -85.571283833521733, 38.26785630372158 ], [ -85.570944832045896, 38.267897301568311 ], [ -85.57056483457049, 38.267887303378359 ], [ -85.570113835351663, 38.267836301027991 ], [ -85.569693832451208, 38.267707302498195 ], [ -85.569264833597458, 38.267437303479802 ], [ -85.568983832890623, 38.267206300999739 ], [ -85.568784830059968, 38.266977303854802 ], [ -85.568594829920784, 38.266656303834885 ], [ -85.56851483307662, 38.26639630303292 ], [ -85.567983832408913, 38.264727302862006 ], [ -85.566813831224536, 38.264976300449511 ], [ -85.566683831098828, 38.265007302089295 ], [ -85.565783829786753, 38.265226301185614 ], [ -85.564303833289458, 38.265627304234762 ], [ -85.56408383041709, 38.265696301086258 ], [ -85.563843829737195, 38.265786301486848 ], [ -85.563633831057402, 38.265886303758791 ], [ -85.563453832641429, 38.265987303714709 ], [ -85.563324829075867, 38.266087300977759 ], [ -85.563213829746033, 38.266187301669177 ], [ -85.562993832913492, 38.266426301437171 ], [ -85.562874832539904, 38.266596301724967 ], [ -85.562813832050495, 38.26671730182052 ], [ -85.562763828821872, 38.266836303960986 ], [ -85.562704832103492, 38.267097304010377 ], [ -85.562683833099257, 38.267277301185445 ], [ -85.562694830524038, 38.267617304411779 ], [ -85.562733831125669, 38.268116301223479 ], [ -85.562813831258779, 38.268987304900321 ], [ -85.562823829563399, 38.269126301910596 ], [ -85.562934829336029, 38.270106303615471 ], [ -85.562964833333652, 38.270456302413542 ], [ -85.56298383268232, 38.270706302395986 ], [ -85.563024831169912, 38.270976302062095 ] ], [ [ -85.563024831169912, 38.270976302062095 ], [ -85.562853831376714, 38.270976304883007 ] ], [ [ -85.638043852658001, 38.27847630062778 ], [ -85.637904852356655, 38.278677299656117 ], [ -85.637743854137085, 38.278806300954315 ], [ -85.637613852463346, 38.278916300186346 ], [ -85.637413852192154, 38.279067302144945 ], [ -85.637153853556825, 38.27928630066863 ], [ -85.636833852941777, 38.279556302593363 ], [ -85.63645485492286, 38.279877302350727 ], [ -85.636324851416262, 38.279996301137153 ], [ -85.636033855179875, 38.280246303359185 ], [ -85.635723854187603, 38.280516303642806 ], [ -85.635403852746734, 38.28082630146956 ], [ -85.635213850973628, 38.281006302117866 ], [ -85.635154851616448, 38.281066301224371 ], [ -85.635033852788624, 38.281176300585535 ], [ -85.634884851849506, 38.281266302180001 ], [ -85.63473385232426, 38.281317302237525 ] ], [ [ -85.638043852658001, 38.27847630062778 ], [ -85.637733854345285, 38.278636303016114 ], [ -85.637473852186517, 38.278836301306143 ], [ -85.63744485300036, 38.278857301356332 ], [ -85.637053851770276, 38.279166303575991 ], [ -85.636693852290307, 38.279476302784438 ], [ -85.63634385561457, 38.279777301273263 ], [ -85.636203853621907, 38.279886301848741 ], [ -85.636033854124065, 38.280037302441826 ], [ -85.635924852880294, 38.280137301202771 ], [ -85.635594853846996, 38.280436302503112 ], [ -85.635464854772337, 38.280546302652553 ], [ -85.635123852611954, 38.280867300511431 ], [ -85.634913850479762, 38.281057300884093 ], [ -85.63480385420074, 38.281176301061478 ], [ -85.63473385232426, 38.281317302237525 ] ], [ [ -85.63473385232426, 38.281317302237525 ], [ -85.634553850600213, 38.281217303643942 ], [ -85.634233853993109, 38.281006303020703 ], [ -85.633993850223561, 38.280867302819345 ], [ -85.633664854440894, 38.280677303228067 ], [ -85.633593852687923, 38.280767302896521 ], [ -85.633473853703734, 38.280877302515556 ], [ -85.633233852452747, 38.281037301468253 ], [ -85.632843851147669, 38.28125630146598 ], [ -85.632473854714576, 38.281456302726156 ], [ -85.630874850839035, 38.282356301639986 ], [ -85.630524849897654, 38.282536304028092 ], [ -85.630133851451632, 38.282757304469619 ], [ -85.629434851860609, 38.283126303107231 ], [ -85.629304851189303, 38.283197302132081 ], [ -85.628823853266013, 38.283457304087136 ], [ -85.628394853186421, 38.283686302766057 ], [ -85.627963852715624, 38.283927304171932 ] ], [ [ -85.63473385232426, 38.281317302237525 ], [ -85.634633851267736, 38.281426300511697 ], [ -85.634353853072454, 38.281726301874713 ], [ -85.634334854729872, 38.281757302771567 ], [ -85.633733851109938, 38.282426302401738 ], [ -85.633063851471235, 38.283187303134611 ], [ -85.632494853260866, 38.283907303969507 ], [ -85.632383852109172, 38.284056303276962 ], [ -85.632303850999833, 38.284167304489749 ], [ -85.631883852003156, 38.284766301626085 ], [ -85.631353853660684, 38.285586301941308 ], [ -85.630863852477859, 38.286406304144521 ], [ -85.630813852510855, 38.286507303314785 ], [ -85.630503850314781, 38.287067302128015 ], [ -85.630294852481214, 38.287507301878399 ], [ -85.63013385053803, 38.287846302024413 ], [ -85.630003850492741, 38.288147304576228 ], [ -85.629943851523592, 38.288286303228865 ], [ -85.629894852057888, 38.288407303821096 ], [ -85.629614851118419, 38.289037305964428 ], [ -85.629333852839238, 38.288697304478234 ], [ -85.629043853232446, 38.288337302196233 ], [ -85.628814849976877, 38.288037303674827 ], [ -85.628584853067139, 38.287716303791655 ], [ -85.628473852745714, 38.287466302577592 ], [ -85.628413851563693, 38.287266303725204 ], [ -85.628373850864435, 38.287077304726957 ], [ -85.628364852747282, 38.286877304952903 ], [ -85.628364850310732, 38.286717301947938 ], [ -85.628373851700303, 38.286566303589673 ], [ -85.628413852248329, 38.286366302524506 ], [ -85.628454849991442, 38.286216303285578 ], [ -85.628643849165712, 38.285517302073885 ], [ -85.62866485216469, 38.285296302967446 ], [ -85.628643850066879, 38.28515730288408 ], [ -85.628613849417846, 38.285026304587532 ], [ -85.628544850723017, 38.284756302225901 ], [ -85.628473850021649, 38.284606302576286 ], [ -85.628264851782603, 38.284306303874068 ], [ -85.628224850008422, 38.284257304486339 ], [ -85.627963852715624, 38.283927304171932 ] ] ] } }
]
}
